,feature_5,category_1,category_2,cluster1_2_3_4,cluster6_7_8
7581,0.2880994430515566,2,0,1.0685176547376198,2.8561070949374727
8484,-0.8135212477531191,2,0,3.172350089942534,0.2848474424753734
6215,0.9105697787742985,3,1,-2.460041065832322,-4.977810595550587
6884,-0.2506738635515473,0,0,0.27661671349100975,-1.0693316233716408
3647,-0.7890571940628124,0,0,0.3120930209084853,1.6071175353078313
6504,-0.7877025030214853,2,1,1.299389859541247,2.333406119382133
8190,-0.3718857964327489,2,1,0.9891673477619152,-0.0020809472020788256
5156,-0.9110419369066384,0,0,0.28593171863167083,0.5828983755389306
8026,-0.6821661907601881,3,2,-1.8789379659752963,-1.4028395753668788
7246,0.8512398313444247,1,2,0.07006013124216001,4.038070169017648
1514,-0.7507065021661499,1,0,-0.15417644443942588,-4.136661685929078
2313,0.3115987088183432,0,1,0.689730585919805,-0.7071777240504451
8227,0.0907838324161236,2,1,3.6436085728676475,2.331100101379512
1451,-0.8329047592956966,2,1,2.669036301789579,-1.2166347545767955
2020,0.8347635209095312,0,2,0.026073986935999938,0.12365212855722996
3411,0.5853323700992776,1,1,-0.6384585331585221,-1.7023958955627474
8215,0.0953507040216399,0,1,0.3769393277375308,-0.23869894618919105
4085,0.8483440976306567,1,0,-0.0660514462907631,-1.348542433359513
4504,-0.2832358732967603,1,0,-0.28815492295814643,-0.0859432641835111
838,0.5979797732586976,2,0,1.637443621179091,0.8873653783419521
8922,-0.8593438629699597,3,0,-1.714544580525457,-2.75588435843645
2374,0.6879248488963952,2,0,1.8084232498037054,-0.7030896076159365
4952,0.0506199156994362,2,1,1.3280303076959301,1.339858100130012
2906,-0.9068724041854312,1,0,-0.7965580659727839,-0.23752261141936107
8931,0.5894384113104154,0,1,0.26918621037743984,-1.4349747975303409
3337,-0.6774836480569717,1,2,-0.2933561741883945,2.0204917610450956
6175,-0.1443953502521466,1,0,-0.26565450760312415,-0.5171356577675418
7378,-0.2983186457308657,2,0,0.7563337023534228,-0.7276832052684566
450,-0.2598155775146642,1,1,-0.027954005573545892,2.3219564631481044
4453,0.2645674012825247,0,2,0.5111521832389474,-0.16780042358638333
1714,0.3062206765045838,3,0,-1.0542140129735118,-0.4897270639550375
5259,-0.690844788655687,2,1,3.2224904395110334,1.7586286835519733
4734,-0.4863003357815012,0,0,0.7042176358587007,1.3258472005013493
339,0.1700312155019225,3,0,-0.886992411308812,0.533132998435442
8037,0.2821338736534502,3,1,-2.357925187877333,-1.871806352171183
4981,-0.6486999596179379,2,2,1.2905702506069199,-0.1169713737448212
4121,0.8051948902919641,1,1,-0.29318619022847886,2.5323393739961584
7363,-0.803643559797659,3,1,-0.997392858556484,4.909357883525533
2670,-0.1660332957022818,3,2,-1.277493950499919,-0.9816809575326854
1419,-0.1748536013698589,2,1,0.8237055971156338,0.2775821036232075
34,0.8585989610649623,2,1,1.1536378387939747,-1.408561118094597
7298,-0.2789345133096259,3,1,-1.1188736775977444,1.5822154343930117
5845,-0.0554791979947799,3,0,-0.9430066592557964,1.5465536715798816
3161,0.4008457348452645,0,2,0.9144756189041954,2.845322230852755
8355,-0.9060026162460628,2,0,1.2744395311085148,1.315904882207433
1410,-0.4233330864541955,2,1,2.2898197472925546,0.17477186744163034
4149,0.6783976571133807,0,1,0.2562516054002755,0.9169332891093367
2170,-0.3177589731865049,2,0,1.57395867184333,0.09769302994914775
8367,0.2866962920908293,0,2,0.6104807216796406,-2.1454797520716564
889,-0.9423452896550136,2,0,1.6275383051867371,-1.0968651539984202
8453,0.2542169918191554,3,2,-1.0915915072964717,2.5646049125321397
3082,0.4476627784670368,3,0,-3.418267361605913,2.120440347191643
8911,-0.3395655579111507,3,1,-1.1004981578343922,-1.0801195592316688
2244,-0.4606981318054357,2,1,2.7487315030180794,1.8890272634804013
4264,0.9069835742244774,1,0,0.23358184454426134,-2.105951466592503
8013,-0.5889744076405676,1,1,-0.2003153883041895,0.9172320970981328
8511,-0.8154023165821567,2,1,0.9876074355342639,0.40824945885080605
5702,-0.6948244941090884,0,0,0.13459124377693224,1.1561681323318764
432,-0.3902613274613808,1,1,-0.6986909997607922,2.6087944321657646
1654,-0.4414633355893387,0,2,0.5283890069529106,1.4680433508667303
178,0.2342540879178616,1,1,-0.6042547315422369,0.6475289565039838
4383,-0.3337251907252614,0,2,0.5300224880632636,-1.8952695853946266
6735,-0.3119941680394769,2,0,1.053082786164748,0.32444668029049956
7334,-0.5838048779337137,0,2,0.5541511396676432,-2.7278634438445017
2997,0.306050560932259,3,2,-2.0713394077326654,-0.4369512973989535
1886,0.7499566396738928,3,2,-1.4823454115857966,1.227551549844848
8075,-0.1479611904952269,0,1,0.3148425552748374,0.41197472650604067
1786,-0.5819648103255606,1,0,-0.44952235667373597,2.781449728790449
4394,0.3221895986099248,2,0,1.5196842191889621,1.963537079854454
8036,-0.3464539524858669,3,2,-2.3626360893494627,-4.459430730620381
4489,-0.5971681516166667,0,2,-0.06191359940542832,-0.35204259750149874
2181,0.1523208220309606,1,0,-0.5158397087328226,1.0039099528188486
7248,-0.9841325158040548,3,1,-3.001082954761117,-0.3509915981789901
6867,0.0594291660239618,3,2,-1.316202669865044,-1.3560655682759901
2069,0.6342082006575405,2,1,1.735060399088771,1.8119131321666402
6450,-0.2049972462856628,1,0,-0.32570213927866476,-1.0200511844837596
4906,0.4180954432054473,1,0,-0.9553337579488093,-0.14307348953300683
8660,0.5718913129506527,2,2,3.6147238943092193,0.8439906153681322
880,0.5892968974066561,2,1,4.038725274605612,1.1292376373645672
4712,0.8646016649443251,0,1,0.9280796307912504,-0.13251032941150553
4924,-0.116040696318072,0,2,0.9701393178081201,1.2889727262390076
8097,0.851170316581136,2,1,1.9478356414476186,-0.8425957027674945
6685,0.301735440642894,0,1,0.24715437263424245,-2.335645188423633
4134,-0.2069491974898185,1,0,-0.2788116003792179,-0.5907363097594308
3790,-0.9650166839612142,2,0,0.7931612889818495,-0.9015439837184486
4919,0.6218000813835578,2,0,2.301850316748122,-0.6352419776888445
2887,0.0959152237157507,2,0,2.319366012361913,0.4127768229099604
5837,0.4705265928395585,2,0,2.166450770112216,-0.4238002081206593
1706,0.9091686676410312,2,2,1.231220976913379,-1.7955565626867118
1158,-0.8579562461099097,2,0,1.8766779585240305,0.3963875617914645
2306,0.8893392560178417,2,2,0.8901271906558882,-2.5531833808008835
7183,0.1710115106974881,3,0,-1.581408896092277,0.7505629558867776
7680,0.866120672226319,2,0,0.8591961993611824,0.2192050989999932
5353,-0.7932066092359691,2,1,2.0121698220609416,-0.6316553269962312
8964,0.5150017292581079,2,2,1.1050942627350766,-0.5314068270228884
6264,0.3742487810924699,3,2,-1.0701063312903403,1.362945877468064
7383,-0.5275872662840222,3,1,-1.2173424777280584,-0.9021551069887831
8832,0.2911657648188401,1,0,-0.7409172469121078,0.15944183589667732
7030,-0.2261477733289325,3,1,-2.2049904971232257,1.8609518194494046
4560,0.5054291115246672,3,0,-1.9220478798413128,1.3593375982774987
1564,-0.9162473008150483,2,2,1.4694578827149314,0.8691550741636602
1782,0.7054580455182571,3,0,-2.409261472626905,-0.4495618549688989
3799,-0.7885082841260196,3,1,-1.4703185534776433,0.6533920057014945
3605,-0.9179195181752792,3,1,-1.1444421365152162,0.4895597818478043
3149,0.3317864157498198,3,1,-1.2803877522248115,1.88946146962057
904,-0.7019115394791615,0,2,0.4793794920276827,-1.0264769345630893
8700,-0.6335399678572238,2,1,2.592711794890786,-0.5835882859506123
4607,0.1846353519704797,0,2,1.121636063368361,-0.9934555997642321
7361,-0.0229243389966178,2,1,1.0241233281132458,-1.9641530935756009
6073,-0.0323458026579146,0,0,0.8707659734689697,0.4521337831761836
2080,-0.3319311422414481,0,1,0.10862748816364687,-1.0189863365917262
1565,0.7231353653183843,1,0,-0.8124790428530573,-0.6187157781032218
4818,-0.5764946227037315,2,2,0.8985118940106307,2.2792356547816044
8254,0.337021233748328,0,0,0.19764152124683854,1.1039631351107773
5204,-0.7511282011781779,2,0,3.9287589539329186,1.230009161498782
3544,0.1512742719645017,2,0,2.1027241477147802,1.0657643964676413
5599,-0.9301096646891192,0,2,0.783714244503638,0.37708709959911224
5378,0.8424568250812172,2,1,1.1825056377430865,1.3310179274375862
5993,-0.788330371153547,2,0,0.7064007165982946,0.5771222449944394
5186,-0.9778978747219378,1,1,-0.1975086589965732,2.2761703357002703
1113,0.6966487035501259,0,2,0.9491569915800644,0.9612113830352259
2646,0.8730623266847779,1,1,-0.565127610706371,-0.7334939069274794
4580,0.8061306136811521,0,0,0.2825836922900641,2.5703396708513186
5762,-0.4316975203604365,3,1,-1.563632800203984,1.2578656870425065
7089,0.3375427056142199,2,1,1.2155396353932526,-1.2643929597276868
5265,0.3574917395300834,3,0,-1.4344086009183004,1.1285169013660836
2300,-0.1690708758350951,2,0,1.7335337485038624,1.4368346333309192
8557,-0.015074227919325,2,1,3.526482247616054,1.5331772392398253
254,0.2277540399920596,3,2,-2.4256985500305013,0.11813241042861226
7008,0.7675314372492037,2,1,2.1473287387350517,1.3892851276847622
3352,0.4921555208581336,0,2,0.5740310345402095,3.1863364872292483
3314,-0.7689594919362499,1,2,-0.7480236323568692,-0.6002304614188985
5694,-0.8661303835569163,2,0,2.765770848360052,-2.339946803946565
5682,-0.1351163076007246,3,1,-1.0583061643405356,0.09604086392527267
7623,0.1584831277821841,3,0,-1.1121626994083065,-2.8521475738885846
6463,0.982013629973429,2,2,1.0256567485166983,-1.725343441367525
5411,-0.9743873966975012,3,2,-0.7857121979932585,-0.06656560060252213
2589,-0.557820844732777,1,2,-0.30349469167565124,3.704352616248981
7085,0.0662664998072286,3,2,-3.219747984186206,1.0122777096542546
303,0.7378351401779253,2,2,0.9131444738908615,-0.48268856376313485
5020,-0.2575981938918386,1,1,-0.15802284703269728,-2.2723190621604012
3150,-0.5041506345023883,2,1,1.1848793995586897,2.084412723553873
5540,0.1239223423912567,2,2,2.750147270161908,-2.4375776093241743
3826,0.3345463331474512,3,1,-1.8287068233319135,1.3601537730397097
3019,0.9922619521468374,2,0,0.7831659357503256,-1.8154711113022248
1436,0.4700726332483833,1,1,-0.7685159346874048,-3.0804100106157164
3032,-0.8608178111175016,0,0,0.8296259170685409,-1.4421268550564985
6727,0.2624004035934779,1,2,-0.4444640123836546,-0.08975586316709266
376,0.2182570206752874,2,0,1.4636299595464153,0.2979220536371338
1869,-0.0014221021769,1,0,-0.478689437838834,-0.7304397201109243
8756,-0.3381284930287309,1,1,-0.7648576217469207,-0.7599141543160548
3143,-0.4580528461688185,3,0,-0.9498059553411592,-1.6265974936781593
8084,-0.4766290419464614,3,0,-2.0421983879836665,1.8941652570703678
1658,-0.2096152044383854,3,1,-1.2796420970719193,1.736985170910413
755,-0.8307573157148447,2,0,4.563524601599401,-1.2504305483705342
6880,0.0511669256113256,0,1,0.04394473069924408,0.41160654627390797
4367,0.113119605985354,0,1,-0.014718301301404862,-1.3913401521378648
6498,-0.3409419131986129,1,1,0.04183167917544442,3.114952356159074
290,-0.8642597939404353,1,0,-0.42615944828508656,3.132224969928675
2236,0.5297529711823528,0,1,-0.025003466954386905,0.6399668241793924
4793,-0.2365513544399868,0,1,0.36611197141418034,-0.3251639090831793
7374,0.2053982410057266,0,2,0.7271293331204499,-0.7186183422512276
2118,-0.3494072147114597,3,2,-3.988623493213395,0.39919480339420393
6232,-0.5250583216849614,1,2,-0.14104073710192716,-0.08855063324308676
8250,-0.3862562544423555,1,0,-0.7322656813239767,-0.13823197187631064
501,-0.622075076016384,2,0,3.450422106217363,-0.15755408474046392
3768,-0.9556474868716808,2,1,1.0779093620406237,3.2703461518611228
5042,0.4090024634961036,1,0,-0.22429530946334295,2.192032411990111
8520,0.7163151895911013,1,0,-0.4832300772262238,2.37696187192302
1539,-0.6989843010030519,3,1,-4.660090977916545,-1.468246049370431
4949,0.6658475081978374,0,2,0.4953669752808031,0.5286542356209077
1211,0.5765528842299368,3,2,-1.1602946579984073,1.4211798373347684
7552,-0.4694869430996338,3,1,-2.5043413327873685,0.8846359859037665
8198,0.1662309514319333,2,1,3.7553830696573325,0.73120967123468
672,-0.6480825238843584,1,0,-0.7008136805350702,3.6705177575891423
6419,-0.1793684912574109,1,1,-0.5221492663676024,-1.7514218745733519
5167,-0.4377095161876019,1,1,-0.18179012690231802,-0.2148931378279714
2954,0.5464886666972648,3,0,-1.3615366969136282,1.2039434010614196
5723,-0.2184000321887602,3,0,-1.1320075860364667,-1.0577549562329054
5144,0.4008533672881098,2,0,1.3139699647712297,0.17302449971540887
8938,0.8653830731510781,0,2,0.8633810639657555,-1.7240724619799448
1464,0.1956057268303186,3,1,-0.9194700713728514,-0.8692693520426854
5164,0.004631615196269,2,1,1.1657915916209545,-2.1146344163772905
8139,0.1820445183840247,0,1,0.7041057965498355,-0.6237134942785791
1192,0.2928562303277984,3,0,-0.814446099309817,-0.6879142311816241
3272,0.6666249753146889,2,0,1.3878775722452028,0.14556202015790046
2264,0.0733861395114772,2,0,1.377500626528316,0.35713161133573107
421,0.6379278956347545,2,0,2.8872376166053977,-0.793460566666762
505,0.048501167171149,1,0,-0.5274607031318035,0.7129806691832604
6518,0.9471510333505038,3,1,-4.2382565635274725,-1.294189682844533
2623,0.6566833394210219,2,0,2.2108253146860366,-2.1528971744841634
1582,-0.298540431640274,3,1,-1.4588026527815041,-0.13717548847503583
506,-0.7697005776681765,3,1,-1.058971154768355,-2.1233428303404325
3739,0.540447957483329,3,0,-2.070813771621759,0.39412662081771915
2405,0.382804739050713,2,1,2.243255407923808,-2.2154415472093194
8257,-0.7516088477052814,0,2,0.26688252224674625,-2.766664683696343
5019,0.273529372133148,0,1,0.7555950201272369,2.6968224616263172
621,-0.1181993646561634,0,1,0.8873129966885257,-0.9737777823044317
2126,-0.0260172867532491,3,2,-2.283848729310222,-0.5934148615885168
8365,0.5928703551263712,0,1,0.5206109234729943,-0.3083459380509406
4866,-0.2503466004456371,0,1,1.7755434905355263,1.848694605634054
3787,-0.179835682454666,3,2,-1.631087977145404,-0.04033710837318305
2933,-0.9330276984650046,2,2,1.445840494875311,-0.06579954594082589
8341,0.566216320853379,1,1,0.10549824982601685,-1.643609568581175
347,-0.2997204920428182,3,0,-2.240258380877311,1.0206092991445723
797,0.5392636718064834,2,0,1.2068285464771529,-1.7976248571444433
7746,0.5942066462235316,2,0,2.3905974810906603,-0.5461668436305066
2829,-0.6758613485175256,1,0,-0.5676418322062613,-1.9472717163696618
4562,-0.9402992933844034,3,0,-1.6248730252940462,-2.3175575123539023
8381,-0.4744950761221838,0,0,0.3152266934128989,1.424450512845093
7547,-0.2033688168584866,3,0,-1.8522449327461883,-0.9305562794576095
8690,0.1655965693020096,2,0,0.8973913803950371,-0.18327995366204275
312,-0.9343102345020048,2,1,1.4055870353644573,0.5283844388500506
4629,0.1904711519086839,0,1,0.6521668541244734,-0.42986969923300267
746,0.8920124485252336,0,1,0.26265234623762596,3.5504365003205325
790,0.2576112035868496,0,1,0.9825964344463971,2.1999604392844616
2476,-0.0164630531450129,1,1,-0.2869028875015584,-0.847688041767252
2024,-0.9529172245074684,3,0,-4.847542933421433,4.6989871239989744
6280,0.7080059359445092,0,0,0.44636040309768166,1.2292576950324514
2570,0.9595177880320208,0,1,0.34654978224447963,0.13030709735653317
3463,-0.8896954513800404,2,1,1.8520507000379407,-2.364044812102281
4252,0.9597473037030826,0,1,0.26305590391697675,-0.3120825650848636
8439,-0.9817288141471496,2,0,0.6134325260717527,1.869565980556532
5407,0.3060598470971216,2,0,1.7407462419558979,-0.44436839448494375
4333,0.2056858131511658,0,2,0.5899615067989753,-2.711704600755589
4622,-0.9111114693053894,3,0,-1.293937243891192,1.1490614612555394
259,-0.6042540639087322,2,0,0.9062553445972604,-1.1992439766945229
2163,0.9829588029988204,2,1,2.0482063815190714,1.6486410087704468
8237,0.3497382086861234,3,2,-1.492295645047853,-1.2632955838738764
380,-0.9430863006160328,3,1,-1.01769520469009,-0.23860115256528266
4907,0.7329077000388557,3,1,-1.8424383214950821,1.0786419634579942
4291,0.5404542558490053,1,2,-0.4997343282821505,3.7745039225633334
1912,-0.349818319876727,2,1,0.847853932915023,2.6830759985782997
3309,0.1985219721468891,1,2,0.35736591480250546,0.9797358343649325
599,-0.8101389406687545,0,2,0.706117840449616,0.39807933937455003
45,0.5040174915597293,3,1,-1.4348015321632004,0.48694972431505773
1444,-0.3475157950017262,0,1,0.7099512228653853,1.2426579830870967
1652,-0.5113266992385845,0,0,0.0031146320469649935,-1.4292832683145333
2699,0.0291892252703469,2,1,1.9349236007853732,-1.4463921137982743
7909,0.1326260631747871,2,0,1.5101223397032815,2.137839316882715
1893,-0.5685402014996077,1,0,-0.007879883043301679,-1.3827040702964721
1944,-0.553435196038925,2,1,0.9196526933593244,2.0893215250036734
2406,0.8478172615148734,3,2,-2.2520439099554412,-4.805259370817726
5361,0.8248861483137475,0,0,0.34465059886477245,0.38168169894529314
8788,-0.6811032486589546,2,1,1.0738177743559703,-0.9993729912432571
4992,0.2987469560925957,1,0,-0.23413490052551372,1.1199537691796324
1966,0.6368407599458925,1,0,-0.2067323555643324,1.4800995962911723
3027,0.4965767315237372,0,2,0.7281202393028978,-0.21189133225233495
5861,0.8106222955598028,2,0,1.8649021424365388,-2.3899074868148116
5753,0.5607027791937345,3,0,-2.3083348065614304,3.4859165372737873
5621,-0.980578969258752,3,0,-2.143988843223552,0.9569833060032028
1600,-0.2821341935249351,1,1,-0.139466913092733,0.5043054113107214
6006,-0.1413503794406501,1,0,-0.4484929397556588,2.892115545487872
1392,-0.5884567254570201,2,0,3.1922099748657775,-0.08101258858744206
4522,-0.5537305402390624,0,0,0.7819803398817804,-1.3503923370255249
5357,-0.6206401010806801,3,0,-1.4902108292417307,-4.050896734519144
4156,-0.4166610617032278,2,0,0.9907025707912571,0.48139312768105474
4254,-0.2032259175176964,0,1,0.24683792281161465,-0.4786925735010672
6495,-0.3046202898212145,0,0,0.7071539242320484,1.8248806241167939
426,-0.4737018328914626,3,0,-1.4781663086351533,-0.06551137839219273
6123,0.3094458714084305,0,0,0.3327139721327549,-2.659092662043409
8899,0.7993565460123544,2,0,1.0718718888254466,-0.5390459442474663
410,0.4358151327177681,2,2,1.0325879591130827,-1.6315422989122712
8177,0.057678102994114,2,2,2.1615793382023223,0.8959871492482071
8003,-0.2722504018148615,2,2,1.1203564148238097,0.82558313081201
4511,-0.11240698377513,2,1,1.2933509073374616,0.5396663197860866
2486,-0.8363629112508313,1,0,-0.8184228160299958,1.23559865691143
8307,-0.007660601045841,2,0,3.177000988319127,-1.2089536962003642
779,-0.6121380384187183,2,0,1.1684054315473527,-0.4868960633069725
4377,0.8239171793572104,2,2,3.2329491250155566,1.5055985298637264
8299,0.9224378608310212,2,0,1.9057964619028103,0.168750812880919
5538,0.7324435096752129,3,1,-1.986575672934124,-0.941542580797123
210,-0.9949593998494086,2,0,1.007460686192518,0.7101205133236353
2487,-0.2476820877812764,1,1,-0.19977060496213767,1.8920081493115493
6137,0.227149168332428,3,0,-0.8695161341263119,0.2814206910071746
4934,0.2973167809892567,1,1,-0.7084010823997963,-1.9702738464931062
5835,0.7053597311471911,1,1,-0.6639763794910927,-1.188014361067229
7853,0.1262420043731089,2,1,0.8133220703340553,-0.8221203076635263
1049,0.3824106602681096,2,1,2.2047645818452857,0.7075512158724949
8089,-0.6778709733915491,3,1,-1.0780777743904388,0.41661269922045846
4731,0.9585530950053636,1,0,0.011535678275606101,-0.5179805496957663
8134,0.0181461279244246,3,1,-2.6330438938059073,0.9356112197259515
4209,0.3367020813426304,3,1,-1.6742831237780424,-0.08991001152081192
8588,0.1125824094300487,3,0,-1.0731280337402245,2.0649831818863684
5550,-0.8679985427155763,3,0,-1.677605444770059,-0.6993824975075847
1972,0.7077697539708641,2,0,1.2550213055916686,-1.1360571496761602
8505,-0.0347088551640362,1,0,-0.3976400620783733,-0.9402110354255496
2099,-0.838108168442198,2,0,1.231659391974027,0.7096832348012448
1499,-0.9479399435938408,2,0,0.9540824074825556,-1.0340558186129556
1109,0.4392116992213259,2,0,3.3940876633807093,-2.103389510501197
5566,-0.3465213395117801,2,2,1.807449559698087,-0.5277732239571251
5751,-0.3519767682343153,3,0,-1.949463028046867,0.8640548924919939
652,0.5193058369076893,1,2,-0.3063989081345249,3.8113823521588714
6400,-0.660998009637505,0,0,0.5523646519296133,4.643793967102361
2732,0.9229546092363716,2,1,0.9288422790879629,3.68345084157688
242,0.9650090470468952,2,0,0.7898141698899049,-0.9242806139443226
1795,0.0765134423309765,3,2,-1.3945616871450126,-0.61503724904072
1702,0.8354504259686546,2,2,1.0538929608999659,0.7927338151054145
3955,0.705457873353502,3,1,-1.084601820255195,-0.16442676085098362
5615,0.7488326547305599,3,1,-3.951335068773874,-3.535865371008848
4148,0.0656136342178663,3,0,-0.7013259943035275,1.084100855437276
1498,0.436124258657921,2,0,1.791530804837882,-1.360700838758019
2756,0.5284657232933652,0,2,0.411629924268138,3.3470051054807146
3534,-0.275452017455098,2,2,3.2613719676566717,1.0421958699509843
5060,-0.3898114776980266,1,0,-0.5725659316731079,-0.22372027921174267
2178,-0.6493220279254766,2,1,3.2713466919852774,-0.18988906777396086
7533,0.8767407426960563,1,1,-0.4384363785774472,1.2511722891467851
4362,0.3084988568950895,0,0,0.4396634947983135,-3.046137018342043
8060,-0.2097679655478763,0,2,0.37638918557160184,-1.7743819790371422
5198,-0.893409199687853,3,0,-1.3889804647040194,-1.306776154315519
6871,-0.3252778282098414,2,2,0.9619411633109345,0.3237976460838283
705,-0.5573190960673595,2,1,0.6909292904704112,-0.6626669653445011
1872,0.994427522938094,1,1,-0.6179990650093896,-0.17374003443311473
3720,-0.9861261496106736,2,0,1.6516361846308363,-0.6096100563278092
4060,-0.1361307595951373,2,0,1.1952325938027872,2.3328563573749608
4709,0.7426998475711994,1,0,0.15681873939119118,2.8962381852813466
5072,0.037630249873825,2,0,1.072765946285761,3.0134758379664675
8432,-0.205718884455534,3,1,-0.8648881937579564,-3.6685310313464026
7991,0.0022497590727277,1,1,0.08782822070574332,-0.4901220807098272
4302,0.1213695970179122,3,1,-1.7108731307543201,0.9781257583754961
6531,0.6461871825652747,0,2,0.636207204619885,-0.7267716617170047
4660,0.5972175235560666,2,1,2.523448927739968,-2.0744759481821204
6811,0.0727273763708944,3,0,-1.9501343732517142,-0.25923140801420946
565,-0.3783589700880074,1,1,-0.5336904723724876,3.895916616220654
5771,0.0848830172812864,1,1,-0.1511350189398356,-0.17688331492549023
7821,0.965325440999856,2,1,0.9680741416678438,0.4386947060899679
8451,-0.994519014454416,0,2,0.8906105994979967,1.505117542142522
2987,-0.2388954599898456,0,1,0.15390646664511815,-0.36756256663674186
640,-0.5843573254761236,1,0,-0.7832906416050891,-1.5530829557311385
4791,-0.9205555710181172,1,0,-0.8686462451215858,-1.6699656826240268
7364,0.7042419176364598,2,2,1.7108453561972556,0.9727810264323278
2778,-0.894834876356249,1,1,-0.09249231099841364,0.5661858069284649
507,0.3964774507741282,3,0,-1.4031117083533915,0.7965718402093055
6055,0.54425253805262,2,2,2.2871422907112544,-0.38423453996619666
1964,-0.1220255411531168,2,1,1.0397189198500791,0.6277078149796907
6492,-0.789775271771459,2,0,1.7228197241613024,-2.270436945436525
1534,0.8352976524716871,1,0,-0.7733252178955715,0.716733372933683
325,0.4667530586813422,3,0,-2.0793571642711473,-0.5161394706342516
6315,0.034292018717138,2,0,1.0859243977775388,0.7253095319366426
2338,0.2903886722112534,0,0,0.18515675245047258,1.855476105565175
3410,0.6396432557722092,3,0,-1.0663060689404602,-2.06686413871614
4076,-0.269298356631491,1,0,-0.41023837657293843,-1.1254812722997007
3649,-0.7484380551561287,1,0,-0.6566758111959321,-0.8381511495971621
2237,-0.1687833722387528,3,2,-1.5834046942742908,-0.8074136041649239
6485,-0.9619269566203767,2,1,3.9219861921843417,-2.383586210107941
4601,-0.1981675515485228,2,0,1.5987883852588078,-2.489065667883951
7338,-0.1331129212393482,0,2,-0.0337428587836491,-1.1339231889858041
8698,0.2037555785896234,1,2,-0.27617189272347636,-0.9996749926429933
7187,0.2166950168208778,2,1,3.4668348949936343,4.602623218850044
3574,0.8765564974639459,3,0,-2.00791970538722,-0.227634948780708
864,-0.837971710628252,3,1,-0.6953652511738606,0.6299222469979248
4722,-0.755673838331379,0,1,-0.10959508569409253,1.436867440307615
8233,-0.0881864583947804,3,1,-1.0252837315908585,0.7915557930278597
3095,0.1832476129205693,2,0,2.0542912477132034,0.14835963766636187
4756,-0.9952323856758818,3,0,-2.210322015840331,-0.97558652851091
2815,-0.1056661719814948,2,1,1.4107663494767206,-1.9443390865492602
6202,-0.1549896401197326,2,1,3.6731154407763094,-0.34546079197636753
5282,0.4014784172513637,2,1,1.4111909010598658,-2.630984065338406
371,0.6904235727568844,0,1,0.9394213675908947,2.713684800290878
4472,-0.1440693729302786,2,2,1.9778465142769195,-0.6444306710672222
4609,0.7632834682631735,3,1,-1.4875539057272658,-2.344008695339776
5821,-0.4438194056366897,0,1,0.43462814587619136,1.430445697802378
2542,-0.0835650334480608,1,1,-0.3796667988797683,-1.7884554226772071
8587,0.9410124724538192,3,0,-3.225949200009101,1.5946910511099253
4747,-0.179881472431439,3,1,-1.79521126787842,-1.0099406210968063
6932,0.2200931636674725,0,1,0.371475341726031,0.4919759380830204
6797,-0.7338863801816347,2,1,2.345618829284251,2.3179255179256013
8803,0.2270189130743738,2,0,1.074710588462359,1.3797965764405822
2364,-0.6196236109220985,3,0,-0.925159652178395,-1.2078253723264867
5554,0.8500864039783658,1,1,-0.29280432417696484,4.211954538156376
1360,0.2818921261102542,1,1,-0.2313023127600597,-2.263530438811971
911,0.3464687949904821,0,1,0.5044077977878269,0.9095531171988207
8068,-0.363224875065878,0,0,0.08608779777478075,2.965415985523356
7618,0.9176727678223184,3,1,-2.018342947595306,-1.1790288620107199
5255,-0.0991115280484264,3,1,-1.978937764633519,-0.20332937749411542
7841,0.2487381143207243,1,0,-0.4779195158278602,-0.9318792552188735
3733,-0.5210639229678737,0,0,0.554051859282242,0.5970540427789068
7913,-0.433640556361937,2,0,0.9090820091921066,-1.7031150065522702
964,0.8164729875530432,1,1,-0.06504685945754221,2.1846486497809643
3933,0.402109928547262,2,1,1.0727175791314645,-1.0535805580735464
1423,-0.8083235418694943,3,1,-1.1245166653679337,1.8515354229568597
122,0.954788041648531,2,0,2.410966426519449,1.6190421605916534
479,0.1155784037288161,2,1,1.8361144020820683,0.2508466624180171
662,-0.9310248271360656,1,1,-0.11224627559678374,-1.2595095753474503
7375,0.6068648294039456,2,0,3.0868018633755163,-0.020017165908164564
3704,-0.2711057578436826,1,1,-0.24969339177317051,0.47949547193211844
3248,0.7408788932279378,0,2,0.5165850314568434,-0.8474976563007109
6383,-0.1355184367855388,1,0,-0.2467936618743369,-3.5154792008852627
2988,-0.265656857838441,3,1,-1.0550191418837764,0.9795249500132152
5155,0.4589156052958887,1,2,0.15320351925069042,1.1559339019656498
2776,0.2839242478907171,1,0,-0.7165832947768402,0.36401255944414096
439,0.7246974988983141,1,1,-0.15799990380019802,0.8648975722198177
1379,0.5126599571212289,2,1,2.7213739350525796,0.660021052114847
8222,0.1355877237552045,2,1,0.6866423703540149,-0.906395245225327
3382,0.4242642203565934,0,0,0.16972647853638315,-1.0239511152942466
6851,0.1733284060881634,3,2,-1.294154664714508,0.003859785934830065
4693,-0.0759946367641279,2,2,0.68095162182383,1.2845982008051697
1443,0.9741759681076408,3,1,-2.2830958094799083,0.4897457115730379
5359,0.92617889570131,1,1,-0.5153211878176429,-1.2160357408882128
6706,-0.3040064959526152,1,1,-0.6346695199836672,0.6175258406274198
1477,0.9248268039794284,0,0,0.8395030203275191,-1.3537553571470882
2039,-0.3418550371404083,3,1,-2.798042370377922,-1.0391586451542663
1173,0.1201389041730971,1,1,-0.35520786358313755,0.8819066929582084
5537,-0.3852322811279687,1,2,-0.8150208857148968,0.5286519389404388
8238,0.6081371440256198,2,2,2.4299635050716515,-1.148836390602374
8348,0.2101264991711582,2,1,1.1453759087874023,-0.1890201340080265
4896,-0.7472535746733573,3,1,-2.6116388278459945,-2.1449157632547
5120,-0.0723064452203308,3,2,-2.317263277180142,1.0676982870710796
7148,0.4730665344433669,2,2,2.0271883893719886,2.7757591595605717
2893,0.6191802214133968,0,0,0.5739330190531011,1.06807443483733
2669,-0.4744712117426324,2,1,0.863260971515894,1.6853411906852749
4231,0.1133975466490999,2,0,2.1795789334505584,1.9940367575415496
279,0.7554290352510287,1,0,-0.5446335131493899,0.23431234419008887
7067,-0.4852497433193581,1,0,-0.30550500698895516,0.31587518333935694
5422,-0.6374642748951214,2,1,1.4471083552859385,1.870486058544844
4920,0.8797965537161374,2,1,2.937330035500191,-2.36627816774867
2571,-0.4584524077574967,3,1,-1.725726707649632,1.0343395493486451
8309,0.9910738673388496,1,0,-0.15894296251611753,3.4217509183184434
1101,0.6333743544581019,3,2,-4.659915647122437,-2.1372316814363015
568,-0.7100213029691056,3,2,-3.1159525928038776,0.5625843195471104
1694,0.9723563922257707,0,1,0.20098956031999296,0.5502571115400673
3182,0.8442552373579393,3,1,-1.7312708307483975,0.21139939693449383
3771,0.6868068596663381,1,2,-0.7039350988845772,1.3435154027328304
3593,-0.6652744150336805,3,1,-2.025299908314536,2.769636120993338
8357,-0.5053680076240672,3,1,-1.6555255294983238,1.735387323512734
3296,0.0340676967509971,2,0,2.757200025277747,-2.0225557418053666
577,0.5708858685055354,2,1,1.4251673615547242,-1.4778990552246671
59,-0.5916575094420484,2,2,1.2968561626159447,-0.7670732875002861
8149,0.1061214680112059,3,2,-0.6961477221828881,4.582124762791921
787,-0.5592480279582215,0,1,0.7476294110203264,2.7938008793026317
3723,0.7892412786890517,3,2,-2.8806033249258967,-1.8268603935006669
4284,-0.868100401320063,3,2,-1.27777969173481,0.4583797903360056
3206,0.4560605024109212,3,2,-1.0969661936750832,1.454268621324953
6255,0.5175229407574098,3,2,-3.589248233336307,1.5131273971841128
5267,0.008628085993364,3,0,-0.9706828268044474,-2.049636013291955
5945,-0.1842014978601629,2,2,1.7114101609218968,1.372476466257339
7224,-0.3832735122331101,1,0,0.18542996400187706,-1.3299018915498646
3469,-0.1445407303722277,1,0,-0.18820661854733498,2.7715980377019602
3322,-0.7607398420404452,3,2,-2.7827003531075776,-0.7972593159256177
7188,0.3792340715329738,1,0,-0.560851207584494,2.517879798622876
4698,0.4134526854419322,0,1,0.04886733049390507,0.7431332274066514
335,-0.8091481587148466,1,0,-0.2892160808701595,2.8430646289545507
7162,0.491186116140712,2,0,0.7934302543243859,-0.5170712738168296
4626,0.3825853179177929,3,0,-0.9975043489020801,1.5145166928754417
3524,0.1160540782040622,3,2,-0.7792921546341581,0.17816184639408214
4937,0.6587552533662795,2,2,1.7273414170139514,-1.2323068885154658
467,-0.9322399437043498,2,0,0.953913049465505,2.013971673022686
184,0.6993322176106196,1,1,-0.2194644919270023,-0.20323587959684572
3656,-0.9591738135496816,0,0,-0.03260313053708491,0.7809067097165917
4372,0.5359278040963567,3,0,-1.6861274265989121,-1.6244578035148143
420,0.9046085471465206,2,2,3.309097633908505,0.21694509438613516
2350,-0.9890171982608956,2,0,1.5680383356514183,0.19665087859146868
553,0.7594891456031094,0,2,0.437323130747041,-2.424733664386277
1397,0.18330632066667,3,2,-1.4002666675570885,2.424208751433981
1384,-0.3736775883724195,2,0,1.1585324334516138,-1.8601666508375623
3573,-0.3408400990762095,0,0,0.0019987232605291547,0.40463346318567206
4057,0.1074198520652209,0,0,0.6129817205939008,1.8043570641132878
1760,0.1474415953931935,2,2,2.0005887407593663,-0.5040653650158872
3509,0.7621920952162526,3,0,-0.6778993496637855,-1.803145890154161
297,-0.4337048209312693,0,2,0.23517081486346797,-0.2567105882941297
443,-0.568945378191215,1,0,-0.17089564925749542,-3.2266706796016265
777,-0.0402390632622289,1,1,-0.5092021816225618,-2.402528345853586
1119,-0.7705332785022627,2,1,1.4396966769060369,-1.7492304118127189
5227,-0.4040483851152701,0,0,0.7847089568418061,-1.5172923670605039
7739,0.9218930765973145,2,1,0.8256317882532295,0.8570453419022774
6088,-0.7757522404297625,0,2,0.23715342315583765,-0.9920889942343788
1921,-0.7282369055462892,2,2,1.0226277427272779,-0.4279845180120443
655,-0.4595533119062287,0,0,0.11907942865789475,-0.3558167911240167
8228,0.9543829001045988,1,0,-0.369623275419829,3.0017726790878414
2229,0.4338151902380165,2,0,1.652850264001634,0.32082964192078084
7488,0.6223004624911437,0,1,0.1874563799285269,-0.6254645210570892
2842,0.1870147859258635,2,0,2.24505707589966,1.0151010672096552
2537,-0.2711754574886951,2,0,1.5766445251788115,0.5524901150106971
6118,0.8208208461562203,2,2,0.8589609874342884,-0.9382166517778211
6771,-0.3451007353619932,0,0,0.05365942596147357,1.9285716992214945
2540,0.6058706062076165,3,1,-1.1772250357979597,-1.1334831752231522
3909,0.3613924588380988,3,0,-1.4352196763769094,-2.3801324303533735
5187,0.2210967133786088,0,2,0.36939162316776153,2.373031555524415
2457,0.3973005104439568,0,1,0.48780145073769693,-2.0188246197362205
2578,0.0966934701260004,0,0,0.5811975296977709,2.6971530155877894
7580,-0.3958388010273108,2,1,1.640214482530263,0.49405073070112265
3455,0.267939912282034,2,0,3.2908268718890303,-1.4849337037753187
7837,-0.773523467502818,1,2,-0.3652338481732175,0.009850728340435664
2758,0.2017206576749695,3,1,-1.9527430762018367,2.461215367870569
6577,-0.7484155637774876,3,0,-1.6241562049419374,0.9815953572067833
5929,-0.4959560505516645,0,0,0.6375015236893367,-0.7407503113693421
558,-0.8866248020926222,0,1,0.537418918835649,-0.5164935801754598
320,-0.8325711828603894,0,0,-0.03847289600351557,1.3312090644233254
3039,0.0238216420971537,1,0,-0.4368960835404603,-0.03555023694264747
1371,0.5235045320720344,2,0,2.761434677328449,0.1393346454206662
8655,0.5282508996117912,3,1,-1.757590480088318,-3.8993841673341563
907,-0.2242837199592895,2,1,1.4780944489023558,-2.5068609712302257
5331,0.2410546289328259,1,2,-0.4869503272704321,1.1672388685488158
1433,0.6982685941478812,3,0,-0.9862751292723633,1.9265683510802625
7793,0.5813531028782104,1,1,-0.5738400243863133,0.06797799528322129
5396,-0.703926392996828,0,2,0.63952168755642,1.8255555251703248
8414,-0.005311930371793,3,1,-1.0713628274941214,1.280355384816625
7297,-0.3732338394078667,3,1,-1.8971825514546647,-2.3538152363911258
6850,0.7842242812755331,3,0,-1.692994476390434,-0.6836946378155281
3159,-0.0701051703038186,0,0,0.5207038343624157,-0.08226390815101182
6940,0.1703336449060377,1,1,-0.909668066891091,0.4177862179926856
926,-0.7473636176529059,3,0,-0.8859652365218809,-0.12915467669191966
4951,0.5211995324154832,2,1,2.2636792055994666,2.084105047837126
2470,-0.3420998584463599,2,1,1.793918485515796,0.30147391541393254
15,-0.9055833670082332,3,1,-1.0190227913274108,1.2436573392672559
143,0.3112394708652799,0,0,0.40574002303108264,1.7873997922230398
7814,0.4426487862910195,0,0,0.14431479635074373,-1.9387821321262522
2363,0.5280147841890985,2,0,1.873909908144548,-3.05969375285763
5262,0.7475730757386081,0,0,0.39640808195490096,-0.3131835424932886
7784,0.8806476583568259,0,1,0.3527327818285933,1.0962221120259033
1161,-0.3031812852801174,2,0,3.77105940487441,0.5862303935549109
4721,0.6017399430136019,2,1,0.7126752016005254,2.3216330829029155
3349,-0.5397480145796625,1,1,-0.2157066838526756,2.6675601339617323
4411,-0.1852089180423135,1,0,-0.25182838725710316,-0.08366745722537693
5386,0.2986830869226935,2,0,2.031760960151369,0.15219020128477653
1204,-0.7489908078627858,0,0,0.17132979751477626,-0.4266628348203128
6827,-0.5247860263184883,1,0,-0.20070296411667102,-0.39944546151452154
1362,-0.394340878239761,0,1,0.15049779816302056,1.7883507016313247
4280,-0.6767537381922255,2,1,3.1602477390862918,-1.2738371236807602
1212,-0.4301043370873378,3,0,-1.147849907470282,-1.0535860619530326
1876,0.7830129991301642,3,0,-0.7816965365423179,-1.5227762875227568
7927,0.2843376150896037,0,2,-0.03882754094661871,-1.1269592587754516
7220,-0.5398443879606831,2,0,1.8973007209842472,-1.3834358132243354
7384,0.604909190559368,1,0,-0.6202262301275856,-0.6788707941695931
7607,-0.0795710749524503,3,1,-1.0860022041060946,0.3105939337129317
7965,-0.4466533592890884,1,0,-0.9464949867926081,-0.9464233761767394
7399,-0.7957520871830572,2,0,2.362341035099959,-1.339907826919445
1170,0.7651552182179795,2,1,1.5260604402457647,0.5152583485503631
579,-0.8141453199689914,2,1,2.0641243704461227,-2.5394727580289014
2182,-0.8485071954572663,1,1,-0.3017028849116048,-2.0909672912014625
4022,-0.6123241409962692,3,2,-2.866435867923029,-0.25614376856087856
3624,0.6673442842152992,2,1,2.97999951340656,0.009503464087875946
3885,-0.5386033774156216,2,0,0.9058370567159533,-1.5968634865004878
1833,-0.8192180158355873,0,2,0.45992591512592407,0.9626413837525701
6720,0.12312886162543,2,2,0.8939050083766418,-0.046272653276572234
1825,-0.6502699555746523,0,0,0.6849366236818237,0.7530645960307477
6462,0.9669357350593052,1,0,-0.3195749138423073,0.13539558620365685
1859,0.2002546941159517,0,1,0.43381219349841516,1.1005117798047026
3742,-0.2155719842070176,0,0,0.6007457315155862,-0.5407490467405186
3615,-0.3091964293832219,2,0,1.1747455163386065,-0.8570235481989514
2685,-0.8657931494635012,0,2,0.7089102556039627,-1.8014696962748429
5125,0.1669053790663222,3,1,-1.200012876718537,1.3873593217415656
3749,0.4325549604674159,3,1,-2.6899663776113045,-1.897956050015205
4528,-0.6469804441697602,1,1,-0.028534188989341375,-1.4842413031716404
3121,0.5473935530746257,3,2,-0.9397807592636029,-1.2749784322875444
387,-0.7837726848811832,2,1,3.1270804704288104,-0.8658632304335533
7139,-0.0101179995761637,2,0,2.1963145445387173,0.25319643435828404
1032,0.2494180545246176,0,0,0.8114791865551442,-1.659572362734411
6314,-0.7642275317015266,2,0,1.7760689189558632,2.8491285096104284
2488,-0.5250027835077289,0,0,-0.04268513841058115,0.3108345674458479
2286,0.07455919161565,2,0,1.1168990484843566,-0.611990063069613
3187,0.9525203611220898,2,0,1.0569971137713647,0.10230106430691953
2629,0.4182644263207784,1,0,-0.6851695499293087,1.2445939106767971
3813,-0.8554947749852888,0,1,0.2022420761229866,0.5748137443799934
6211,0.8723149629138898,0,1,0.33164819028026093,-1.1927307438312347
3058,-0.9682197684225616,3,1,-2.0077888468700715,-0.8451794290740119
4879,0.768742118035334,2,0,1.6008625135776704,-0.15856914979519987
931,-0.8279669149259792,2,0,3.039729033316019,-2.247767211002161
6586,0.8961743926604189,2,0,2.195033310234061,0.4351222786372178
691,-0.9661209961552628,2,0,1.8343422607273885,1.2573177298366676
7762,0.6344133081014578,3,2,-1.8907235784768628,1.5010271028291184
1891,0.0973335606043073,0,1,0.052665650107359574,-0.9478004050228868
2268,-0.6830218821530445,3,1,-0.6323309671537051,1.096290690891528
5366,-0.1928107213482548,2,2,2.0919360335405575,0.8877277904601977
829,-0.9506829928758732,1,1,-0.4357342140786615,-2.4234365158550895
5180,0.6885209333635847,0,1,0.30055580797515097,-1.0334405578633135
7882,0.6689319148583699,2,1,2.126446751678563,0.5024217807957557
3685,0.8420983528165589,3,2,-1.1628101657268988,-3.230009715827144
8492,0.4190442772723324,1,2,-0.41762642237521197,-0.4850972116904466
44,-0.2053570720855,3,1,-2.437153381285948,-0.7854452074477107
3101,0.6269907300740885,2,1,1.3644331046480467,2.457746531092541
4230,-0.0129621700878421,3,1,-2.4447497407167327,-4.047178806452312
3012,-0.5019119160359304,3,2,-2.200945729592244,-3.1545066158944786
3454,0.4585960803627262,3,2,-4.72627424301603,0.6058184751787844
3355,-0.5149510610066665,1,1,-0.3575356614964979,0.13996438153313265
223,-0.4367560634217979,3,2,-2.8887081450948253,0.44261540460664817
2965,-0.2774645582066462,1,2,-0.4567251497215873,1.1993835970244675
1187,-0.3748911655932909,1,2,-0.5026263426330588,-1.4417747530462586
7122,-0.8174664611504554,1,0,-0.6960318061707587,-0.9114281557798312
837,-0.9130690282304192,3,1,-1.8873023675247242,0.47496452172211717
3396,-0.4126973482081999,2,1,1.1361665164689645,-0.7009745073045841
1683,0.6457201721205323,0,0,0.37679389927822704,1.8574044052114342
7523,0.807888319540079,0,0,0.6587511746016567,1.467427922315694
3059,-0.8639253783131127,1,0,-0.35900382132638287,-1.0514634258744167
7766,0.8695732105208362,2,0,4.193825670563504,1.5471630769300548
6936,0.6521845557215724,2,2,2.008333612358279,-4.037999750207487
63,-0.3920772565930519,3,1,-2.2150217544912385,1.0425406400209594
3092,0.5325143719199588,1,1,0.030052460347543074,-0.09658942322336911
617,-0.9871130633322144,2,1,0.9819672562517049,-0.12639127907139358
5015,-0.998755058869656,3,0,-0.7696117705429274,-0.563797093906612
6361,0.2279902737919061,2,2,1.87927534639375,-2.2558822080939547
227,-0.9501349306699408,3,1,-1.7172575875298683,0.29746733416035487
5040,-0.1445404913680779,0,0,0.865174573936204,1.698912640070988
6915,-0.5001213017401955,3,1,-1.957301291770506,-2.325518863973722
8055,-0.0513220735854893,0,0,0.7555203350030925,0.018090062359552666
3195,0.7585338384113625,3,1,-2.920706662803237,0.963889916378589
7594,-0.2653548834322723,2,2,2.263664787333217,-1.9747974825503534
5339,-0.7689431603154016,2,0,1.519250566637456,0.7127451650160678
4513,0.163034861009039,3,0,-1.4286155526317748,0.15589298688005634
969,0.3494100863662963,3,1,-2.340064149153679,1.7042423154667052
1805,0.6793560689214309,3,1,-2.7164003281770785,1.3822847861173795
2447,-0.1418714630176052,1,1,-0.21639263599142328,0.36913022416310887
925,0.0473539441259576,3,1,-2.4721058137401535,-1.2796856028637782
6788,0.467657096458989,3,1,-1.8607589492403276,1.9974080699269179
5814,0.3357647354857906,3,1,-3.543124784462492,1.7252316131519703
5193,0.1005078880004142,3,2,-0.9082779785873452,3.9732080185605327
8833,0.1989204799978285,2,0,1.2926252566040013,-1.2458245379692163
4532,-0.1319413026903533,2,0,0.9748798668122133,0.3079518962697029
2851,-0.6148831496071252,2,2,1.480800288362272,0.872995352482642
7293,0.0646308305052409,3,1,-1.5081923280715557,0.4614188326765037
4169,0.7297599532062069,3,0,-0.5879398621433276,-1.3791814418180914
1860,-0.7852535711034854,1,0,-0.14137889493065056,2.0050818025728776
5935,0.038392593025913,0,1,0.5365120104710343,2.4157001051904543
4808,0.1097232460723518,2,1,2.3330474160785153,2.131234112107481
6279,-0.3137780557955474,0,1,0.23983435439091166,2.529492241208466
7538,0.1718644562104312,3,2,-1.3886117664826703,1.2842252974482233
6674,0.1537290470084265,2,0,1.528838196022261,0.05325732284813206
252,-0.4802609747401754,2,0,3.54679535064299,1.2061264132642886
8103,0.0765569516872584,3,1,-3.0106691848006886,1.782338966044127
6352,-0.6440041872683011,3,2,-2.143851645035532,-1.994967588872288
1789,-0.8185942061238196,2,1,1.9799921264095928,-1.173828963035702
6740,0.2988885485770329,3,2,-2.878628160082512,-1.2189715098797849
2059,-0.5418035371115342,0,0,0.6520735245217008,-3.0950025317445395
7154,0.2749826691496861,1,0,-0.3324101468213101,2.0145002583001457
3047,-0.5844862288049635,1,0,-0.6078942407187475,0.2786620909076772
3543,-0.417978810169572,3,1,-1.8019406523824841,0.6850494297732622
5841,-0.8398903986865769,3,0,-2.060738311980084,-1.5684060188513624
1902,0.903251320946513,2,0,1.8884040326416711,-0.9711143426026917
2750,0.5233708369447352,2,0,3.002404852307659,1.4328695355789314
2119,-0.1370593646688795,1,0,-0.04662080611477597,-0.08378404360153667
7226,-0.3145661976671698,1,1,0.07635492186566144,2.1280546721062614
8005,0.4052754711374891,2,1,0.7480345585779398,-0.08930420003448597
3979,-0.8961659297587885,3,2,-1.7482859172979337,0.7836343474696728
2689,0.5956757385627482,2,2,1.1033005818271724,-0.6696823656952798
5848,-0.6376226220244168,3,0,-1.4137204511439683,-1.352858443508298
4275,0.7293558955916364,1,1,-0.4232984445245141,-0.8289205294043027
1923,0.2013811976168962,0,2,0.3330687806170032,-0.1510871656028152
5577,-0.8052001122834476,0,0,0.17746806055507003,-1.273745129444643
75,0.5099347952119271,2,1,1.4703128091140238,-0.9956480184358539
2345,-0.9985899763276956,2,0,1.8219940012218836,-0.3360201352632808
2351,0.982612163117908,2,0,0.9919657151807634,-1.9786884153715103
6742,-0.6858996432308313,3,1,-2.661351354288493,-0.8271206680319686
430,-0.0372193394016846,3,1,-1.9617669472292163,-0.37361269091801935
6670,-0.8452727863316489,0,2,0.3546608229032694,1.7156144154471702
8822,-0.9923867111979628,0,0,0.32440597763151,2.273330862651067
5532,0.2329371166851326,2,1,2.18656066521641,3.47185053493426
5428,-0.3866667902358374,3,1,-1.3917626992547207,0.5174926896607788
8456,0.3071966500031327,2,1,1.1771491089108514,-1.0229637563212461
4024,-0.7488494707892601,3,2,-0.9896745384376558,0.7965467037994228
7370,0.8464175332813011,0,0,0.41222477224686177,-0.6727118797168004
6547,-0.13188244521553,3,1,-1.3354371434530035,-0.8644084625069138
6664,0.434202888732391,3,1,-1.070453053435328,1.0307069393132722
3412,0.007200068506493,2,0,3.214409989816308,-1.7155418050589122
6146,0.3672934639345531,0,2,-0.056532974270178234,0.533809610353019
240,0.1786694981959271,3,2,-1.0184729304579572,1.1335569043370926
783,0.2202730980619056,2,0,1.10301637829502,0.7246663320029967
1354,-0.2366025586535882,3,1,-1.0220942701072508,-1.1316230663419078
3066,-0.4411494422226578,2,1,2.8629511502852933,-0.9220712052583497
6380,0.5191533626816855,2,1,3.268331119580358,-0.8956143836251368
977,0.5201150709706306,3,0,-4.207224225617814,1.9424380740508103
809,0.6923866733785353,3,1,-1.515849432351821,-3.048619111364525
2168,-0.6891943003418222,1,1,-2.0140923331205305,-0.20262100748900658
4812,-0.4978715016363189,2,0,1.1543242332253574,0.9917204202204691
4704,-0.3429506036171945,2,0,0.8875088729410797,2.5514381794781387
1599,-0.7794145299284192,3,1,-1.2009101121553831,-1.7338077705275634
2941,0.2476488026366996,1,1,-0.5865323415944491,-0.1828946178666273
3964,0.7067507429757514,3,0,-1.1865948539180737,2.5378245877490433
3668,-0.3401691421751118,1,0,-0.29788743310573124,-1.9911711871336053
7678,0.246316098310662,3,2,-1.2533279347595387,0.38664564287396797
684,-0.462189847336218,3,1,-2.0744142863017805,-3.26361395075511
6502,0.7165204949554749,0,1,0.6304702393975964,2.863988108380662
6128,-0.950994464204744,3,0,-1.4304191829175268,2.317230166764064
1620,0.8689875519166022,0,2,0.029660611566142595,0.48799143659023675
7157,0.0115332754417476,3,0,-1.1384007946499248,0.9150807003392777
1482,0.7802840897512389,2,2,2.916662706859574,-1.488292492078285
2146,0.0387580461456928,3,0,-2.584891914426578,-0.29694532653075617
1801,-0.9089026718759066,1,0,-0.20652983820972076,-0.4705959697732844
2095,-0.3230869833789411,1,1,-0.17938241251132453,-0.16669490580320778
4891,-0.0714787731509152,3,1,-2.273168269636264,-2.341172972008318
1357,-0.2035884860695567,0,2,0.36472630288766505,0.07630601929442535
6478,0.5025266591520483,1,2,-0.22539438613270626,-2.135375306730371
4128,-0.2613608402742109,3,1,-1.120196844650508,1.4943183055860112
6240,0.8657747867670691,1,0,-0.3400313296882498,2.132293315877911
8466,-0.95198687558433,2,0,0.7263920917483359,0.9313419087354874
4438,-0.491608007705701,1,0,-0.7510380745219856,-0.9896826107313054
4561,-0.7942329085836015,2,0,2.725127280192443,-1.6294597164661007
3869,-0.0255518864826773,2,0,1.4010995703744469,-1.1111604904142185
4386,-0.9970334191354996,3,1,-0.9977273990794215,1.6208720364180067
1609,0.0711489344711493,1,1,-0.3745202492900941,-1.3140015935920244
4898,-0.9596888952799232,2,2,1.0636553317217512,-1.282859688527297
494,-0.9220130941962712,2,1,2.636555224598806,2.2150342689912494
3721,0.5745105750815935,2,1,2.7223045457043957,1.9349456807477825
3319,0.2368155336040656,2,2,3.862669329764936,0.34333460078413597
3662,0.3115994186398259,0,2,0.24196245576872982,-0.46573707144249604
2017,0.0199310941317392,3,1,-3.253265667973208,-1.1951987159690296
4845,-0.5581750902904095,2,0,0.7650488870800468,1.891644899835189
2328,-0.0720239023468209,2,0,0.9416010498515149,-0.8033034863648246
29,-0.4420143049994591,1,0,-0.4753006179710053,-0.5386316804394212
7567,0.566577779967762,3,0,-1.856073339989755,-2.2125366194605998
4343,0.8972640027228331,2,0,1.6725082460215268,-2.1342566421049125
8819,0.3222528103393867,0,2,0.3531577582669237,3.48651621294159
3118,-0.9980417326462,2,0,1.5343768156487017,-1.557092175501541
1092,-0.0628029825423293,2,1,0.9459457441629349,0.4672565550863641
3246,0.4107273415722456,0,0,0.688711523229548,-2.2036145984248336
124,-0.0969000034736149,2,2,0.7921074126839874,1.6985454320371858
8644,-0.5377008154021332,0,0,0.2153932546694011,2.9603210286027335
8458,0.6848200913373372,3,2,-1.5689075300003181,-0.707152340468812
4271,-0.2968941450891356,3,2,-0.9924712963672391,2.5930332610493267
5991,0.8423829050957246,0,1,0.5773772674468426,0.46329598990076154
8849,-0.2199560747872742,2,1,1.041730562815006,2.680547587186124
2298,0.5883492976398612,2,2,1.0642507596897206,1.0555883966282218
8509,-0.1321631696249896,2,0,0.9584178032030796,-2.848820270511785
1553,0.9258863826053578,3,1,-1.4296909420746406,2.129977321881885
8230,0.8393765007801073,0,0,0.003459496858648922,-0.685411088433827
3341,0.7967061676348581,1,2,-0.5997574852983736,-0.5691055937748843
598,0.3993395462706877,1,2,-0.28908591454101185,0.1581242166718795
2123,0.718830453408833,1,1,-0.4455233569330807,0.12465783044934069
7424,0.1273252204124251,3,0,-2.7977190819962887,-0.07413293781749218
1416,-0.5626351423620872,0,2,0.3084206329810883,2.8342640213998713
4739,0.190797493653466,2,2,1.1061705097127361,0.5642303573111139
6345,0.7486795502507095,0,0,-0.016857400561816012,-0.3596750914665053
5715,0.5950340902068783,1,1,-0.9061208029894835,-2.3550817864578764
8267,0.9250859675882612,3,1,-1.7626186506125956,1.8203845491520285
5680,-0.7476539671012594,3,1,-1.7611972813027639,0.503620305108
7895,-0.146586469715177,3,1,-0.9419703127102632,-0.9439357779120181
8752,-0.8585851487611116,2,2,1.1400059057525684,-2.0356154099472117
2197,0.8131796821367763,0,2,0.16821539995219847,0.9115012405971425
4877,-0.9445946624839884,0,1,0.9081508137717984,0.2667230426654065
3362,0.2138474353616415,3,2,-2.773088949677863,1.9428623520244674
5518,-0.6011196887790144,3,0,-1.7922532929710755,0.9870018258534229
725,-0.3454468782904387,1,1,-0.47782181500567034,1.4668828647723677
6447,-0.0861373580970772,1,2,-0.9380487912117615,0.24866307813381727
4028,0.4660554344318539,2,0,2.8927603286902737,0.32101045395097166
808,0.7201777408301642,2,0,1.872495049575051,0.8502291267587451
3903,-0.7981681112622139,3,2,-1.3686331024549223,-1.113615658109577
7954,0.6483919106610638,2,1,2.1992333717574937,-0.02278922836575766
958,-0.545263132613361,2,2,0.8105693657930362,-4.561790565515855
6658,0.8172720569596383,1,0,-0.14657895139221166,-0.7939208122119946
8996,0.3500427487480295,2,2,1.7639733602042225,-0.4666948154743619
8835,-0.4075565504825911,1,2,0.019908621418719755,1.29388370401665
810,0.6358395287075651,1,1,-2.032716073433748,-0.219550018069223
8046,0.5639995049830286,3,1,-1.1388529205531743,-0.9055796951663524
834,0.2503222335343631,1,1,0.12833475868126812,-0.945524331012057
4054,0.409680743689367,3,2,-1.602170296583174,-1.6084082092561616
2423,-0.5435756854245957,1,1,0.06844355803254434,0.760063058542019
6114,0.6114799031883649,1,2,-0.36983451663801864,-2.608614922937326
3817,-0.507562569893875,1,0,-0.2558704881227714,0.1441287925623904
1235,0.5802671388303455,2,1,2.497611032401252,0.1810099756093331
1225,-0.2678340238409602,1,1,-0.10413603024625566,1.3749828845373615
6451,0.4818272791364733,2,1,1.6923061696538642,-1.2170475004072283
6708,0.2376685269673839,2,2,1.7580883947657227,1.5220264393301524
8363,-0.9908616607614312,1,1,-0.8329729134309407,1.4455676917551676
4700,-0.8256114321502452,3,1,-1.816853735253627,-1.113670184777012
4100,0.9193347619233704,3,1,-1.9377899272500003,-0.21420385648201454
3217,0.0936956019342978,3,0,-0.6781789572290211,-1.4182814222604827
6180,-0.9083210506814804,2,0,1.4568125271244257,1.8617456253953015
287,-0.4232555791709533,2,1,0.9618958107345141,4.706946340450238
3989,-0.1969439454149038,3,1,-0.9110229680595147,0.7676208957665768
2966,-0.9276214054626724,0,2,0.5315210224084266,1.6224068257680402
3164,-0.606703492466464,3,2,-1.5649684400484465,0.35790274465478483
4832,0.7225570244999922,2,2,1.043943971160671,-0.5091930642122796
8875,-0.0621652720483911,1,0,-0.8524735677610127,0.9692622091782326
7160,-0.6667985893155275,0,1,0.5614490603574662,-0.4615496400778591
1657,0.0777183555354545,2,2,2.1429793734787723,-0.3417529744834507
1975,-0.9053863860826524,1,1,-0.810664440183845,-1.3228176881939968
2397,-0.4916476497710045,3,1,-1.8309169552215154,0.3623537358465714
452,0.1664746077244041,3,0,-1.5041882036371936,0.39424412178505025
6452,0.3122019330446997,3,0,-1.95786003354979,0.5476163656154647
5717,0.9551408811032008,1,1,-0.4839965500054984,-3.7460684228232908
7545,-0.4253096407837331,0,0,1.0484159343245214,-0.8408659475678277
5173,0.6937925628982327,3,0,-1.1957952089710537,2.2390311881996845
2619,0.1737278505998085,2,1,2.343941894330715,1.9458710674869344
422,-0.1687311460952625,1,0,-0.3895164460197531,-0.034492580411882856
7638,-0.2771617069649681,2,0,2.2963346602660963,-0.5083295495892869
1220,-0.0211746716160405,3,2,-1.8715601582989736,-2.1372954414623346
2929,-0.6718708996151637,2,1,1.3864886951613746,-0.10266159323312561
657,0.1986147585973199,1,1,-0.4182775770912476,-0.5595296339828509
3301,0.3114621149048173,3,2,-1.5840866085833114,2.3674348602021973
5325,-0.8403331656543735,1,1,-0.38865869343089005,-1.3047774887636947
2845,0.9796130316303688,3,2,-1.9234499517146437,-0.26102700932817774
3023,-0.056924580064261,2,1,1.8887720827212828,-2.7158468257310644
6223,-0.836754182600667,2,2,2.8290170891755757,1.7732550801499611
8671,0.4746184030950597,2,1,2.858969229160159,-0.2558787048750691
1001,-0.4502210365994792,2,1,1.5745740987968906,1.991869011861441
102,-0.2400325092184776,1,0,-0.6295836640966188,-0.833270283872425
2418,-0.8841192227677883,0,1,0.7479880648575383,-1.849178520131246
7565,-0.4279459104192724,3,1,-2.809104584633197,-3.2244699943329205
6120,0.7788015821811654,1,1,-0.38413256926041894,0.39725550987099806
6785,0.6546449266462859,1,2,-0.5978061782438316,2.1601116398712588
1580,-0.9105347276762764,0,0,0.23486580437238538,-1.9098763796147702
4055,0.2587619900804747,0,0,0.6238983316646063,-0.01872141240540763
2206,0.4741266031719078,2,1,2.383838910350355,-0.7358584455403773
170,0.9667075622675732,3,1,-1.5157794927763848,-2.2529665790787092
8313,0.7667181321741288,3,1,-1.4310199883789876,2.0138845993453836
135,-0.0621790296363726,2,0,2.64948701565397,-3.7430023235782346
757,-0.6352670959733218,0,1,0.17716837882648287,-1.0378630489517775
5520,-0.7927674926785708,3,2,-1.2634517784949915,0.504138036811915
1310,-0.8073312617294592,1,0,0.09335908550350916,1.6885875228298655
1217,-0.7289309819313141,0,1,0.26096183089464686,-0.39195705430729416
2284,-0.3346511445033362,1,2,-1.1214317162825582,3.066881294557822
8088,0.7108852185907797,0,0,0.9305800828546348,1.9983491245567073
2905,-0.9335358766101032,2,2,1.4634457563852894,1.4474681453550406
5515,-0.3791251968936737,3,2,-2.374568702718226,3.015913971913141
3555,0.3570814847011154,1,2,-0.35163541438564766,-0.8285552294190746
5603,0.6702374509670754,2,2,1.6461198342194827,4.037193642569149
1935,0.1189725152530227,3,1,-2.4079531575064896,1.2575426010935924
6346,-0.6366861883242447,1,1,-0.7336904888749182,0.40142357032910864
4056,-0.4521941652028709,2,1,2.177848878430239,-1.6529081243389603
4039,0.3626231449867245,3,1,-0.868222517890787,3.1066489695856307
807,0.6967150852593385,1,0,-0.4177291966867865,0.8452174768534638
2045,-0.7611654548447229,2,1,1.7278279550790931,0.3191806950298786
5612,0.3260496474705543,2,1,2.173653861591199,-2.9848889472021116
462,0.5846693936319276,3,0,-1.0627780119982475,0.4123090288283444
2927,-0.5593490931360665,0,0,0.6610657091505376,-3.188312661437548
1956,0.6875469119160582,3,2,-3.412985132181675,3.844815748864095
2445,0.2239475010185838,0,2,0.5149478460055915,1.2065618340519786
5516,-0.5390671051940199,2,2,0.8716144022374583,0.5698049464495791
4717,0.2564237350848353,2,2,2.0311307589276897,-1.1359281618161565
4947,0.5537230933901742,3,2,-2.024112653341323,0.49821513812279106
3235,-0.5929833425949755,0,0,0.2501815836558573,3.2101010386181996
799,0.4087125881781919,0,1,-0.32273411223873216,0.6701710323529265
2402,-0.4427364559025277,3,0,-1.1432924482918603,-1.052692176532456
4618,0.9341739399136472,1,0,-0.1917148421160256,-1.6063265486238845
1073,-0.9418123139526048,3,1,-2.0623903828109738,-3.150152929859656
4434,0.3713009011270043,3,0,-1.0999303492344492,-2.041492395605367
6548,0.5907028422542988,0,0,0.7660302479526035,0.9860172568357362
144,-0.6680722161326835,0,0,0.23392652291675753,2.6881472879848913
6601,-0.7407359185752218,0,1,-0.10576708791451322,1.045861326995204
1340,0.3742193888004919,0,0,0.14777214516862558,1.4733645585625645
4098,0.3879745040601297,1,1,-0.3662153294466882,-2.6872046176921125
7588,-0.8077174869784005,0,0,0.6525172717760814,1.792939645942799
2091,-0.2942270186192399,0,1,0.44560074919340054,0.8090213440091203
6861,0.5523404136578389,2,0,3.230015734927478,1.2323268407207326
5674,-0.5916480148707761,3,0,-2.254376607859437,1.756447365402866
5794,-0.8893001256729669,1,2,-0.2785895404346749,-0.9652524063047784
5471,0.5439716256413769,0,1,0.4329314354778588,-1.0086165657059791
5825,-0.9992251740591108,3,0,-2.7088776359709845,1.1067190155090438
5960,-0.8644820336192911,3,2,-1.3331252765747734,-0.8225743413640956
3540,0.2675571829131502,0,0,0.43032408728930904,2.388808010619384
4738,0.5989082373743364,3,2,-2.362949449257954,-1.8358938484338776
5507,0.1198038608207561,3,1,-4.43537034080852,-1.3561825235904277
1003,0.0322184659711801,3,1,-1.086771238786064,0.41431213647042764
4368,0.7711375483820484,3,2,-1.1022741971188375,1.2825914985019964
5842,-0.4145779953792414,3,1,-2.4512362927122626,1.1362768353226542
5107,-0.1528681676416301,0,2,0.27340187924189885,-1.1406490566112524
3470,-0.3204723712263491,1,1,-0.1309513187883332,-2.7365204141327606
4270,0.8857837384900178,1,2,-0.2626259467729366,-2.052976133870987
555,0.0053976560194148,1,2,-0.5630247866108641,-1.377814830990023
3891,0.5344514444005837,2,0,0.9885591422829486,-0.14129031826723573
4823,0.4399731618689637,1,0,-0.08916125745450154,-0.5712524597879244
8214,-0.3386509387141911,3,0,-0.6801520295028622,-1.7039579116516954
1485,0.9387161156958272,2,2,1.3952560149431408,-1.9359392870897285
7000,0.7975782472246595,2,2,1.5680664596668679,-1.3884601507453371
1272,-0.6945978236174699,3,0,-1.6935567850037858,-0.5342517715409746
7345,0.5996972846743016,3,0,-1.7401920223595937,-0.6727009666265468
1411,-0.7439212985648174,2,0,1.195058724163775,-0.526592138005301
8418,0.8476331668633235,3,0,-1.1630377502412463,-1.3404292284301984
753,-0.5448352602784761,2,0,1.7382476363301969,-1.316408783499351
1471,-0.059156827946678,3,0,-0.8336259193867913,-1.0722608168979466
4326,0.5259506507167186,3,2,-1.392324962605631,-0.21551501771612516
7650,0.3667383821332439,2,2,2.261427701882485,1.189877388563266
8945,-0.6200562270597378,1,0,-0.5528917453753733,1.2971410365912535
6947,0.5648995078612811,2,2,1.4736529054523098,1.6441566202624704
3076,0.975391012479908,2,0,1.116435473449486,0.4543011296816461
5653,-0.5583251194371637,2,2,1.8798942057017471,-0.3085963634126306
6449,-0.0826089194688863,0,1,0.6812969925609427,0.0239605286177433
3288,0.656935039765804,3,0,-1.0610154082230803,-0.38559320579658163
4753,0.8191515740641413,1,0,-0.697292789766669,2.7624494056918394
7433,-0.0126876306403389,3,0,-1.3106284672355901,1.0004877907787484
981,-0.6415456887899058,0,1,0.6961802993521302,-0.04625615760696881
8241,0.0932809514115988,1,2,-0.01446822862212635,3.0177437450883526
4119,0.6483878374432452,3,1,-1.1986564450096506,0.33648131874608206
2722,-0.1870703471642236,3,2,-1.9413802082471208,-0.27927440248825675
8419,-0.3382052192549796,3,1,-0.6689728964381635,0.1625980626590892
1268,-0.1949178094058197,3,1,-1.1956084389514865,-1.2104360763512767
2462,0.1653830635958169,0,1,0.4900273455827632,-1.3930936034595434
4405,0.7422194121415904,2,1,1.269191498583597,0.6103119725898193
268,-0.7563851355231566,1,0,-0.32463912024076114,-1.6513582700872982
654,0.1273289613915462,2,1,4.158446083103202,0.2514403148129471
5523,0.9913266056047652,3,1,-0.8161282928829985,-0.3326014035853655
5070,-0.0877268937415745,3,1,-2.0921761200123337,-0.24389885341617443
8213,0.6224967511466926,3,1,-1.3974233818474753,-0.1696967184797725
2413,-0.458483713349322,3,0,-1.218610764859621,-0.9102730633817444
6004,-0.7920851860394571,1,0,-0.417398646738475,0.5774234135359816
2821,-0.291798552674916,2,0,1.14347795281109,2.9610302454759627
428,-0.7485635341441503,2,0,1.601486222518103,-0.1232734759966609
589,-0.0744679552176597,3,2,-1.5017725890250817,2.4002914518217224
495,0.5376133911781171,2,2,0.572692322838594,-0.7493568605434726
4032,-0.8078531894875669,3,0,-1.9162036466656784,-1.777370169963462
4228,-0.9448871702683692,0,1,0.28835835551379596,-4.527625238301922
5369,-0.838774782665914,2,1,2.475730040811534,3.4642954894484372
5403,-0.217498036741327,0,1,0.11838427364181181,-1.7634642620293315
6157,-0.5828813402286757,3,0,-1.3159389017005427,-0.9326673158928244
6410,-0.1879358720922779,0,2,0.8042031478351929,-2.9918357873702575
528,-0.3177405486952169,0,0,0.6824432272285618,0.6570673901109852
1808,-0.2723772020219452,3,0,-2.731696087429885,1.198021595850028
7749,0.9537148912670276,2,0,2.333790279880193,2.3119184636122028
2055,0.1469173222442485,3,1,-1.2448671079974112,0.6414907443927723
1231,0.5320089113140325,3,0,-2.377818204874951,-0.5394216723659341
2028,0.8662152417639959,0,1,0.23584095603430297,-1.1550467320748596
5493,-0.2186648515411899,2,1,3.3484351910053096,-1.5635172487444517
677,0.5302499623190102,2,1,3.1297287135679444,-1.518795228553194
7095,0.4449208626555365,3,2,-3.138926979635106,0.7543784481126016
6593,0.5202692093917842,3,0,-0.4759254342299353,0.38257254901602056
6416,0.1853991094186637,3,0,-1.9186185541804341,0.4959088486883232
8406,0.5366349819882636,2,1,3.2726815773252107,-0.02805381313000767
7440,0.9575681313987884,2,0,2.50233758731187,-0.8743279949693825
2741,-0.9875045678461818,0,2,0.7482164661518403,-3.8758992566877546
4091,0.4062530893463352,2,0,1.1540011181294054,0.9155979417245365
4011,0.3069564368686939,3,1,-2.753875894263367,-2.0819708112972513
8805,0.2702340456605339,3,1,-3.2810425000791277,0.008454023315100367
2432,-0.0622214110340888,1,1,-0.2850213237155296,-1.7869920048841201
5092,-0.451821104397355,3,0,-2.765376167705239,3.156692610781906
5388,-0.0192238835867919,3,2,-2.30054064695089,1.2944734962229736
551,-0.4848163012125848,1,2,-0.284969523150797,0.10824258230288543
5022,0.2815272668896176,1,1,-0.5501032535864625,-1.4032874377319544
4042,-0.6264199049027723,3,1,-2.3382796291048225,-1.5922555473529048
3783,-0.1140199595662594,3,0,-1.9314707904334911,1.3537467630607607
1611,0.4943982125294872,3,2,-2.4350465126610574,0.46770929862885047
4421,0.712655989959379,3,2,-1.8279953134687905,0.8103153807481984
5211,-0.2922923980363572,3,1,-1.5709343878146018,0.05518320968700691
8245,-0.3088278215196336,3,1,-2.255568525956535,1.5549277337469551
3794,0.5183428042800877,0,1,0.4053963090831687,1.2390770343175992
673,0.4910265246870346,1,1,-0.8010732348202887,-0.6751164168706824
7178,-0.994136673206963,1,0,-0.47908114870694346,-4.68577808361604
4881,0.0604378970245718,2,2,2.027765133974931,1.3642887038949845
7020,0.2393859282778356,2,0,3.3490836620381903,-0.7434287126235853
5071,0.4957244904972133,1,0,-0.4825411421388826,-0.14321811289942396
8514,-0.768483291768236,1,1,-0.8142642622343879,-0.8936799765577299
4588,-0.1984527692608184,1,0,-0.6832386373903381,0.685565510366772
605,0.9240319539735876,2,2,3.100089254199954,-1.2622939963306754
5729,-0.6914652715392071,1,2,0.03845323870743551,-0.9316485430309548
7051,-0.2955674952651472,0,0,0.6371877293886262,0.5574937909163454
5778,0.0901556513518575,0,1,-0.04226557136586549,1.1182416349124036
1468,-0.2303220792429163,3,1,-1.891188993828941,-1.520821522840763
7883,-0.1043641001686721,1,0,-0.2972406777347468,-0.5560327349238845
1982,-0.7970242746900007,3,0,-1.0588671523437674,-1.256723544909361
4785,0.8185331854751217,1,1,-0.380980136204463,-2.30943516546963
890,-0.3700749075787721,2,1,1.4748961380216574,1.831111713568698
6832,-0.0932253051245977,3,2,-1.7910644968592515,-1.5589883115121534
8015,-0.6206897239164608,2,0,2.317101391688784,-0.11805773071216125
843,-0.2419232339057104,0,0,0.337517034031099,-1.2577405788569054
2155,-0.8541852205549223,3,0,-0.8614455069803143,-0.5712080923233173
4773,0.80869893346712,0,1,0.19818179033030986,-0.8212414610685412
8794,0.2951841561072612,3,1,-1.7506967329848238,-0.965367130860963
2077,0.016682656173111,2,1,1.8207302214305257,-4.04233451385669
5584,0.5440884719471424,2,0,1.8265672895429033,0.05258629615609126
5006,0.2603309068446395,2,2,1.102702816986458,0.22025280640669057
5474,0.2699815117713846,1,0,-0.15153892188754473,-0.009127477212837532
3520,0.2865945199600745,2,0,0.8753262452240225,0.6974418436474451
4694,-0.3534913712840948,1,1,-0.5031870457049811,0.41805026901143855
2799,0.1652956062356452,0,0,0.38658649910645315,1.0771153167003955
5832,0.7963040845062475,3,0,-1.6739491551399428,3.4521560235498954
584,0.4558321299986556,0,1,0.32916189207952246,1.0018981851261597
3268,-0.2895048578859964,0,1,0.17010900430830853,-3.2237320388202844
8388,0.0483084903079491,3,0,-0.766285052848492,-1.0497765790199114
4002,-0.6200696106194428,0,2,-0.32462667621227714,-0.5617570519720795
5436,0.6635895939239327,1,2,-0.13541060793593082,5.238626415794632
4125,0.4516101034306412,3,0,-1.91894546906255,0.35198224735191735
5824,0.1089924111846722,3,0,-0.9173963405365746,-0.7201717653602028
8182,-0.072368792061668,1,1,-0.03611846640071373,1.3291693550770929
6261,0.015837744498597,2,2,1.3747915114406202,-0.20142638006202254
4162,0.1001123993712185,1,0,-0.6636340421951965,-4.114894441254346
4535,-0.8157706807981426,3,0,-1.1524245268308966,-1.5107017101776028
6005,-0.1998244931206136,2,0,1.2430218494899268,0.0504761210725543
4586,0.4475775427980593,2,2,1.5523747815447058,1.253077818824554
4210,-0.6833633578496234,1,1,-0.5905357507006728,-1.929484338344011
8824,0.6394801710778213,2,1,1.6669279519000704,-1.0981673235480431
2550,0.98009308070283,3,1,-2.523450612086844,-1.1142161495817156
6907,0.4371108554767364,1,2,-0.695858129340192,0.6010374986566651
6312,-0.8381145910679106,3,0,-1.838448259261436,-2.035816496490931
344,-0.7179237637716815,1,0,-0.6898207321669432,-2.4599697466204065
2185,-0.3258880201337724,2,1,2.3010963048039237,-3.0704134498456455
5165,0.9564448996163322,2,0,1.46934518875971,1.419079622107745
7012,0.8193436258841376,2,0,1.3187154474893004,1.6451124103036132
6425,-0.9029495398422605,2,1,0.4750022737142405,2.6188341308050016
3838,0.5030977833250942,3,1,-1.6384371840582082,-1.3466732170468951
8703,-0.0383932226547589,2,2,0.7868995997339145,0.5320009403282463
871,-0.7015470368936738,3,0,-1.452939069913971,-1.8678020560890467
4463,0.5697735568082587,2,0,2.090039797093545,-1.7253203915336257
8476,0.1641346239825318,0,0,-0.052390223657663215,0.9722930649524985
5889,0.7397863526411832,1,2,-0.4233197562890849,2.3068387125215346
8692,-0.6996401752648329,2,2,0.6660442781596828,0.519920156236061
90,0.3390455071272911,0,1,0.10543537797271246,2.296515318223247
8398,-0.190590627762524,2,1,1.0517741918305494,-3.1811843030260563
5171,-0.1918501062411077,3,0,-1.9971642472639428,-1.6476853383611063
6076,-0.2166262458641423,3,1,-2.3279754992287387,1.2723575942746752
6143,-0.015115635280358,2,2,0.9805380704176897,1.3624253453681634
7884,0.0948582733017213,0,0,0.14093154593130475,-0.10152265782829017
8165,0.2347482967271348,2,1,4.918753995727578,2.779730020757924
6355,-0.05303256944664,1,1,-0.5931848551190101,-2.32594685631849
2117,-0.7871575524737364,3,1,-1.675696083466661,2.662428958928625
2937,0.5012352100783282,1,2,-0.5095445445599927,1.256155816656618
8310,0.2404507858300486,3,0,-1.4720067922762745,-2.7417436274502136
7436,0.8237666525122518,3,0,-1.3264003668739133,1.8293854165544026
2836,-0.1289985958025152,2,0,3.162437167127812,0.0922489541309681
3096,-0.1830820603713192,2,1,1.6600443332454384,-0.5116109503128642
5605,-0.1477030408002047,0,1,0.33206499055263117,-1.4165133393075118
5647,0.0786486725302233,2,2,2.4334482430569517,2.9947117662293157
947,-0.6383037865543302,3,2,-1.0295263888923518,1.0162451288543195
2925,0.5314667500329038,0,0,0.6906108806019244,-2.357028214773733
4338,0.0248443990137274,3,2,-3.47509225522139,0.383519269331879
3214,0.8898899422413105,2,2,1.3035601914423314,-0.3676167297863881
7865,-0.0295729440472556,3,2,-1.6921141824942265,0.46668464209703164
6144,-0.1272181450394736,2,1,0.9944140729633828,1.8499075202992648
883,0.6583053201488442,2,1,1.6910029409487568,0.7623398528325785
7627,0.2890515705135241,0,0,0.7263671922647019,-2.1883202502255816
5670,0.9096246644134128,2,1,4.127513828505845,-1.13056369878118
7256,-0.5832411788226926,1,1,-0.12410816664205254,-1.9470479017484295
5677,0.2550631054826398,2,1,2.159932333057618,3.403253139880348
627,0.8170351898118688,1,2,-0.16929427497677357,-1.9569039054715336
1456,0.4773037856211799,2,2,1.2687328840921062,0.47444524335095367
8600,-0.3267253875334559,1,2,-0.7017118882978426,-2.3959432690824016
7231,0.4264797634513038,2,1,2.683776334593284,0.46108814404972653
6555,-0.638917645114752,3,0,-2.345044861520095,0.10955768867551101
7774,-0.9357200136396916,2,0,1.1704471782947847,0.5826909408569747
5838,0.3355287127072281,3,1,-2.0035247791942785,1.3875709977840973
6537,-0.572012771673895,2,1,0.9350890692671763,-0.7704628968310213
8631,0.2730864581970296,1,0,-0.32398839591528417,-0.7717870710371199
7017,0.1932716997632459,3,0,-1.4124076743403684,-2.596598330660106
6874,-0.4684020055975919,3,0,-1.9454498949351975,-0.6281081981793645
2415,0.1408291670319028,0,0,0.15323278819570268,-0.018010576182698163
5927,0.8225004425859799,0,0,0.29867368495960867,0.2847188491349299
7423,-0.8586704918995935,2,2,1.6794524027361926,-0.7268744164782782
4466,0.1449541500585021,2,1,1.4754507048026695,-0.9317969356028003
5489,0.6750821949509715,1,1,-0.7679875009593391,-3.081813070027581
6590,-0.131306984498454,1,2,-0.4159314413857185,1.3430871881867932
8317,0.1298103610169363,2,1,1.496652760037227,0.9854551680463596
2899,0.2952467740340532,0,0,0.6502517122463858,1.7770257443194515
433,0.5844964686201828,2,0,1.3692713299202681,1.5973060396882135
2398,0.4387118237503047,0,2,0.12650685359110478,2.040519780256929
2209,-0.901793386183918,1,1,0.3492881406870614,-3.292596860662534
1710,0.8301581415997501,2,1,2.1145862519552527,1.2757578797398927
3353,-0.6700462420440856,0,1,-0.024348918049262543,0.3015753529974907
8470,-0.4787507542106126,1,2,-0.1383667110456799,-0.26829384260373207
104,-0.2216332297737426,1,0,-0.3769416777565238,-1.125714112663045
5756,-0.0931405986845819,2,0,1.0166701421624593,-0.03111171297987216
1186,0.2675157944583324,3,0,-1.6225999200654122,0.5904280248967969
7839,-0.8344989714487971,1,0,-0.39209086141407007,0.8932319622438977
3184,-0.993425113775573,3,0,-1.3062027367626168,0.09811870501151776
8811,-0.8233033263478369,0,1,0.6669070816024503,-1.5510844292658115
6397,-0.3807567224696599,3,0,-2.2471912554600677,-0.21560761235313788
7046,0.6457472330317333,0,1,-0.07645645128858129,1.1352076726802152
8416,0.686638129907035,1,1,-0.09087672490933349,-1.2924850521703186
8897,-0.884470362085024,0,2,0.5883291534377286,0.7153457311531849
151,0.2639485383042297,0,2,0.6775602808319637,-1.0175975999918732
3282,-0.0575938885520748,3,1,-3.2382139513434844,-4.298067590153944
6169,0.0750104107515754,0,1,0.37861822409397267,2.3508219889757336
5013,-0.950801068443232,1,0,-0.45070023869822745,-1.1825204445665711
915,0.9336391079115725,0,0,0.4976155141066585,1.7065968788837382
1305,-0.8613828936893966,3,1,-1.650028608089668,-0.9025298793385822
4397,-0.8241336553106615,3,0,-1.6263427405181456,-0.056523756634060396
3049,-0.1472382356938189,2,1,1.99118757989189,0.06349169699445963
8449,-0.8744267855268222,0,1,0.6346094784999483,-1.6204816984335402
8106,-0.8429208583038448,1,1,-0.1516950565065449,-0.9940285746092007
8566,0.4638840154001371,2,0,2.4210719743131395,4.474753899663774
7031,-0.5514956099679924,3,2,-0.9144164481275685,4.160713969216112
5763,-0.0141863430187427,3,1,-2.1383319685610878,0.06621540118491849
5153,0.1760512157042233,3,0,-1.0723973507204696,-0.7840837093074334
3921,-0.9967889300810084,0,0,0.3358242089518762,-1.9985233456713238
6473,0.0747033808438886,3,2,-4.012848010073716,-0.9253210455568682
2796,0.1075887965163995,2,0,0.942153508042806,0.8886727370058018
2701,-0.1351402407196615,2,2,1.926864065672375,0.7659207248699403
1398,-0.185778569056231,2,2,1.9869822219344226,0.3268597446379809
2519,-0.3663993127023766,3,1,-1.3312049200701428,-3.9330984998464467
3358,0.6234447456693766,0,0,0.6259076723032574,1.414701066505722
8273,0.0743153453926024,1,1,-0.44746426973931386,-0.9884634006616473
183,-0.7689241535874165,0,1,0.6965673002011596,-0.4664074900333708
4043,-0.3957684365674387,0,2,0.3122386355521415,-1.138438819442119
366,0.617827260998898,0,0,0.2609912940446108,-2.4564396313496952
8928,0.3400516628866967,3,2,-1.3209196701839039,-1.7904289640914914
6086,0.8062545329732389,1,0,-0.565088215799812,0.10792331122521821
8652,0.0835578871658271,2,2,0.9769757850909434,1.8104785617016639
6113,0.7827832963875507,3,2,-1.3624777145182678,-0.5616220510716854
2417,-0.2702249869057549,0,1,0.4617858370082203,1.2879564579482834
471,-0.6828399700816556,3,1,-3.541950806308941,-1.0028115499156964
967,0.8858538407011445,2,0,2.870672274134437,-0.6385925887529983
6545,0.1230252121400015,1,2,-0.5592365589873621,-0.1841843924166919
6460,0.0258183420883584,1,2,-0.730181568313662,2.4122398870594
2656,0.951791135686225,3,1,-1.5526928891333576,-2.046433969623752
6778,-0.7430221265976071,2,0,1.1829616593012746,-1.1825105194671135
209,-0.7162527235992853,2,2,-0.011343517596055163,0.021770814291720748
1961,0.5808921733837913,0,0,0.5808327212824134,0.754122208883298
896,0.7451541214675794,1,1,-0.46271505193836077,1.1339681072155925
8613,0.8239883026900983,1,0,-0.11227857567538799,-0.10013476465589653
3819,0.8796205051517094,3,1,-2.046619252934304,-1.2052679300595608
8568,-0.0312783219614571,0,0,0.4111042107497128,0.19382478521386123
1773,-0.6994120488059865,0,2,0.4765312682986723,-1.4511622828332202
5146,0.7556441419651725,1,1,-0.4306351586514901,-1.748285270375944
2299,0.6996874638070245,3,0,-2.4841018198648874,0.27879817723521366
1209,-0.7931836780730348,2,1,2.722387696941321,-0.7391395507609656
6798,-0.5034563684078417,1,0,-0.702702585056304,-0.5889904423608164
5579,-0.7044402564350558,0,0,-0.264537240072111,0.6474236220870822
8974,0.8373229078119364,2,0,1.1936135422651235,-1.2740389985302913
1270,-0.2676075008927159,2,2,1.8142634655958068,0.5939286781330892
1251,-0.0420082423108212,2,0,1.7250376075616394,1.6660100211134232
3176,-0.6917560315747149,3,0,-2.655967196710893,2.4067853981834895
7620,0.4012189646671227,3,0,-1.4962402019793675,2.953827755310428
8535,0.4187628592258952,2,2,1.1096211178634912,-0.5255913800406112
8390,0.5582673826650788,0,1,0.5637316909369193,-0.8561762183042925
3973,0.8698577788967032,0,2,0.07577260036905704,0.7324581259618883
1292,-0.981840816156648,1,0,-0.0588377642592138,1.3339806359113098
6688,-0.0668907461512833,3,0,-2.527820308801057,-1.5172601855957746
5264,-0.8503109213176041,2,1,2.136159890382509,-1.2597519487442155
3370,0.1160012338805034,1,2,-0.2053362972403516,-0.9243497812075904
5990,0.5257656808872928,2,0,0.9595705500278505,-0.7299451446312074
4663,0.3241649492471521,1,0,-0.9087036013455552,1.6627050743791207
5190,0.0754089079573261,3,1,-1.0325998213932723,0.6747568578721571
3651,-0.3832660898999358,2,1,0.6252394936819308,0.18680511501620486
3315,-0.7486885030945445,0,1,0.613679539011419,1.8247238822596472
4078,-0.6082708809963726,1,0,-0.6169486097701076,0.009067544060144872
292,-0.3572994387881294,3,1,-1.0565124992888566,0.9913788872523129
6121,0.4641471854665568,0,1,0.43248240348093026,-0.06842789133674443
8140,0.6846327797729355,3,1,-0.7205319438479652,0.46847897217465545
1051,-0.7122411682724075,0,2,0.812952540347031,1.9685292818156963
4782,0.1871555502398918,3,0,-2.923322174722068,3.0507459015020912
4848,-0.0183649194703356,3,0,-0.7762821320508986,-2.1594817489581106
7213,0.4208237207668264,1,0,-0.6051929034878555,-1.0890120077285823
272,-0.4299979598278893,2,0,1.7847344816746322,0.4305963837521767
2042,-0.1858625194228644,3,0,-0.5087960397503986,-1.6522268986957716
5184,-0.0204726617085164,2,1,1.5239634380374856,0.8756508385174814
3918,0.873629419861867,2,2,1.4264296282822895,-0.7576141970710445
4185,0.7234134208370315,0,2,0.8485880710564528,0.6984776075324118
103,0.598753396373304,3,0,-1.0099861227179667,2.798715475273598
1086,-0.5789576649537316,2,2,1.6437274972370433,0.9494890426135661
4664,-0.92898192925656,2,1,1.3234614228680401,-0.20095856069160603
7807,-0.220512473920982,2,1,2.9116805627305027,0.11522111060625023
5117,0.7715883304651743,3,0,-0.7554734215355874,-2.0061505820833347
4691,0.91611153809206,0,1,0.37899866733721205,-0.12764642565706133
2903,-0.789284514901442,0,0,0.5213969584900471,0.133010366136909
5381,-0.0583228125460659,3,1,-1.2043910398506825,3.4839346853405346
7019,-0.1925164730454951,0,1,0.47025109745649124,0.3982542412704362
4046,-0.1993905166410914,2,1,1.2725002441496507,-0.6996521780958198
5595,-0.0842863844196792,3,2,-3.001615490181143,1.696321158167417
6781,-0.694611424412132,0,0,0.17381510157411054,1.1005028881316157
6605,-0.6751260998780344,3,2,-2.727283465171513,-3.3573295240220347
6810,0.4906808834335352,0,1,0.6123028776223156,-0.09345728530997226
4447,-0.0357815988131278,0,0,0.02238122362819955,0.22674395434172143
4122,-0.5644643277232826,2,1,1.4584168305676775,1.782432932911739
6291,0.0001808452342229,2,0,2.2676978678448716,-0.1586340603386304
613,-0.9048669133549554,3,2,-2.323230632537946,-0.03743441365197372
8885,0.7527947875591778,0,1,0.8446155604483696,-2.1979928337365258
5332,-0.974098564774041,0,0,0.25374550065304124,-0.855591048014225
4706,-0.5019154287089147,2,1,2.2778236639632783,-0.45694604354755014
5589,0.941614089285388,2,0,2.509950663941651,-0.14769238736360835
3478,-0.2959369563227867,2,0,2.014827618987508,1.1170502291060893
5730,0.0908222181788647,1,1,-0.2818214094670202,3.480064873925047
1748,-0.6193618738705751,0,1,0.4469497908849276,-0.07387636872816213
732,0.2571898548860094,0,0,0.8936590872680391,1.5307332440943073
8240,0.946305852811064,0,0,0.3398449082577901,0.7685703464019844
4478,0.7448345727835588,3,0,-2.2216956756215107,-0.04794107107213736
3872,0.72133540074128,3,0,-0.8564452066149102,1.7122529813995218
7702,-0.9669038692223187,3,1,-1.0398726658056627,1.0918300709835727
2910,0.3397553354917813,3,1,-0.8881284125077328,2.811674364070319
6198,-0.6831872587037913,1,1,-0.08554681886980206,0.47536433476752854
2662,-0.1926805682272587,2,0,1.0661448041169925,-1.6304612332996224
7238,0.2846289944002971,3,0,-1.3817686481119833,-1.466535933623397
4692,0.6913018830887192,2,0,1.6358498197326226,-2.461927135508054
8578,0.1438641623834731,3,0,-3.0619527375698916,-1.5195493084526437
3113,-0.5315060953425477,3,1,-1.8980955423654047,-1.4496040129173828
3303,-0.8219166679093575,3,2,-1.618493484888361,-2.540281743693889
2154,-0.9971423916660516,3,0,-2.4747090910875076,-2.657610714586402
1344,-0.7655768989393075,2,0,1.468525233535569,-2.4848967400443445
8844,-0.2438028421804048,0,0,0.3888355605675867,1.617113045388465
3261,-0.5949052426487973,0,0,0.12649466688973549,1.9626182339521214
7355,0.4668151676261025,2,0,1.6892389861654895,1.953716284311568
3992,0.0996786266149907,3,1,-3.13779627136668,1.620384798074608
5231,0.4616769455978293,2,0,0.9327999179093059,-0.22446290922716308
952,0.6752580399283326,3,0,-2.077740163181048,0.35148933983048863
6334,-0.5738838921594709,1,2,-0.48352147101016973,0.014608016359474334
3021,0.4069732829275758,1,0,-0.4345036175162139,-2.604942351920893
3308,-0.9680159568368468,2,0,2.897139321076658,2.342178359755428
1504,0.2491698091105858,1,2,-0.10746394755345517,-1.0015396752541277
5095,-0.2898004738670787,1,2,-0.6897344819875478,3.011805748784477
1806,0.4067206317075837,0,1,0.4543149747793678,1.4214419067612167
5023,0.2928877451094807,3,0,-2.524261004529426,-1.0443584666119392
8243,0.3277621193276812,2,1,2.4702418280420972,0.8785477145601547
3791,0.8383143857101083,1,1,-0.5003809607080597,1.0637535096680677
1121,0.2357728343897474,2,1,1.8183741269200842,-2.2994322582300684
5527,0.1600345036802311,0,2,0.31025398686992245,0.46488765266621696
8565,-0.9951723373180208,0,1,0.211987897823988,-0.22902193615613956
5893,-0.3007086151597782,3,1,-2.4828379811758516,0.22845397377866553
4755,0.3650460851603414,0,1,0.507339047440295,0.2872257532873777
4838,0.0151072588042231,2,1,2.058738779961117,1.4592004483498275
5928,0.5437972167725604,2,0,1.5318475631312702,-1.7002862181970955
5846,-0.2861440484905211,2,0,4.949310999052461,-1.247866462416583
6375,-0.3218540137643597,2,0,1.2545031105357165,-3.9122303849302043
1848,0.952047399926594,2,2,1.416426049006951,1.54153222892318
416,0.7460965515739437,2,0,2.5830051237067635,0.9258534353415558
2973,0.1037043860751245,2,0,3.238519537244932,-0.30423028577969496
5793,-0.7824964679007185,0,0,-0.048035427167882186,0.4644819010757016
2431,0.6125059473839052,3,0,-1.4618117931274306,1.38862376984679
2518,-0.948738299993728,1,2,-0.30151179422101393,2.723123446359665
564,0.9375896933158454,2,1,1.7724648089513633,-0.8408279951877545
2526,0.6400255312894731,0,1,0.6277381999885558,-0.03794257485226101
5484,0.8967196130168944,3,0,-3.828723189147248,0.24417161901907072
4860,-0.6546970495712712,1,1,-0.617572804077054,-0.6546255178063861
3251,-0.7423895937185834,0,0,0.4421203559686269,0.8427113493121056
1224,-0.3234527385989119,1,0,-0.11608598751945157,-1.6101653762515553
142,0.6178026011206144,3,2,-2.5450486472286995,0.6158019024726501
7718,-0.5970908524317726,1,0,-0.5078578230063334,0.890442021922014
1490,-0.1805095610008362,3,1,-1.0341637765356912,-2.381115811836009
7598,0.5623981944999024,2,0,1.7222941666465097,-1.508815143399368
4840,0.7982475619707057,3,1,-0.9766534220776747,1.3185233399737895
1590,-0.7353219754140856,3,1,-1.7277217666790399,-1.960352829501507
5102,0.91429591606911,0,1,0.29242326406153907,0.02081349340761962
4786,0.8956747099944071,2,1,1.1237985306552227,-0.5383678558828401
2653,-0.3404268707763773,2,1,1.8684760167762753,3.3725313691625836
2004,-0.4063978437688091,3,1,-2.91951835999627,0.675245490802098
1194,-0.4300384404394739,3,0,-2.438845428765153,0.10555540141425553
4235,0.553427605888517,3,0,-1.9354800402183536,0.7437500757851575
3409,-0.7739454996805213,2,0,3.089017350343454,0.11986298726979423
1117,-0.3670045051111337,1,1,-0.1633113006040726,-1.1107086775461692
7476,-0.0081196119050261,3,0,-3.5415197068226703,2.1012488351421648
1756,0.9079063262325512,1,2,-0.33414683655160615,0.5745613358444218
497,-0.3860478701128091,1,0,-0.4724668359360237,1.0220038515529202
3997,0.1984745009955522,1,1,-0.4897676846023586,-0.757901363676677
12,-0.3451469887361358,0,1,0.13318211354630435,-0.9288266556053131
870,-0.6456986683972599,1,1,-0.3717833646909927,-1.7168432642566758
3357,-0.4207510843899462,3,0,-3.4344997407315576,-0.04667746828992007
912,0.0580313811399388,0,2,0.36499078837248516,0.08069207603660238
3582,-0.6785000900560827,2,1,3.117835052130692,-1.7831109752520466
721,0.8470956996771011,3,1,-2.700472432213663,-1.1878757064285115
4001,0.2568505368213505,1,0,0.10314367039514455,0.037587752331851014
8947,0.3712507353793752,0,1,0.11526322900391979,-2.6984749305090485
7128,-0.1704747032247624,0,2,0.6493782265998281,2.2047265460073615
8629,-0.7169022489370829,3,2,-1.2955206584066863,0.1436384736374606
5307,0.3364789857037988,3,1,-1.515061286293087,-0.7166848267545309
1496,-0.9410447928215953,2,0,3.0086606055037235,-0.6137045763913656
6845,-0.5752176052875009,0,0,0.8712647903079656,-0.4251248372673469
1520,-0.1789090327152434,2,0,2.018812960127176,-0.9019314756748208
8909,0.5730390985072087,2,1,1.1545946983568247,-1.8068057338487538
6914,0.7731425411009505,2,1,1.855760770909643,0.05157695712735285
2746,0.0871431830122806,0,0,0.5867120427880013,-1.3909062125787461
8065,0.1804795000182102,0,0,0.22168062320714926,1.0104867993305542
5755,0.6094463616857373,3,2,-1.493946193257036,-2.435316925482932
314,0.5241474460773679,2,0,1.9176716249769388,-0.601436294347505
6872,-0.2449335938833123,3,1,-2.1454970007813796,-0.34593024739119366
7889,0.8929257826972867,1,2,-0.39086384139588515,-1.0881152514301051
8936,-0.1360562150174877,3,1,-1.47259359672979,1.584615243735034
3350,0.3827998437989919,3,1,-0.9076346473202519,-0.15858777126708973
108,0.6284418416642072,0,1,0.6109431943547086,-0.07512219434742204
1754,-0.0007772621075075,2,2,0.9124043972974536,-1.4715561871713605
6876,0.5692407831925015,2,2,1.0055036291938524,1.7846554605311338
1351,0.4670544238028826,3,1,-3.06464173954578,-0.5936904851658037
3129,0.2868002579901068,1,1,-0.701840481249512,-0.1721947122105826
7205,-0.2063298967204692,0,1,0.35504670413911565,-1.082405895366163
6203,0.1275993371580148,2,2,3.137295764892499,1.1823497103919562
5427,-0.7900328771149931,1,1,0.1735675631855107,-0.35178391860937763
480,0.2124876456857638,1,0,-0.0885288392581555,3.8085884591046515
6564,0.2335541359859438,1,0,0.2340170266628888,-0.5752513364151156
1973,0.6722132685108628,0,1,0.4047702265082584,0.8673688548615592
336,0.0856386566681679,3,0,-1.1838107366496093,-0.9406554763852607
2764,-0.2851040904681259,0,1,0.37417629669664104,1.3253313735884646
6160,-0.0378283063432911,0,0,0.029485650967496675,-2.0496115095702123
6902,0.2160541840294341,0,0,0.5435286149313234,-1.8454203269994096
4518,-0.3470704724305198,0,0,0.8705250524431087,1.7698640346995358
2985,0.4552789717498871,3,0,-1.5286503062072088,-1.6399011394755298
4550,0.0032816533074158,2,2,2.2985038850929214,1.9024907706114729
5574,0.5062642982360062,3,0,-1.8179222724916364,1.4002914529139874
524,-0.6679055425597484,3,0,-1.4654832148247001,-0.3299704392090659
6931,0.5651841522315892,2,0,1.3808077563817927,1.2326960085298655
3477,0.3953973906810708,3,1,-3.4477248571289603,1.6315986211754112
5720,-0.9754264720832356,1,1,-0.6610288116696232,2.031299121246883
3558,-0.8648667074428038,1,1,-0.10646905868310999,-0.11957644604174479
8881,-0.6540978342631227,1,0,-0.522192529595996,-0.380916094014012
2809,0.2815301394152891,3,2,-1.0120843530647037,1.6019909725181727
724,-0.239862896375129,0,0,-0.008080765921892358,-0.4091184946614625
765,0.0722856788180161,3,1,-0.9643056151849123,2.0772202301244556
5306,-0.4464554433705436,1,1,-0.13870421312622988,-1.7614090665913202
5883,-0.6866831799554309,3,1,-2.37722527988441,-0.45314535423883084
5499,0.533709053952196,2,1,2.828848130760977,1.1058681357675983
6718,-0.7480847298216413,2,1,2.1526874196683803,0.09378106599875081
307,-0.982203186636019,3,0,-0.9946857311815471,-2.7108977671406755
3773,0.4068922600559499,3,0,-1.2142284056014974,-1.0139863952650983
3908,0.6951560624347095,2,1,0.9275776652786665,-0.015011207082715028
1278,0.1352824095395686,0,0,0.40836038514667333,0.6192361224608173
348,-0.5736113977175876,3,0,-1.3892463904239216,1.7276939068594845
8991,0.5988522093513879,2,0,1.6758998558739269,0.5422822429677967
7621,0.1886292086227414,3,1,-0.6283692691482221,0.9594711936499793
5957,-0.1574890566289044,2,2,0.9552542375326383,2.5115299718109436
6805,-0.263011324711504,1,1,-0.07239456613160895,1.5423853161092786
8547,-0.2839658778311815,2,0,1.8708586073353701,1.219642113855924
1791,-0.3021921200430548,0,0,0.21466372380148868,-0.6210030153233276
8994,0.7161215535367635,1,0,-0.307426081541305,-2.0024808279437742
7890,-0.8366314291132244,0,0,0.34202403026406447,-2.3305611071292636
3682,0.3917235156045853,0,1,0.32632920920131386,0.5705717817715531
7032,-0.7516444520621073,2,0,0.7989863325948228,-1.522028043409058
8607,-0.3995558292244838,2,1,2.8206357072706725,-1.704115667111129
2053,0.3280154585353094,1,0,-0.3940410847234794,0.8953299137068661
2232,0.7695853754989259,3,1,-3.1356730625689377,-1.0701379235251565
4335,-0.9717503417123324,3,0,-0.9330328727653215,-0.11958215474349905
71,0.0163305437086891,2,0,1.8751320219953023,-1.8520862201290373
4439,0.1599893327661061,2,1,0.7275601910013574,1.642118588086275
2759,0.4677662708817378,2,1,1.0924084949160173,-4.516241381616008
4994,-0.6285230522490446,3,1,-1.3519249850450912,-1.7215847349288225
8125,-0.7653679819485801,2,2,1.7376398192216427,0.4374655244227308
5027,0.4324894610889311,1,1,-0.8000925354866455,0.4606423610489207
5651,0.5554207137738738,0,1,0.021519383412802393,-0.6973369885097158
8868,-0.1264456996093199,0,1,0.0061811953538955765,1.7114918888465802
6543,-0.0384027422188844,1,1,-0.5942662172151542,1.3238947584519447
2805,0.871421269938641,3,0,-3.2112302252545133,3.5771320775835136
1260,0.0843830641576763,2,1,0.8543338884745935,-0.20563956245745688
1666,-0.5409833169880365,3,2,-1.6471726839442815,-0.2683428709837404
5012,-0.0255776834008487,0,1,-0.39319407555610547,0.8570935461310635
7131,0.127918117976632,1,2,-0.5196036656252946,-3.1306845270472095
4983,-0.6678381478935413,1,2,-0.32277195022539684,-0.9949793746032216
5206,-0.659218391854921,2,0,1.725594861094859,-0.8351747206137717
4322,-0.5961131592148745,2,0,2.1397436345866705,-0.28568789072960876
2167,-0.515658719325504,3,1,-1.8592050332270609,-0.7577294329744437
1445,-0.3962099551342724,3,2,-0.5119372498965997,0.6654781788445407
4205,-0.3658170200930208,3,1,-1.0736274553795,1.5711383853072274
2533,-0.3599909605757234,3,2,-1.8041776203060245,1.9982394635940677
4527,0.1644117993320748,2,2,1.2102163282722138,1.0910719113046337
1695,-0.230284404211619,2,1,2.1448366921333704,2.0817792278324565
2892,-0.1183242181523736,2,2,0.8413684720534594,1.0034089702697897
5826,-0.7484360003919777,1,0,-0.26523189619541043,1.1013240354914242
1095,-0.5231148765598093,1,2,0.04618770414259501,2.673164861503038
7798,-0.6887842216332198,0,0,0.40767686321089214,-2.3037982473263745
7170,-0.850866191780077,1,0,-0.9201423397392832,-1.3921931980924889
3203,0.7819310090795233,2,1,2.1142792143135343,1.414712827218481
4787,0.6203959048027234,3,2,-1.0497237471017147,-1.6999175089798377
1630,0.3391314563341303,0,2,0.9862895846170958,-2.0674040043666846
6001,0.7648775499172928,3,1,-0.9046731297691004,-0.8052918202451238
1881,-0.6639011993649526,2,2,2.477878542407476,0.5592736003696418
5268,-0.0126160677938693,3,1,-2.098876614959723,0.7296986884506721
6580,-0.3084243214072983,1,1,-0.42537791951132065,0.7241646161896425
1612,-0.7585554194737205,2,1,1.7270312989751586,-2.5786378660648688
978,-0.7989112776299869,3,1,-2.59880257356892,-3.207081986341749
1413,-0.9989443126283352,2,0,3.5658879761656896,0.127031129183743
6972,-0.5273548323721549,2,1,3.0433574357852207,-1.3372877045768703
6100,-0.7271335409508601,3,1,-0.8658689092433508,0.4824214204720321
848,0.4809795369597225,3,0,-1.0935533790395733,-2.762238349617387
7322,-0.6050085506074292,1,0,-0.9740149654910096,1.1884167165527182
4985,0.9677607219279956,2,0,2.8250752340189473,1.0675880365314698
7414,-0.7045366384718426,2,1,3.7926591394989257,1.261609356095285
2877,0.4061984999236867,3,1,-0.9176777298492549,1.2590194251908668
2271,-0.7709867924797849,1,1,-0.7136025493867316,0.5434970204278856
2392,0.6359871257792595,3,1,-2.2402179131465987,2.562563462105903
7727,0.4296569307565798,3,0,-2.5315054795409835,0.4765402400960474
3779,0.6721797058372285,1,1,-0.3000326919655717,-1.475365336864085
1830,-0.7892081759525449,2,0,1.35276077333029,-0.8832782581423374
6804,0.1781654206291936,3,1,-1.4981011639375565,-1.0089306258214243
7232,0.4808831720916242,0,0,0.5824565205939387,1.0624517502374322
4450,0.6679282926772538,1,1,-0.6418519149574807,1.8086546481840664
47,-0.3005977828611608,2,0,1.810789856661272,0.6672856131351641
5143,-0.2123829670898303,1,0,-0.7687864290807309,1.8140753329728216
6306,0.729379974962413,3,0,-1.4236218763279833,0.028001413085585996
1350,-0.7197646586749129,3,0,-1.913674644333771,-0.7444114423736182
8665,-0.3546084064393862,2,2,1.6292424680013353,-2.902403101770151
1234,0.8301743911237938,3,0,-1.588092062715214,-2.573222860197446
8074,0.2040778327765831,3,1,-3.553138665176802,-0.9141233143074411
8534,-0.5025734052013486,2,0,2.083006509900036,-0.6571948528384196
3915,0.855489645886228,1,1,-0.23517222719420056,2.2487348417160393
446,0.1140813381438079,0,0,0.425936544345415,0.8985009036403842
2248,-0.3117028419053147,1,0,-0.1526755321504057,2.62268443721301
1743,0.3273939757098369,2,0,1.8867618766191447,-0.07783472677632311
844,0.1803686407899396,0,1,0.2053867378245885,-1.191601666539283
8929,-0.8842379608305513,0,0,-0.017529893603698533,0.30584273436889986
7751,-0.1994012104282143,0,0,0.6283750961984721,-1.9088692357423689
7065,0.1625006718085238,3,1,-1.104551221633434,-0.4308796946045745
3289,-0.0868292261573717,1,0,-0.5744995439121037,0.3181888584349169
2707,-0.5929833753958038,0,1,0.04332254933731243,0.33908674539629735
39,0.2640847241085315,0,2,0.36937362803944535,0.23264529124351496
2440,-0.8239259433116459,2,1,2.9560295059673956,0.3204165325753964
3103,0.3541361428687637,2,0,1.9833141344585044,-0.7877347004949028
7263,-0.5714223434472103,2,1,2.4175765250076764,1.9148191052266998
6627,-0.5331103229864915,2,2,2.3136559386676634,0.2417893593079361
678,0.4534733378806292,2,0,1.7606286204601016,0.5216999218392889
4554,-0.2743276362207372,1,1,-0.4411240408376737,2.0595258160566305
8643,0.5944473196439342,0,0,0.32356911314365716,-2.8961499135412723
5504,0.3896622187843743,1,0,-0.7466811949909504,1.1415959855301576
1294,0.2185774174445662,0,0,0.21542733947110018,-1.5944095846675495
6955,-0.8838155410450468,3,1,-2.030056102379341,1.413938451746627
6337,0.6551174120069736,1,1,-0.5589098770725752,-1.3532715951499492
3984,0.1919212690235217,0,0,0.2722383435453991,-0.5300029944231756
8500,-0.5274268790553425,2,2,4.442912828253871,-2.5316712463987114
971,-0.3708551489621037,3,0,-1.0477826112815123,0.8163366078459283
3442,0.8738374023076083,0,1,0.09521914512728777,0.41256978648007064
7013,0.6875688638358655,2,1,1.1685672941062695,0.07645974302296211
7827,-0.4741396145618259,1,0,-0.21671846290894842,0.9149414388153215
1112,0.592840036518717,2,0,1.2718654990214755,2.2277976342919876
3980,0.0782598579016728,2,0,1.8691441221343796,0.15424156142674914
4921,0.9878157731010276,0,2,0.5767417891090241,-1.1337402886790586
776,0.1548853630305522,3,0,-1.2144699565727044,-2.386218320457111
8742,0.7586714495985429,0,0,-0.036543706897571415,-0.8698506495298669
2231,-0.6841132246437447,2,0,0.9005654934984161,-0.8895746724240277
2228,0.6847703492670256,3,1,-1.6990278798797729,-0.47817704752818346
2153,-0.9437379119222152,0,2,0.2790483281481968,-0.486900443612109
8870,0.628967513814509,2,2,1.8892336347738947,-0.1759330298192523
4821,-0.3461387748653795,1,0,-0.03957511594795413,2.1559076054106945
7610,0.9737416191029143,0,2,0.583070791056596,-0.15982809515052876
4315,0.0960229506323768,2,0,1.7131495511824468,-1.678429497958744
8538,0.4245871730165542,0,0,0.4533744096178107,-0.6047141702380078
7351,0.2049670986917573,0,1,0.18222525366268216,0.725425616271643
5662,-0.0959002240483508,0,0,-0.0951457840423301,3.565673857877839
6978,-0.9803928478458784,2,1,2.3928248339468947,-3.1714273664489347
3183,-0.2162979351200624,1,2,-0.5638228535956132,0.10318984646283837
6087,-0.5543915185556323,3,0,-2.4401554594380066,2.1324631960937523
3199,-0.6943449823119676,0,0,0.7438846429026412,-0.1376587000725685
5659,0.2453607108758424,3,1,-0.9697883788921506,1.2121556696099687
1289,0.6986085652083664,3,0,-3.5207659347713154,-0.18634837003735338
4989,0.3353611948518902,2,1,3.822312112585734,0.2564248705456908
7877,0.9488282220862608,0,2,0.4999334147393469,1.7666382308319555
6883,-0.1944078565759475,1,0,-0.14757237939288084,0.9942589902335331
5456,0.3161776005819743,3,0,-1.0147211074799356,0.7322159731955389
6613,-0.3332250804660976,2,0,3.4583143983545623,2.2784384603716363
3966,-0.1747254889083449,0,1,0.731091895420632,0.9690623098981117
1879,0.907197438730651,3,1,-1.288465250656242,-0.6296316676431085
7103,-0.5625960059463593,1,0,-0.4604099407093064,1.9680265177179443
5500,-0.166592514409678,2,0,1.353967822714313,0.8838885509692993
7590,-0.4627584258396031,3,1,-1.442414825143526,-1.0996418177710339
5925,-0.7781010517861979,3,1,-1.3280540590676,-1.784004260371236
6780,-0.0626215164928454,2,0,1.881497786367595,-0.8608816992872882
8761,0.0939946928912054,3,1,-2.0584290086902315,0.3890406946808502
1036,0.5396113201964803,3,0,-2.0681579376728707,-1.0530017948427801
636,-0.4357479680627376,2,0,1.1855885807409698,1.4383212227295379
4441,0.3208039976198231,0,1,0.35242928139449137,-1.0934262975807825
4295,0.9039528420026416,3,0,-2.3116041828043716,-0.3992341060172047
1083,0.2410609729921426,2,0,3.3847457026287433,1.573569483094653
861,-0.5175147327242378,3,1,-2.646570508537426,-1.1947239538817715
903,0.9871811946360376,2,0,2.020147093946986,-2.0222377604790442
191,-0.7031712806348289,2,0,1.21972351885735,2.005629845943265
109,-0.2022678386777365,1,2,-0.07542295020260503,1.1542445940272084
1942,-0.1996617530788755,0,2,0.42726291857720344,1.7117853904658025
4253,0.9769360961741488,3,1,-1.7227100633526808,-0.223880491242908
8401,0.059747397502883,2,0,1.7500912285354668,0.860654685821875
6975,-0.2138456523517982,0,0,-0.16749905412914093,-0.007525549933068115
7042,-0.8834977351702586,0,0,0.6415709472693891,-0.7918138736762685
6756,-0.4015658480501651,0,2,0.3094427196907781,1.1466704801096335
2775,-0.0990767225379802,1,0,-0.36323072940181406,-1.0222886385646763
2323,-0.857365415891505,2,1,2.844847487288357,-0.14477600312549327
8516,-0.9509120328322792,3,1,-1.4330556941136612,0.42460679779965127
2617,-0.7911896005963976,0,1,0.09872145330725192,0.3729395820686984
6758,0.5271058834365736,2,0,3.6309928112281074,0.06422078318503781
1094,0.4714252202660658,2,0,1.1389770430815216,2.6558194442973253
8765,-0.0804641150604048,1,1,-0.6864653989168933,-0.3681483024931577
4503,-0.6996057626760852,0,0,0.6330427778506762,-0.01912195863532069
3135,-0.2860667468671212,0,0,0.8369496801358829,-2.8785520379929728
4581,-0.3548819298397467,3,0,-1.7291576926676335,0.6645372606815707
3805,-0.7572314491882621,2,2,0.814595271043596,0.6829196640942196
7500,0.8116301120975773,2,0,2.5621280376282423,1.8050425770226546
2654,-0.2969938435200265,3,1,-1.2101924832198034,-1.3846269863152714
4273,0.3367468119707819,3,1,-1.3868921699271268,2.4884929809350482
4984,-0.6097436376721772,2,2,0.7792053642457193,0.08011471597666957
6382,-0.2778016357821653,3,2,-0.8676633132177051,2.052293695161827
5431,-0.3346397896406068,3,1,-0.8601752728112578,0.9737749258572359
6133,0.5076636728026365,0,1,0.11864104472741097,-1.1478177569048589
4575,0.1951179481502414,1,0,-0.3448927948379049,0.7071227072554107
8716,-0.2889001736015049,2,2,1.2644942700458497,-2.5205167896575547
2202,-0.2796788989332519,2,2,1.0494869285584834,-1.5109988420458909
4922,0.8743280189572911,2,2,0.9849437419520499,-0.1758306263324729
7551,-0.4778969223331832,2,2,3.147924549088229,0.7774329433660414
4299,-0.1630500776999062,3,0,-1.5151758555172443,-0.6419446274936346
975,-0.8372209686668124,3,1,-3.177910533732563,-0.32806795159481245
4689,0.7747806500466996,1,0,-0.7791364512420331,-1.3424905143078483
941,0.4710769922998956,2,2,1.6293671478573646,0.9924449933447037
2387,-0.8866291727582654,3,2,-1.4907533303964355,1.454825844346941
3221,-0.0910354022642385,2,1,1.2622100785268326,1.3702718225042034
3882,0.5007619103186525,3,1,-3.1444618634234525,2.6988210742931273
8490,-0.3242228774872775,2,1,2.0224258493520373,-0.14381900455769467
5338,0.2776647814603845,1,2,-0.46542124233676213,0.1670288662166933
4762,-0.5073666681314282,2,1,1.2138582472642874,1.499529940609957
2789,-0.7834831384222711,0,1,0.13958222785083235,1.0036892320143094
944,-0.4265232936022742,2,1,3.1092128410607476,0.19683744845929885
7786,0.4837606653914819,0,1,-0.037260913635705856,2.008945638164798
8117,0.7401697537995222,0,0,0.7876012551793595,0.26864677430483924
7422,0.5534235557818254,3,1,-2.1939877781793773,1.7860803677635613
4108,-0.9927058451349732,1,0,-0.31647812095413647,-1.858541993610215
7134,-0.7984228543628502,1,0,-0.7967524817938766,-1.1618736931610083
3255,-0.1410345018377381,0,0,0.19079956238022427,0.7018740192213375
2690,0.8505278786715793,3,2,-1.503587757480499,0.9307591610490468
6620,-0.3800487970848103,3,2,-3.843432896848571,-1.363796989882753
1319,-0.9795171580188669,1,0,0.03186987458464241,-0.524290220074742
8891,0.0312685926413363,2,2,0.5171313691578587,4.711767550203263
4687,0.9359156152111427,3,0,-1.449808173987849,0.4315562474222873
5470,0.6467546698256907,2,1,2.6019408532019086,1.187333640950668
5608,-0.330833156747629,2,1,1.493333684039201,0.33540378664930676
3475,-0.325394846271207,3,0,-1.431336601469072,-3.3111965263694336
3505,0.9688009986122036,3,2,-2.1909043637302203,-1.8667884134168193
2477,-0.4167213559102356,2,1,2.3443794674380802,0.2458151590740115
8288,-0.7339806116733851,3,1,-1.194038996400379,-1.875537221586649
5906,-0.2124517391697418,1,0,-0.15174613989620822,2.685317095801384
8343,-0.1249426095089083,3,1,-2.059648500442548,-0.4766613541540397
8874,-0.3029260060194441,0,0,0.5870424573033303,-0.14813603323510702
1874,-0.7993789062160854,2,0,2.3302979777736246,-0.631153908567911
7605,0.3410288142389397,3,2,-1.433845320560705,0.8230073179796055
4239,0.6640453303550304,1,1,-0.1763995194339114,-4.838791620119486
2904,0.406036962232438,3,1,-2.6837844933425887,0.6896671795217083
570,0.787568078593927,0,0,-0.05311932235235555,-0.9834635859672812
1448,0.8670550067504674,2,1,1.9050011921109649,-1.058855924373056
4801,0.8645133959242777,1,2,-0.16359967571965064,-2.535303037758313
7829,0.2347052691484303,3,2,-1.6933079149693855,0.7703442667674635
5118,0.1496263253479142,3,1,-2.5707284894336997,-0.9174017397695065
6698,0.0563311344876324,3,0,-1.9043021935792481,-0.4001670272594197
5253,0.4109010511905535,3,1,-2.3213161711596793,-0.7855135619022212
3226,0.4738906174725263,3,0,-1.4003684143435255,-1.1128666643802048
8766,-0.2896958523071129,2,1,1.6977330827302242,0.3859923430638241
3978,0.1945254562243015,2,0,0.9481715843109499,0.3128966272087576
6151,0.6588933537111858,3,2,-1.5136336469469152,0.8269442768083183
3539,-0.5738866682977282,1,0,-0.26129814621711905,1.0106607424901501
5665,0.5765453956030402,3,1,-2.092546262555348,2.1202726709706674
2827,0.8011350545986351,1,1,-0.011058305212615875,-0.8531252561406625
5430,0.5388538380942693,3,1,-1.3847626344487134,-0.03738563747617807
1338,0.1554600062763251,1,0,-0.6659990666961119,3.8539115107309954
3262,-0.7524558056674517,3,2,-1.329193628189513,0.2216590842214394
5148,0.304617340734479,2,1,1.3099411401326093,-1.1345416947142264
650,0.3143989734812848,2,0,2.830501237392961,0.9041551517381947
2902,0.870896310004035,3,1,-1.0924917423237461,-1.1698370260310875
2258,0.8532856776659192,3,0,-4.374664336391257,0.31846039764120937
6017,0.6441028077397883,0,0,0.07776236182787369,1.674540352380807
8091,0.8296796896853953,2,0,1.5154915896667607,-0.8894596619671894
8057,-0.7180091111724218,1,0,-0.4484579638650094,0.28997581436199155
4429,0.4324642620442693,1,0,-0.6079892582232768,-0.24587090164092854
7475,0.3697678076339756,2,2,2.8071801990182697,0.27049380836035186
6939,0.1031909447324335,3,0,-2.259576284846549,0.8810474482496753
2584,0.102954098381544,2,0,1.985904415202794,1.0237676776457898
3196,0.5789342243149549,2,1,1.0963658709964124,-1.5942261681495875
6178,0.6364137209898157,2,0,2.764549391208325,-1.676040493573043
4329,-0.2270837893815549,1,0,-0.5854702340386346,0.1377361478120186
1258,0.0163229397692028,3,1,-1.4506344540332412,1.5623202470687165
4246,-0.3345669131196818,0,0,0.26049581796225135,-0.48187423668539103
991,-0.2543011825899355,3,0,-3.4342491278985903,-0.6223682438250193
3504,-0.2027887981838612,3,2,-0.7319415993747304,1.9740210085549796
113,-0.9658493539513802,2,0,4.070740216872492,-1.9135543437496267
919,-0.9110589820562112,0,1,0.279106004603522,-0.5549066265494267
2509,-0.8464557566934992,3,2,-1.933140489999359,-2.663680581132058
8460,0.6096188941954463,3,2,-1.179087771992028,-0.6989962135668245
7176,0.5765500270337578,2,1,1.7894183338979874,-0.6731922748314799
4382,-0.9322517002336268,3,2,-1.3596593943772737,-0.5534541228026787
949,-0.6820475048582402,0,1,0.7248900077761488,-0.06788748984376211
4613,-0.1643715810202464,3,1,-0.9352500558748276,0.44409986296803444
3770,-0.0298852126723496,2,0,1.6478201769608904,1.1403898363150686
7435,0.4961743797435436,0,2,0.48652652885572795,0.3396601192459375
2850,-0.555546795280794,3,0,-0.6704326522614669,1.3390645256217202
5219,0.2744790680684867,3,1,-1.7759638594445977,0.34058591593129833
4317,-0.8590337839731297,2,0,1.909975180209517,-0.3985138433166937
7977,0.189959244761749,2,1,1.2325629897142405,1.2799696123813868
6696,-0.1306588680717777,2,0,1.0515681654294888,2.6483685247263558
2505,0.9003981137919996,3,1,-1.2969858506583607,-2.07595349167822
1114,-0.8562216686682593,0,1,0.22311537651398727,1.2804220694065707
8608,-0.0330383202398001,3,2,-4.208278519029073,0.38246283244727125
298,-0.3033547369337848,2,0,1.4009678761115194,-0.7553827237062739
1675,-0.5700879627787208,1,2,-0.5783286510513219,0.4255325713269941
3347,-0.2311771827022373,2,0,2.834895714346413,-0.8040738469758039
2735,-0.2079172640677407,3,1,-0.764464701354221,0.1597653513672608
8787,0.127692234650109,1,1,-0.5219296179393205,-0.6403512331145557
8206,-0.3508562084793203,2,0,1.194292340172085,-1.4073542941668127
4678,-0.3190682826989501,2,1,1.5326120389510085,3.568480279049145
7797,-0.7663687930667828,1,0,-0.581705096986604,1.8726859666396474
7983,0.0690063541040226,2,0,2.250366129886833,0.7061668650937151
4416,-0.1645074339585974,0,0,0.020911697295842635,-3.247822933354508
6310,0.7392665344382967,1,0,-0.366045857776532,0.07888668761184257
2103,0.9184869358451484,2,0,1.6898536519946183,1.1103001737968021
5277,-0.1913044195677171,3,0,-2.2617101693930595,-0.2569919390533253
5446,0.2710936964248716,3,0,-2.167990865978684,-1.604023960979516
5982,-0.7260930105180126,2,2,3.228371859332971,1.4779214668357046
1837,0.7449730305167852,0,0,-0.07800498917964976,-0.3144536671639218
6351,0.8311679673459105,3,1,-1.965760170650791,-1.299360524383518
8651,-0.1002659798076568,2,1,1.193739297828301,0.39201490152013
6562,-0.675872019640904,1,0,-0.5381641281265809,0.7694199263490488
607,0.3849622684597551,3,1,-1.7287699883066847,0.5644831829413718
1093,0.7217562981845802,0,1,0.14523860183940518,-0.90338578846647
4371,0.4034804898494968,3,1,-1.040295592021739,-1.5603469436362214
5100,0.0150984843789676,2,2,1.6165418888200886,0.16232785922691043
7932,-0.1153281639663139,1,0,-0.7498633289576007,-2.3148642145811986
160,-0.3138525305240813,3,1,-1.8003633330679898,1.129452841747544
203,-0.1910918613990446,2,0,1.4123378550861423,1.0394398255487287
5672,-0.6612774444091523,3,1,-0.9717962034574505,1.246972638258394
4742,0.5341586442229838,0,1,-0.1615245534512803,1.6247815869535784
2934,-0.2002947223717499,2,0,1.3536005407925462,-0.03419363555325361
5888,0.8117288299107295,3,0,-3.5522253198037688,-0.9562040735432054
2435,-0.2536242128988424,1,0,-0.8579022025554985,-2.4920319354548317
1230,0.8080184262543542,3,2,-0.5852573396465393,0.4659843418647455
7434,-0.0998797174324495,1,2,-0.9547647537072126,-0.19417663014440864
8791,0.8393734524013516,1,2,-0.7308683286483626,2.3261629789280494
8685,0.018640751997077,0,0,0.49649936158306435,-0.8775774521677725
4610,0.5382881166896412,0,1,0.0835737809476048,-0.5800041649588941
6165,-0.902362940018982,3,2,-1.0374540572959057,1.1311385828807545
5162,-0.0137863685965953,1,1,-0.2767718242097599,-2.394063828417965
4251,-0.649950554204493,0,2,0.40958259730161656,-3.224470228439904
7922,-0.6186285291252669,3,0,-2.0306402959810073,-1.664899197862569
4034,0.819999999713172,3,1,-1.2036309526026723,1.181405969991032
6513,-0.1019918807849826,1,1,-0.27655986641717367,-1.1395108510605316
4771,-0.0147735478068518,3,2,-1.7391519385375622,-2.2816003348470972
3877,-0.9297033216540788,0,0,0.36679650157134136,-1.701972493201053
4376,-0.5312102283329045,3,1,-3.8552348039382456,-0.8548029030826704
857,-0.705068684058112,0,1,0.7223885661941735,-1.0619744458081009
8048,0.7680784504743317,3,1,-2.2008794754872656,-1.1466382906844528
6889,-0.0862339502079831,1,2,0.2561852827146313,0.48406898807201904
2561,0.3724588616322528,0,1,0.15480010094928304,-0.8927107420476652
3801,0.7817350520065502,3,1,-2.6179144911680607,-1.0632408081212368
2640,-0.5210735221284244,2,1,3.0771742501686585,0.1911303005666226
4509,-0.7771463726749233,1,1,-0.1399246989047446,2.08689538677997
2347,-0.6510251780461103,3,2,-1.3252354421385466,-0.631683476837123
6653,0.2423109819508508,0,2,0.45991752113411977,0.5177948005575906
2781,0.5019637860806907,3,1,-1.0511292769888831,1.0954394305710238
4556,-0.2956104403507071,3,0,-1.902807799851669,0.7192137965328622
8531,0.1425950378238862,3,0,-2.3181382831919257,-1.2893429391303737
7438,-0.9509190056878822,3,2,-2.2719329262815817,2.1757320958484603
615,-0.5766545023241425,0,2,0.40018580804243,0.7114818887787301
7007,0.5462889026253499,2,1,2.2674093114901166,0.7534850401741897
2575,0.9857447108671382,3,0,-1.923201590109151,-3.375308126913044
7484,0.5762968278888785,1,0,-0.5902434460416429,-0.16047889720601147
3340,0.1915993548436294,2,0,0.975315318050459,0.7361282537594085
5669,0.4396826206616089,2,0,2.0618240797698952,-0.9288695546674974
1705,0.2953427688669761,1,2,-0.5042509947185039,1.6598184266080045
6953,0.025514564511565,3,0,-0.9575644300756366,-0.10219500296098406
4404,-0.6437238863505905,1,1,-0.4185687617044822,0.14088899151675494
1493,-0.0470297631150065,0,1,0.091590690197907,-2.135374797835453
8965,-0.5917572877306208,3,1,-2.7604267190231666,2.9230003978866996
4537,-0.6623426944392896,1,1,-0.6125861410848931,-1.5310213416284402
803,-0.3367999384091382,1,1,-1.046944377685377,-0.4453193509937184
8990,0.0734363967754083,2,0,2.6865220250545163,-0.47121254960855646
5722,0.1666933098648733,3,0,-1.1339413487954206,0.10552618341959345
990,0.1101424584590649,0,1,0.4352339876613696,2.539911483210578
6597,0.6242539986123754,3,1,-1.370005464797622,2.925774325906214
5998,-0.5819893531916494,0,1,0.4346778640400646,0.7750310326877142
7602,0.1798414358897695,0,1,0.6687921444369854,0.222647960090949
3513,0.8248867218794738,3,1,-2.890501871191903,-1.0771096799456126
4414,-0.6986227201928419,0,0,0.05855237492916322,2.1939088951061234
6927,0.2485245644454448,3,1,-1.9268289518885897,0.5196564516465482
219,0.8864837274779303,0,2,0.09654006755458462,0.46014553055845026
4464,-0.1389618951521762,3,2,-1.0099678095137001,1.5042506984146449
1288,-0.7719000598337775,3,0,-1.9998392385192423,0.35146708356539075
3163,-0.3522908930848405,3,1,-0.9489625985031067,3.8790438220529206
2618,0.8098378531613375,0,0,0.9293863586711746,1.2241770484129646
3612,-0.368442605515874,1,1,-0.5228665546131794,1.6671869340521335
43,-0.0747980789137658,1,2,-0.611975304127034,0.996790400955614
6770,0.7619397774501497,1,1,-0.32436487696893024,1.9310511349488204
3792,-0.2936227359540138,0,0,0.48005789018866346,0.763163004533688
3571,0.9316341476663406,2,0,2.1366594363476317,0.9371342569972447
7096,0.1023775645335214,2,1,4.322406908164006,-0.04642238371183982
1503,0.9146916975560826,1,0,-0.008897163114562075,-2.373290313972184
4477,0.6025455942789344,2,0,1.282828397285583,-1.3081571815781896
8846,0.1967659438641398,1,0,-0.936064167640831,1.4078518411600058
3439,0.0751108452644091,0,0,0.6604856650196653,0.4111592122452152
1892,0.8150279567260583,1,2,-0.6604471340604408,-0.5294500638082305
8384,0.8693434379750267,0,1,0.10441579354255962,-0.3119987468424712
8087,0.5838256834147848,1,0,-0.5218766816861805,0.42914253628120175
5045,-0.7668963813781351,2,2,1.617959534742124,-1.0939931023543525
1505,0.3897554127717781,1,0,-0.5857284319895383,0.2987637573146023
670,-0.7438098939708693,2,1,1.9768155220446504,-0.2543267375986172
7828,-0.3387924983466457,0,1,0.5562895232465465,-1.1267494360182615
5685,-0.4892905903801017,3,1,-2.5547953708431983,0.6130762371258395
897,-0.0614438977352924,0,1,0.10317471177662761,-1.3473066704353718
4978,0.0481705209753871,0,0,0.531691569566221,-0.530837523024314
2666,0.4389462421375072,2,2,1.606963909161819,-0.5893048961967028
3193,-0.6537198017182615,3,2,-0.9366556065951583,1.5016889364628225
2890,-0.5974790308885067,0,1,0.34063485464600696,1.3002929421588345
8181,0.0490176868377969,0,1,0.3479348598566964,-3.062988691660582
4836,0.3331309147189443,1,1,-0.8058503974625242,-0.3726125759233247
6379,-0.1890688380312235,0,0,-0.17097335358311389,-0.35809287478978785
7467,-0.3154283646546845,1,0,-0.8013817811903117,-2.190235122267244
2370,-0.411935431937938,1,1,-0.3286403493454703,0.018709158538660366
6362,-0.2746608382384432,3,1,-0.830551129209488,-2.323316895829079
1769,0.6261108516240326,2,1,1.062457215133335,0.2610680985688886
7121,-0.7838674719853138,3,0,-1.3390668294410017,-1.5700124599794385
4851,0.6414287001829009,2,0,4.045114013223824,-4.376197171704171
531,0.3809585627984018,3,1,-2.6450539154554216,-0.9848840644337477
8428,-0.4270968361666654,3,0,-2.005931049280975,0.2134695118773766
7388,-0.7305411654816818,0,1,0.8205204779292484,1.023430460728861
7054,0.5373926636247994,0,2,0.24515520056930812,1.2124550449451283
7967,0.9252447280744382,1,2,-0.48883594977591205,-1.5528683996610557
8022,0.9602856747504552,3,2,-3.000328197439148,2.12438298831545
731,0.6196774822427289,3,1,-1.4916586709574968,1.8243069217499785
3406,0.7382416190796721,2,1,1.206408631917474,-0.6276123783221683
2339,-0.9114445767340024,3,1,-0.6665229295860691,0.6647658214643767
4872,0.9295740103400248,3,0,-1.9733669726775298,-1.5229455688059617
4701,-0.4289550965051429,3,0,-2.5059124119992773,-0.6899988408404498
2565,-0.6744460306386484,1,0,-0.7475982656521076,0.26818121293408537
6213,0.9090674586193436,3,1,-1.8324110553664532,-0.3529279577582818
8270,-0.4389767498205716,3,1,-2.6629764515743597,-0.028157268668541322
5412,-0.1881886898752292,3,1,-1.1878130490559067,1.7715939282575064
5637,0.7970263042655263,3,2,-1.6130461676405445,-0.9081976008928033
4417,-0.8359997041808409,3,1,-3.299898724983235,-3.057214111396205
7306,-0.3062882087268601,2,1,1.569551343207407,-1.2026701970667446
7947,0.2364016423511574,2,2,1.25788468646434,1.4790441336648665
1255,-0.1538306768717277,3,2,-2.223704586155547,-0.980043690557638
2104,0.3175176152962633,3,1,-1.7398931769024946,-3.3293744838505632
5395,0.1719640280472312,2,1,1.2741076094793435,2.3019745715736426
5014,0.6892439012363383,0,1,0.007650524874924486,-0.7456216721267985
8223,0.385639119858399,0,0,0.6733383194768751,0.9267189948833258
7908,0.0940920368507083,2,0,1.335274355124294,-1.3404824125275059
7177,-0.8639389440729552,3,1,-1.456681014395746,-3.599842504948961
3484,0.0556021029315005,3,2,-1.685577157142899,1.8971876403293286
8539,-0.1390692454003779,2,2,0.96296125240887,2.1237187140262432
3816,-0.6372843027843482,1,2,-0.5448094295787396,-0.5900534104087671
5559,-0.7273975520809994,2,1,0.9762938007426322,2.347773450317334
7039,-0.733459248909877,3,1,-1.1879658121954753,0.8907483093252457
6304,-0.5090671873451644,3,2,-3.3259912634673277,0.8280373831444464
4469,0.8560322896728687,0,1,0.5715606287564221,-0.5309408917950528
1621,-0.8210252974808634,3,0,-2.3429205270910347,-0.8873555963064357
8479,-0.2120011889343029,3,1,-2.446165486855978,0.3717893331429121
6013,0.3383105247072082,2,0,2.1457698244468957,-0.4095256078146175
5028,0.0602500540076347,2,0,2.2175412956451193,-1.606481388270943
7813,-0.9689745179310354,1,2,-0.5969336662943266,-0.5097868015981681
1096,-0.3680138506062351,0,1,0.09747570229026885,0.8049762454503977
5131,-0.9116014651046498,2,2,1.4241712221974507,-1.7914126593365747
8603,-0.6093010358156323,0,2,0.7109302802164698,-0.9014921526414262
2463,-0.4159161878456554,3,0,-2.119427520333347,-0.11328094394863765
8798,-0.6031389390709652,2,1,1.9868254064048725,-1.656797144387953
1788,0.468671756144841,0,2,0.5421362992075636,-2.6333144938325845
7104,-0.5845262315162287,2,1,1.2543994861437326,0.8055343175461188
4988,0.638686754161377,0,0,0.3308125829459119,-1.8166796543256787
4999,0.8142091210950486,3,0,-1.3937214346103515,-1.0729458676005679
192,-0.1565464086253694,0,1,0.29371219152102856,3.2225090106737095
820,0.785798585300558,3,0,-0.8859722153202584,0.05829601616361078
4602,-0.1543891853627268,2,1,3.0151784328844937,-2.007572849989368
6795,-0.5845981262163549,2,2,2.3661027421489944,1.4656560610152711
5992,-0.1758235827179135,3,1,-1.6827385697225472,-1.1044973714692266
4166,-0.5725544601315964,1,1,-0.3136420323226739,-3.2375696115384254
2687,-0.3092673705014666,3,0,-2.738824382971227,0.704440824606046
7295,-0.0437513663456115,1,1,-0.6472815033159462,2.4844273682281535
6009,0.2537842832654238,3,0,-1.1577931412147764,-2.0523629766949685
4813,-0.6475056656995215,3,0,-1.1507293563475085,-0.4110591643192197
5426,-0.0715400147516078,2,0,1.4418172622530032,-0.48574220592871936
2607,-0.6007282870726991,3,1,-3.602243549765346,0.017360865418008308
5994,-0.5729689132756877,2,0,1.1784976402955505,-3.206408877364288
238,-0.5479142844141518,3,2,-1.1177876132661821,1.4580925829401474
4015,0.8368023879792166,3,2,-1.0673134524299672,-0.05452702465853584
8328,-0.3555143102163745,0,2,0.4745274030955116,4.152810512777365
2977,0.939396200226904,3,0,-1.669952432008994,-1.2605025135957508
5649,0.7755046759799669,2,1,1.1467385233740672,0.2872826352330373
5271,0.6120578033323336,2,0,4.303627822663044,2.321389664160879
945,0.1677721510512158,3,1,-1.888873116309472,-0.0018543064204839348
5170,-0.7915913341128302,0,0,0.28840882630443293,0.8730973949432069
6177,0.2489252277419891,3,2,-2.179805138680277,-0.7737016013727388
5632,-0.0381902954803994,0,0,0.04063747970540418,-1.5701136367924715
7249,0.0128191513506041,3,0,-2.2005427146913545,1.219586607616628
3552,0.012084710069006,0,0,0.7180857808344543,0.10094153081619006
8064,-0.5467709874796021,3,0,-1.4313416040516715,-2.1193538563249557
3360,0.3217022975807748,3,2,-1.5007569732622374,-0.3921409663851059
4474,0.3477950279472694,2,0,1.1948090049599704,0.6098307980945777
2410,-0.3894273251979758,2,2,1.0636373704957172,0.6531762707901723
7038,-0.5287734724055229,3,2,-3.735543228908105,-3.0644116599359923
3982,0.0540835053036901,2,0,3.848791243167644,-0.6705046542611158
146,0.5273720195129135,3,1,-2.273071860636744,1.5715009257188683
5358,0.0754107821587459,3,1,-2.8846613599815067,-0.44404116712853486
2294,-0.9071318787706673,3,2,-1.4986212151980018,1.0778091481416718
7207,-0.0725265790246512,2,2,2.4254005348295897,-0.7283347819504037
3611,0.1347955634190405,0,2,0.10674482215520847,1.0186956194123187
1736,-0.3500256711072946,3,0,-1.8997430560291606,0.8852887279083134
6159,-0.7807551612877159,3,1,-2.6281747466614593,-0.7360396551404392
114,0.5571669437026912,1,0,-0.40851774280941955,0.5271371507051477
7744,-0.1376074970113778,0,2,0.4725799813909183,1.01849821164906
4553,0.7230001928222478,3,2,-1.6001587060333524,3.888996504432494
498,-0.4835707790914147,3,2,-1.718041470250406,-1.0384378736190192
720,-0.6275247741844412,0,0,0.3588391083429143,-4.427755831189733
5780,0.8990772819349544,3,2,-2.12762756878866,-0.4017528847623308
3089,-0.3511790080474177,0,2,0.27130638109635713,1.4529095975275308
5816,0.0036124242253097,3,2,-1.388154517651494,-0.3979650795729859
5875,0.8549166476244539,3,1,-1.7233466912732864,-0.08062233616084259
596,-0.4496741900286811,1,1,-0.33604599661172735,-1.5142655392503404
8279,0.8327359332016426,2,1,1.8220843429762552,-0.2870840742225751
8757,-0.2921108728802613,0,0,0.40621740294781106,2.1441609607977603
1647,-0.6740113842775111,2,1,1.5885416685864722,-0.06512449272855374
8857,0.456586976230066,0,1,0.20911646002357215,-0.6719071582601385
2700,0.1971700611991418,0,0,0.6225879202178269,-0.9659373944117351
5963,0.6127571787420498,3,0,-2.3907295903643804,-0.29365569668018726
1700,-0.1832024333455104,0,2,0.41394908066687564,2.066531089950356
7886,0.1383173982798013,2,0,1.447418320846471,0.8976371324766657
5810,-0.028980486436094,2,0,1.9364148112161552,-0.38930685550379523
4772,0.1674885120843183,2,0,1.0000732910565917,-2.9409099970709285
2942,-0.1283677620130059,2,2,0.9594378830615424,0.8504115184499407
5074,0.1615434838377019,0,1,0.6867344961387754,0.6581287092141808
86,-0.3501450013988456,2,2,1.5580330450493372,-2.5927300920099654
2308,0.5884886351884635,2,2,0.8901099621932834,1.5737104221517153
2677,-0.7167654860541928,3,0,-2.4881395809121236,0.1246714181202454
8616,-0.0025843883140419,3,2,-2.3179008427757677,-0.41777215958996333
6216,0.0857656777431106,0,2,0.042310633468885646,-1.2653045446317552
2594,0.6790354393476983,2,1,1.0369704775600392,1.503935274610427
8109,-0.109394907581942,0,1,0.28182536578293005,2.0483448686875776
1029,0.8517373817735394,3,2,-1.7651735925449308,-0.2968748467456566
136,0.6648475638705136,3,1,-1.1735888339928442,1.4552243726140277
5502,0.4270383581021988,0,0,0.15182624840158374,1.5714707313211076
4950,-0.197062537671965,0,1,0.1968384036204555,-0.33385766256278715
7726,-0.8720907756781298,3,0,-2.33516462640826,0.6585392009423338
4409,-0.1523378200354739,2,0,1.5547471408292228,-0.5805445115025974
1200,-0.8325856366372715,0,0,0.09744647411705527,0.15420769063217546
8562,-0.373732128181258,2,1,1.3825588526880197,-0.6981618638651229
5312,-0.5126217246571474,3,1,-1.2591945924366785,-2.086717399075265
566,0.3652888429039556,3,0,-3.3883277437164407,-3.039022625842847
5847,-0.8274025533450762,3,2,-1.4160326641090408,-0.7152405134698986
3927,-0.7370636625410092,0,1,0.9724725725173701,-0.5623185178618039
8339,-0.1912606397810861,1,1,-0.12106134704946414,0.06353982648593513
7289,0.5219308164527587,1,0,0.37015109044890426,0.31289950711622355
4564,-0.73764370896011,2,1,1.1235447686035245,2.7799690716486585
5294,-0.1047784356113974,2,2,2.0434509524787576,0.5075667639115763
5260,-0.3527883962852023,2,2,1.8227640783167218,2.697596075842837
6710,0.4553302753299475,2,1,2.0378656652612124,-0.15250198545779703
2330,-0.5211578237559087,1,0,-0.2940311730966613,-1.0193882698650387
3515,-0.6148239065212144,0,1,0.8416562215006034,-1.2545056146071663
2187,-0.1748718899764625,1,1,-0.35454671957147954,0.06281322462414986
195,-0.816492795727707,0,0,0.420825039275566,-1.9650156704701505
4567,0.6335370330879468,3,0,-2.3740544168103908,0.2020527526953103
802,-0.2433126192636994,0,0,0.4053456414920267,-1.2808272033013308
7299,-0.3187133042289134,2,2,1.7902169825435026,-1.7538607253161136
6343,-0.32758197556721,1,0,-0.07541802126839708,1.3496624623169353
2068,0.0317899019962795,2,1,2.540872838861916,2.1170790708428804
5873,0.9879828464105525,3,1,-1.3248254838858968,-1.4335109942909179
8639,0.9523223041618504,3,2,-1.286050026801647,0.5258389504097674
644,0.7970481928866939,1,1,-0.47309645731686356,0.930200846970005
8960,0.0604693557553324,0,0,1.0792057077381503,-0.2969763934726468
6820,0.1380170327413745,2,1,2.507947651738302,0.4644113692249941
120,-0.4945126845840788,2,1,1.0581064132784437,3.3773173088671875
2981,-0.2727178367060161,2,1,1.9116482925438227,2.209256071610284
3074,-0.7302998264436689,3,0,-1.3455986359048142,-0.9169845665337407
7862,-0.3617162787344339,3,2,-2.4577518227088415,1.362462954905089
3278,-0.5614569119718029,0,0,0.10327459374656275,0.15236170194572826
2135,0.9237746763835752,3,0,-0.9999067901513121,0.4144576875950881
4990,0.4081605400544861,3,0,-3.6037684251503928,0.9258563244912567
134,0.5434978839063898,3,2,-1.3862305658945098,0.6873140941007255
6218,-0.5755222006323168,1,2,-0.34869507660114907,2.2678314290179893
8673,0.7548489823266433,2,2,1.9403798839049062,1.176709272512882
2559,-0.5537579179380738,2,1,1.2495822533465895,-1.554465136701677
62,0.130966175239624,3,0,-1.8222847297368903,-2.2582554177565544
1358,-0.9172982145955764,3,2,-2.309982314953071,1.3205899771908278
4685,0.7362903061557775,2,0,1.275900910219406,-0.7490928580974318
2467,0.2808643825353611,0,2,0.17369976015422758,-0.7925584082646182
679,-0.532487298205585,2,2,2.175068248495792,-0.021992164940448793
5473,-0.0033360653156924,3,0,-0.7930021332289499,-0.8163707793643025
741,-0.8019209227674782,3,0,-2.1022556355687727,-1.1129475339337869
5968,0.3401804608881704,0,1,0.6541721808761742,0.9504480508761411
3641,0.9958658675363457,1,1,-0.3865234005573573,-2.658413511396807
8711,0.9690773845969918,1,0,-0.8501443061357155,1.4610605275408917
8144,-0.9292757786235506,2,2,1.6376346311468142,2.5311537785131026
3258,-0.704995609842868,2,0,1.5965445813154835,1.2666104913585345
1873,-0.1749779359461309,2,0,0.9819719709400078,0.18205303182127777
2596,0.9547964298069403,3,2,-1.198100813823193,1.6534145988960998
1717,0.8069924183883197,0,0,0.5122025560951842,1.757103541866555
8112,-0.4318982400751927,3,0,-2.863941961535786,-2.9812214642666333
2843,0.0041904668278354,3,1,-2.0480382524762994,1.9594732951997849
4027,0.3837123728741478,1,1,-0.7207921732222335,-2.1024375460476077
7360,0.6847850933020674,3,2,-1.1266967511245123,-0.7277594923239142
6459,-0.7158018744343344,0,1,0.41729897931971444,1.846618928425946
6747,0.2630091552863818,2,0,0.5179563162110641,-2.1434494478777277
489,0.766637747423353,2,1,1.4950890627361157,1.4434126413462451
493,0.1065146784865684,3,1,-1.3596510903144978,3.763473231752723
690,-0.1592128740084037,1,1,-0.43115867412580744,-0.7624786911715394
3821,0.0611429127691323,0,2,0.35080712403312586,-0.03600574275909683
602,0.2319173914955368,2,0,1.3760691756101366,1.7908410528066756
1911,0.993177910237948,2,1,3.912121971316326,0.7624137343620389
6752,0.233308257985962,1,2,-0.20927383483147372,-0.8692803739568543
5613,0.2067358577323499,0,1,0.3427097099945445,-1.4094969515880074
6956,-0.6667213523668003,0,0,0.24787037164550846,-1.4733983687813443
4641,-0.8941024043113353,0,0,0.07136995293714266,-0.1429519441711673
3757,0.2217935886517155,2,0,3.2573419398691543,-1.0404955373552356
2366,0.1085595769673255,3,1,-0.7228027563823443,1.8466713891450073
4370,-0.8653025858185097,3,1,-2.1592579531343747,-2.394164301287286
5885,0.909363967557226,2,1,2.982388084949829,-1.8604581323528404
5650,0.6437629672679788,1,0,-0.27453211380227127,4.781334727710675
1361,-0.1525743744880379,2,1,0.8932396457989451,2.484375591073715
4816,-0.36457223288288,2,0,2.0462768150898234,-1.4800836942362494
1526,0.6320725013925195,2,0,3.0161278809121708,-2.283059293886156
7847,-0.239723837213138,0,0,-0.012546502032960007,2.711912607432718
4899,-0.4091003836870166,2,1,0.9577503215061092,0.055114220482011006
7371,0.7270749440051942,0,0,0.21134465771507627,-1.3670325777095158
1551,-0.8063076549788974,1,2,-0.7213981564416828,0.563396187443249
5048,-0.3925041646448011,2,1,1.6508455900067056,1.4618823970157075
8717,0.1865428944658713,0,1,0.23457402480829587,2.5988876079248686
1337,0.4785728111524414,1,0,-0.3459002008087125,-1.5450399556545051
3901,-0.3066448126847203,1,1,-0.27137137503958364,0.6032051939407762
3010,-0.1608689500821964,1,2,-0.2064254581452741,2.704790278325257
7690,0.8973253581719625,0,0,0.7751058554484527,-3.669388247944799
2250,-0.0477200288192072,1,0,-0.043385206194141476,-2.2344928564813125
2346,0.9182101841593772,1,0,-0.5564902039145373,0.9868784285100635
8346,0.1583594947607842,1,2,-0.6984335222251568,2.7533399788968667
2784,0.8552187582588973,1,0,-0.9465949341112629,1.1844638165646935
5382,-0.7148841409713791,3,2,-1.3381112658089478,-1.8357216950448272
150,0.105801651389447,0,0,0.44847526755860156,1.665783543380605
2804,0.9362201467353696,1,1,0.06017249421267669,-0.8093793973532893
4723,-0.1793015186803868,1,0,-0.13589602521801464,1.3665517713280266
2086,0.7893740724723637,3,0,-0.7482331177022643,0.26610064458617316
3751,-0.4401528946378996,0,1,0.792922668258777,-2.3437220891123243
2259,-0.5533812445719155,0,1,0.18298354642629616,0.6846424372857117
4017,0.0095830904308285,2,0,1.4570851735196282,1.8099144236063942
7919,-0.4522411856879686,0,2,0.7700910404437473,0.5701957984047361
4880,0.0101438230909769,2,0,1.3815738744819512,1.3634781469591761
7550,0.9995379297447212,0,1,0.9364100599719067,1.6114081992684248
8193,-0.1951632490469776,0,0,0.14544252256999674,0.2378098178982008
3856,0.7567707658602618,3,2,-2.0349374771499313,-0.08157091891017342
859,-0.537486287369483,2,1,1.3661922791269623,2.652468386888358
6983,0.4365840141426973,3,1,-1.1082111417964553,-1.9791233442700769
6501,0.6916921002147174,3,0,-1.7995645840619552,-1.8472826462077367
8876,-0.1182607442786165,1,0,-0.4077579558681023,-0.45748814960651024
7229,0.9992990686810652,2,1,1.3056655328492197,0.38895093946345094
7278,-0.1205880426200225,1,2,-0.03170226564955557,-1.756195554593937
4462,0.4668883714718637,2,0,1.3453304796398011,0.6751910084347438
6875,0.1808283896234279,3,0,-1.5114706883473281,2.7059601158585322
1779,0.1473173726449932,3,1,-0.850878177743344,-0.7508495336056865
4720,-0.8794852826324691,2,1,1.6091998653509276,-0.9665274128028453
5106,0.7661764481736515,3,1,-1.3639341760418966,-0.6689735793152335
1818,0.4113796088542025,1,0,-0.49128830681713903,-0.5761009760596797
6271,-0.4142863243899077,2,0,1.2921956366380931,-1.171472208116751
2704,0.3300962680233745,0,2,0.4570533909469297,-2.592034055172971
175,0.0974925568803573,2,1,1.2400712587463798,-0.2752433476287668
2093,0.2245781744927535,3,0,-0.8199248714164377,-0.7911557032486214
7117,-0.7859343997250277,1,0,-0.7021762075841755,-1.2546537430356188
3491,-0.5605482725241984,1,2,-0.44692748503567586,1.9563875856749071
7844,0.9538858251777912,2,1,2.6069705302774686,-0.4706614668306997
82,-0.8284131089741087,2,0,2.4705310639658995,0.5096478271882079
816,-0.081146847192413,0,0,0.3620721290953302,-0.3166157934873958
5910,0.0791477186366564,2,1,0.9690700697311321,2.8596356631311974
6965,-0.911784293060363,2,0,1.0664182154486284,-1.646427731552185
6813,-0.1559675892708547,3,1,-3.500929262128276,0.11773686918984105
283,0.8716529337958852,3,0,-2.1475167110370426,1.1721997179262966
7686,-0.7494706625954213,1,0,-0.7886571774173796,0.2962508184974122
6008,-0.4644879102781316,2,2,1.6982894510529878,-1.2946079626926252
7761,0.8131000161870763,2,2,1.5188212386878974,-0.5050355772049252
2915,0.7064054301198652,2,2,3.3296862730762626,4.1542495018453
1813,-0.6504162476540882,2,1,1.538424983654626,-0.9838465429354533
1271,-0.8062542218539135,2,0,0.8402727882674296,0.44211964475720084
4767,0.310010152738271,1,2,-0.6648585431370396,1.1621188160105937
8632,0.5201496020693239,2,0,2.685993663226786,-0.33694853147006726
7292,0.6473784983463231,3,0,-0.9493516814980418,0.2340529783539165
5911,0.2756199689715592,1,1,-0.21155060366163245,-0.22368431976879255
2642,-0.4074711931026478,3,0,-1.2613129188892653,-0.42134946497472753
8923,-0.7504760214013739,1,0,-0.22370576536662898,-0.8477347937732104
4508,-0.6569862885806628,2,0,1.0313920798322167,2.3554223945639285
2305,-0.8525458311052267,2,2,3.9529664767506407,-3.3764411288421505
7417,-0.4337548361954371,3,1,-1.4717374023872765,-0.2051822741203926
4195,-0.331620500563011,1,1,-0.8452375236716114,1.2569565090199994
6817,0.7815034062009747,3,0,-2.388607388320192,0.01740371000824978
4168,0.2040200162961754,2,0,1.6811100104688712,-0.17283169712751986
3849,-0.6809100221404141,3,0,-2.451787636277547,0.38041425241586424
8861,0.5921917661038671,0,1,0.10820026944169753,1.128124782050736
6928,0.4476611617017663,1,0,-0.10647171667644757,0.8911348689392069
6336,-0.5005384311010901,2,1,1.0369570179091874,1.9756989013600255
2414,-0.4281556902990371,2,0,1.6400087439048492,2.101684363905101
3554,-0.5843965336934314,3,0,-3.04128094613747,-4.330901926632674
4498,0.6123483208830105,3,0,-3.4651940837995707,1.5064834669038414
2195,-0.5722569266604487,3,2,-0.9595611792079232,-1.6053664115757165
2600,0.0097195019450806,3,0,-3.1960545938439044,-1.5397102639117133
6868,-0.9370123198489247,3,0,-1.0332498669765404,1.4215018111142228
4314,0.8921369148006182,1,2,-0.6255456920363238,0.7812909728866937
3366,-0.4869256771379155,3,0,-1.0023303932857714,-0.9625926963248351
6741,0.6512235160258117,1,0,-0.43144093361548785,0.8567848472588192
6401,0.5311205251426243,3,2,-1.3704322458604743,-0.6819150269269593
2633,-0.2778021807306416,0,1,0.505344830206744,-0.22425459077291274
6578,0.1102247425050706,0,0,0.3073851745598304,-0.3778726133591464
2434,0.8413353834153994,0,2,0.018785649219493078,-0.2652981650183646
6711,0.5052442065832392,2,2,1.9912882422168199,-3.791446486739911
5549,-0.4287193006727439,2,0,2.06472920644851,2.2019516445473233
5327,0.7541088468406403,0,1,0.3350910446958241,0.917607347904483
4520,-0.7346003721897414,1,1,-0.8432879057400554,-0.5755251028622803
3545,-0.9680348892177018,0,0,0.49940493858549206,3.6537347371608515
7836,-0.7883895585470098,2,1,1.317014341799394,-1.672841420427465
7662,0.96549936476854,3,2,-1.1577966388459715,-0.735944921681759
517,-0.0411016921260281,3,0,-1.5657730215836743,0.1143370163629636
4925,0.1959696781223829,3,1,-0.8688722801394103,-1.4845627096065648
8856,0.2620302654568711,0,2,0.057245589438009975,-1.1972850091477878
1415,0.5299167897977637,2,0,1.6277448663510983,-1.111846749650072
4456,-0.6809507063132341,3,0,-2.02098511648396,-2.3526360449388015
7815,0.8977683526235818,0,0,0.05328428845510577,0.2277721564847867
127,0.6257991385428294,3,1,-0.887478291304101,-0.5161084358400735
3474,-0.5139277192521252,3,1,-1.03785565712898,0.8065531880596275
6407,0.442644226042949,0,1,0.33359517141395206,-2.575079692095811
4310,-0.28429213719997,0,2,0.00036910410790827464,1.2548803426924862
2438,-0.8873158428547565,1,1,-0.6704161179468854,-1.4358587132117702
3765,-0.0545344131980143,0,1,0.05851967455675253,1.3702126277234192
5598,-0.3465120169312934,0,2,0.10708249652541127,4.021237253920685
8012,-0.0986138989810896,1,1,-0.25295647823969386,-1.0220085267039036
8789,0.8617412327947089,3,2,-0.8119600013651456,-0.2986420056322317
1473,-0.616261314277488,0,2,-0.10546750103286279,-2.683047637302438
5570,-0.2495369031947045,1,0,-0.15120061763769183,1.7511599381116014
3560,0.0764668420298817,0,0,0.31372488436533325,0.17472873620855353
3951,-0.2523677115604128,3,1,-1.5186764966628,3.284990382768981
49,-0.0528429593282024,3,2,-2.8340104781151867,1.7572543604043591
7296,-0.4471659063911328,3,0,-1.3769994544063295,2.878110244625892
887,-0.559602165654395,1,2,-0.6137907171569643,2.1337744731801767
2616,-0.4796107183870601,3,2,-1.1904237835882336,1.5957289080912636
516,-0.2281488633644843,2,1,0.7772231563701303,1.7755755145398389
3168,-0.781692513455255,1,1,-0.29004966853903347,-0.8873342095913145
2949,-0.8287423275125483,3,0,-3.04865385560174,-0.7988603801953474
1424,-0.268283827494904,3,2,-1.7624870439423004,-1.7791959150486498
139,-0.7637565902677439,3,2,-2.0278923789746983,0.9160374242567962
1924,0.2421111090300824,2,0,3.3684569368085753,-1.4041922017384518
2378,0.5434847254088866,1,1,-0.6164368288624598,2.2232288796908906
3197,0.1406789140634934,3,0,-2.953968532569804,-2.1156298590544873
112,-0.7580052348449868,0,0,0.16182500925357896,2.4375314568124207
4559,-0.5514313107795139,2,1,1.018531030017666,-0.0990593188918576
4595,0.2362700234565555,0,1,0.0717316802882479,1.4334454797900735
3250,0.1486549513443256,2,0,0.6921188293718271,-0.02668073357531774
8239,-0.6059863087812638,3,2,-1.4389706729964877,4.022065132559228
6790,-0.8602503796337357,1,1,0.02055868677686469,-0.6366112737655395
4546,0.1101795728879078,1,2,-0.34915258220912737,-0.6643060543794167
5491,-0.102840653222058,2,0,1.6780729482184331,0.6153526874846557
3277,0.6447810168861021,0,1,0.15660426107518483,1.2298747859171713
5059,-0.2515491561635359,1,1,-0.8049706286745967,-1.7240043527527344
7518,0.412481281233013,3,1,-3.9755033103134263,0.9158511129383888
7896,-0.4109800636278058,2,0,2.258070776158344,-1.2824848397988131
6952,0.3949592090755918,3,2,-2.592008906042924,-0.24664669058919533
7267,-0.6189585918846878,0,0,0.2662730435805039,-2.551910008462779
5933,0.0612456264547118,3,2,-3.5843886059378005,1.6149630314861458
3222,-0.9680729914593308,2,1,2.339273642004887,-1.7119481373649343
6610,-0.7284002484806933,2,0,1.1234248964873763,-1.533547476021873
451,0.2016633931867568,2,0,1.0322805020600856,-0.1250303437028286
3731,-0.784984435125617,3,2,-1.5076252954275846,-0.5410371256507815
7910,0.0746728444820234,0,1,0.3834961554474897,0.5478489234652422
7661,0.9083254587705532,0,0,0.07473188664457513,0.5223997408727882
2763,0.866149333679658,3,0,-0.9749110959671043,3.217699849640649
658,-0.5131863479177647,0,0,0.6087898869582525,-0.8415697595335524
6173,-0.0735820905546331,3,1,-2.1518469108198475,0.26184824278505686
4620,-0.8907674757020942,1,0,-0.74845978965281,-2.7822742914002596
999,-0.0430253174433801,2,2,1.0201156799177784,0.4886727282999413
389,0.8771411300048804,3,0,-0.9528112352493159,0.7549134881533112
3407,-0.8571225704953884,0,0,-0.07619878625681778,-1.0486592977827691
1476,-0.3214874448789693,1,1,-0.30666983188479335,1.3270933687785922
2240,0.4962039155471245,0,2,0.30640843819238095,1.379166844522433
2386,0.2552340036698157,1,2,-0.45748355162045445,1.674876366962452
8161,-0.4617356122286555,2,0,1.6893666486171748,0.6203294015970119
3922,-0.9482318603050288,1,1,-0.5750582939580245,1.4842980631629443
2972,-0.4876991154771906,3,0,-2.2088197340225624,-1.728470069032437
3386,0.1382156892867907,3,2,-0.9775994066650707,0.8999469809903379
1293,-0.8127978227616939,2,0,1.2473389332013982,1.2810396020119994
1824,0.2675903960592649,0,2,0.17925656611782453,-0.015584520790040768
2873,-0.8088318376664994,3,2,-0.9427910150193329,2.6940575955584873
4173,-0.0624568430285581,3,1,-1.4538875105318123,-0.055855315894511925
2535,-0.2845643963498201,1,0,-0.31110462154809104,0.7351464405831183
8207,0.4020136188065351,3,0,-2.411112788404722,0.1415762169138579
1907,0.8139580264886228,3,1,-1.6919362368703845,2.24220738069399
6763,0.9111393776687526,2,1,2.495035396648067,1.8878962058285536
368,-0.0462418887847071,0,0,0.44179115790221224,0.5211796799024168
1151,0.5224796634754152,3,1,-3.4533532652033614,-0.19204077898268865
8952,-0.7314141988554668,3,2,-1.7134012367215754,-2.4153496227048676
5736,0.5680475656669735,2,1,0.6738033427641282,1.4533793423938721
6220,-0.8412250048479972,2,1,2.0987219825485393,-0.98094094189151
6152,-0.2325474005061132,3,1,-1.068076219044713,1.1070493057972397
6043,-0.7360219528898377,1,1,-0.7255663156856442,0.23109048008157343
4160,-0.6478331624951568,0,0,0.037885880462493055,0.8956529907482415
4287,-0.6587412925971288,0,2,0.28059152329227405,1.452593016431669
6251,-0.3074301215267299,1,0,-0.5542456011301995,-0.15540068172623342
7926,0.8278934097193862,3,0,-1.347603142649832,-1.4280872374698363
174,0.6565616373769116,0,1,0.5710150372496383,1.8701226699172537
1903,0.3343833622399546,0,0,0.6708559659952645,0.6163968679902394
1099,-0.0198231577263374,0,0,0.3903842364828379,-2.171836443977826
6515,-0.8606588663735515,3,1,-0.8928082376435338,-0.01087314547558312
3408,0.3120526390358082,1,1,-0.5005080988840169,-0.7218778111350751
1538,0.1842414392128317,3,0,-2.1759234478869716,1.5601375142590508
2292,0.8690983969280428,0,1,0.3186226178498802,1.2845620754037277
8364,-0.2980723795089621,2,0,1.6181088249616364,-1.12410484971051
1363,-0.3585483233452633,3,0,-1.6301162024252545,3.192376706379221
5623,-0.9406482666801904,0,0,0.6166765525761093,-1.4779827455816352
5340,0.796733538804872,3,2,-1.5889529469430412,-0.48814224646249454
7737,-0.8332878891194027,2,1,0.6504470558516269,2.3088595729076116
5686,0.5278749708543031,2,0,1.7237057942461949,-0.829584848384421
680,-0.3389952994607981,2,1,1.1159869499063395,0.7226331240736242
6149,-0.2103592432286802,0,0,0.5083004890019401,-1.0469244687363952
3664,0.486848057304508,2,0,1.9711925123134453,2.774989245032753
1661,-0.6507888990598976,1,0,-0.2254727480694151,-1.7243290445098454
508,-0.6650600082629896,0,1,-0.12305827639400807,0.07630956558302758
166,-0.4122285348929015,2,0,1.1468929629601339,2.087764247428938
6753,-0.9935422296954975,0,0,0.5860919366277018,-0.7796250556951526
1006,0.9158744330935384,2,0,1.4287649657813284,1.3950022181916257
6848,-0.0111999013850883,2,0,4.003874605008013,-0.3384895391077871
7958,0.4375530490523596,0,1,-0.051166751949280956,1.393090029747345
3494,-0.5994479243727131,2,0,0.9047272108105286,-0.8526056441076163
6743,0.4115714072153686,3,0,-2.497761005354988,-0.49229378614630503
8772,-0.0490877939895775,3,0,-1.3546167525533748,-0.82413430704786
2536,-0.1928807682138023,2,1,2.041834920026439,0.6570025964820413
1104,0.0121586944278537,2,1,1.6462256756027256,0.49168769194058976
3875,0.4446239625268904,2,1,1.7339685443289445,0.8176374715586842
6041,-0.412693460508921,2,1,1.7678346884846237,-0.1035991505613242
1752,-0.510065164173322,3,2,-1.33001719554281,-2.006140635922822
5614,-0.6662507306826762,3,0,-0.6815848617363355,1.124530683674221
2916,0.1911404097970523,1,0,-0.1693437581481324,0.9167728724538086
6475,-0.2627539472328142,2,1,0.9159044259962474,-0.4093350445801958
152,0.3064367067756597,3,0,-0.9984671467565237,0.4377032554951789
3907,-0.7921124486522384,3,1,-2.577765051619215,-2.4705991203194206
8210,-0.6933284381629599,2,2,0.7557421342280826,-2.8567219443448923
2552,0.577693798263232,2,0,3.2132403615048264,-1.1265970954566051
2773,-0.0534412242244404,3,0,-2.3693585679318074,-2.7490750121701524
4914,-0.8898619718680485,3,1,-2.0318811701687896,1.6587366411359004
3551,0.2116707938289348,3,0,-2.7228088646355437,-0.45410115415086794
3722,-0.7006668059712573,3,2,-2.888644048927113,0.3755545639748979
5351,0.9011368619472312,0,1,0.8457401159956575,-0.5390312778924897
7200,-0.1808568396052918,0,0,0.1989707545844876,-1.5073609701586423
6455,0.9870013147095952,3,0,-1.555299219359553,0.8008024546523759
4538,-0.6997922353274961,1,1,-0.6658767807591833,1.1103920883544662
5458,0.9621603780629472,3,0,-1.700553603991488,-0.3844845668997872
1822,-0.2627434362306329,1,1,-0.7598209218433309,0.3644266607565491
4086,0.7712866310957129,2,2,1.6079597389677778,-0.5110281205873273
4955,-0.2746188099217155,3,1,-2.3409101840485658,2.08489052774369
8842,-0.4440021730780061,1,2,0.015857691920295625,0.37649392272196375
5894,0.2507812602508621,0,0,0.928322973967373,-1.4064666707272513
6224,0.9101323918573828,2,1,0.7501517620479774,0.5096182774153052
309,0.7310632897546225,1,0,-0.1844928989781799,-0.12422016570569205
6209,0.4608161689674277,3,1,-1.208060951338292,-1.67390353477026
5882,0.2073383750663082,2,0,1.0609649444902505,1.113589639409751
3599,0.1421252573626334,1,2,-0.32301173489558743,-2.7306168284840813
3622,-0.3786547132511122,3,1,-3.3250847567502695,-0.21446804867874877
7028,0.1307061446710389,3,1,-1.8361775836200305,1.3999321131617881
3450,-0.0102939793133045,1,2,-0.738843542343803,-0.4507231427956297
4591,0.4990568067681991,0,2,0.4913189848427002,1.1651844049446554
205,0.3888332245213022,3,0,-1.6723974492802467,-3.444708035644219
1135,-0.6019346909165832,2,0,1.604999186548874,1.1137359845010235
2749,-0.928471292799264,1,1,-0.5559532730649539,2.1025502968353957
3613,0.5295104445545407,0,0,0.7158671177707258,-0.7626336565371158
305,-0.4301455384870585,0,0,0.22847107938801284,0.3760550798833822
1849,0.500422746221137,0,0,0.6412778467152307,-1.4141995069851034
6842,-0.7896228082687413,2,0,2.986452687614227,-0.060372655803190706
1988,0.97084498191789,3,2,-1.128237618375071,0.7813900568628837
3240,0.0395695159723621,0,1,-0.1991504094930617,4.2853829330027144
2798,0.9736511249647006,1,1,-0.22348770512043348,0.38796145053973835
4515,-0.1452348907408909,3,0,-1.5711528920200477,0.006533918695603334
6204,-0.9885768936393908,3,1,-1.9314947859253788,-1.925947843862805
3109,0.5080402525717649,3,2,-3.1992013063361657,-1.7520176294653933
4059,0.1776729198162701,1,0,-0.41126890103991237,-0.47935374711757195
1987,-0.6250922146288505,2,0,0.8503548023699129,-0.6335962167534426
6599,0.4025431830356645,2,1,2.8177759996813245,0.9068298465537037
383,0.2644978688728927,3,1,-0.8780505309120875,-0.3919153312477657
4307,-0.8876046914253917,2,1,0.9476765329370264,-0.8332386136704257
3388,-0.1328720628407378,2,1,1.2943768855569702,-2.6843275787948735
7854,0.33590109701864,3,0,-1.5779869871353056,-0.6344103678655868
2727,0.2899727560660465,2,2,2.190761135636348,0.5323338163819668
6027,0.4177612814463027,3,1,-2.140306352733207,0.0856958515518178
5057,-0.6832082112157367,0,0,-0.177067409819178,0.928843380544173
7456,-0.7603633121963285,3,0,-1.3720284653558676,2.9037079768612712
4863,-0.5951114396758743,3,2,-2.1127805833132944,-2.9542546342450513
3832,0.3863665369124356,2,0,1.8485736494536757,-0.2845575355436154
7493,-0.0672051137891314,0,1,-0.07177841408371476,1.4531663705799023
4776,-0.6386280946033995,1,1,-0.041455536987117264,3.1184035520913054
4276,0.7757956271018123,3,1,-1.119658168258916,0.09711302721924626
253,-0.3743979525404979,2,2,1.3462453908229737,-0.45779581680010173
8627,0.6959123682527328,2,0,1.9380022452777605,-1.105909033540217
6363,0.5384542865599096,2,2,1.0871077860564047,-1.3431451334462619
278,-0.3779337843979924,0,1,0.3011252419864464,1.4045543734392358
3252,0.6719944836898712,2,1,1.0029228385380422,-0.22765349028927342
2480,-0.8503031851727625,3,1,-1.1017109548662904,-1.3889851970520761
289,-0.1692085873736384,3,1,-0.5504119834825008,1.255632651495812
4903,-0.9202106885559276,1,0,-0.4710600614922123,-3.4836700926105344
3075,-0.931036676549882,2,0,2.9886318712524016,2.3004179089009718
6507,-0.4210529615512965,0,0,0.9083774700916958,-0.886207255073422
6110,0.6623539770590645,2,0,1.9042790551922222,1.159283997235445
5159,-0.8636547511287951,3,1,-1.8797321322998517,-2.474521706253765
6765,-0.8162175134589824,0,0,0.8714752346243236,-1.174005547165789
8743,0.2280700292028437,2,0,1.4496510064542036,-0.8734463901796022
6929,0.3511174815463111,3,0,-1.8008930786999133,0.23395322102371163
6979,-0.6898333056844446,3,1,-3.224852255199816,0.6935654631066469
6234,-0.2333986804812808,1,0,-0.3088721010524385,2.8072630709464197
270,-0.9951724911980472,2,2,2.4141776265660555,3.3487907039718343
4570,-0.8453553089982939,3,0,-0.98404922411835,-0.5970084609523195
6323,0.775984618708911,2,1,2.3186240586824143,2.7193438634077256
6432,-0.4484121847963878,3,1,-2.4633250811147436,-1.5731451124874276
7061,-0.1621380910132701,2,1,1.134513875099973,1.0235450309211818
7609,0.0475871853636575,1,1,-0.3393445563797829,0.7854121437617342
4207,0.4630147393327213,3,1,-4.701872209792548,-0.7685976579938494
3218,-0.0534525116424813,3,1,-1.1258714866139528,0.9351660393055076
1391,-0.267977157071942,3,1,-0.9864589842307333,3.059820120189085
3975,0.7255512184255741,0,1,0.37057146415486547,-0.5726788921291591
4316,0.1637569976698787,3,0,-1.7096767647497702,-1.109984341127267
5398,0.86970562597943,3,0,-3.2925194711036254,-0.8309659144562452
5905,-0.9642352183223172,1,2,-0.5789478015328356,0.2229878128012911
7109,0.554233829642877,0,1,0.5089891773458088,1.0361432634001708
83,-0.243873083126173,3,1,-0.6818101240662497,0.20111001465575576
873,0.3963120064092975,3,1,-0.9823047594144181,-0.0009979762315645384
8641,0.1054463424855907,3,1,-1.5009010316701366,-0.45937004365456063
6405,0.5019269723036399,2,0,2.188935008445101,0.7807034470416752
4557,0.7838143520143086,0,0,0.5883824133564403,-2.2314474303489487
4500,-0.7764520487906144,3,0,-1.5895963129605113,-1.5468751127529174
4647,-0.2099498354591251,1,0,-0.0018959323588180754,1.860041163794665
2038,-0.608442006937707,1,2,-0.22674204201588366,2.7981489494622007
8723,-0.0423129106288817,0,0,0.2715190135958754,-4.593636926552821
8389,-0.0433682546668154,3,2,-1.942029845774649,-0.5954561996459241
2450,0.701807663989406,3,2,-1.5084330559367738,-3.3108183429485716
3954,-0.9291264684455216,3,1,-0.7494918682383187,-0.23622312716277527
2329,-0.981896716488274,2,1,0.9768512747146262,2.130362165354858
8200,-0.4722148764024731,3,2,-0.011343517596055163,2.4380547918352007
5676,0.402659084000013,0,0,0.18902482106979845,3.156248427484774
8423,0.5372440237427412,3,1,-1.0123292545846247,3.1808071462365035
4746,0.9729169894438836,0,2,0.03773524882168884,-1.5156089341403085
8426,0.0447270628431446,2,1,1.3443006848039987,0.42594282017917595
5224,0.8011228700045787,2,1,4.867380054508755,1.036111311492666
8465,0.6617103837249658,1,0,-0.6363180910749708,-2.6265049188929868
5123,0.7415802145291086,1,1,0.008090021139231324,-0.19720695616654535
6591,-0.0899774931312609,3,2,-2.009569322469299,0.2670770193384059
1216,-0.701296159704464,3,1,-1.2613310026520606,0.6999534144779226
7477,-0.8159268858867739,0,1,0.3884314066070705,0.32862789660732
5531,0.2695177005632487,3,1,-1.218853188080079,-1.339324204078719
1064,-0.7843997182085458,1,2,-0.9691177245045904,0.15904866969255824
3786,-0.3509840427285382,0,1,0.6473460852076623,1.0375224599272448
4410,0.5775568495069916,3,0,-0.9234414150012069,-0.5420891071633686
6760,-0.4310582122258979,2,0,1.3875315463596152,1.321050447552966
7699,0.2177830936970073,2,1,1.5471892682707749,-2.1797885750701624
7923,0.6119999115916968,2,1,2.0016962307909045,-2.0892234224961186
3008,0.5194978912646357,2,1,1.753641809082977,-2.477178826194816
1105,-0.49257974763859,3,0,-1.7127779173817883,-0.4693302617717987
5363,0.7143572703731127,3,0,-1.6351474396898926,-0.8145950993962564
7216,-0.1052093125438431,3,0,-1.1252951698800906,-0.14821303273797673
6107,-0.1661650816140869,3,0,-1.4271196655790777,0.062340131024579394
7327,-0.8945725465530148,0,1,0.5260654426621793,1.5726366321292484
8818,-0.9756237363207636,0,1,0.7539125556278075,-0.08354223829112738
4369,-0.8731608641416173,0,2,0.25611328953264073,-1.2798905626885524
2765,-0.784598824482236,2,0,1.5882303923411898,-0.4933082575238616
3929,0.0059883842571955,0,1,-0.0044369763001728,-1.1735156843937808
5744,0.4257993041664754,3,1,-2.8460918136187754,-2.524515761537689
8184,-0.315387368283798,0,2,0.1521912320427711,0.010167234022688062
6046,-0.558905852187046,0,1,0.22108296295911772,0.12920964562101253
5681,0.7331503851803809,1,1,-0.48174706414774326,-0.16587906372727187
7626,0.8384124535007342,2,1,1.5513713676048229,0.18469877598348913
2451,0.3206097881986627,3,0,-1.4977707335059374,0.6904126724010481
5026,0.4763594469839118,3,0,-1.5969597820560857,-0.18574519981035928
6529,0.5411790163253998,3,0,-1.571296914086149,1.3706775498973818
3824,-0.78888890611129,3,2,-1.3234263484147424,-4.387276786302562
7953,0.5385699620820452,3,2,-1.958963037416728,1.72859662884355
2652,-0.8532006837297688,2,1,0.8764912543019565,1.9525593490967454
8179,-0.9209376797850412,1,2,-0.6064114698343982,3.148991615929347
3743,-0.4599316182000881,0,1,0.23046654416453433,0.02650264855916203
2176,0.2768601927894623,3,2,-2.522494010489532,-1.4751506457675907
8329,0.939142366946656,1,0,-0.019165808712395323,3.6236515472371225
3318,-0.4484204660852675,2,0,2.0557776398392695,0.49320590518588325
5114,0.7271290646864854,1,0,-0.5890991252841733,0.8681188847055651
2787,-0.8100632135684829,3,0,-1.918462480226861,1.082247137189861
4105,0.5082629515898409,0,1,0.3854029151148003,1.4311159734492709
8323,-0.5721104256516845,2,2,2.5652866833068084,-1.1283907004147333
1676,-0.959618881791438,2,0,2.2677828175654677,-0.6415661191870919
3947,0.941657947194126,0,2,0.35844026049074706,1.970579707286029
7219,-0.172533957314602,3,0,-2.6073004188176405,0.10653619388770419
7159,-0.9831877323834052,1,1,-0.36952118410813833,-1.1259788915665745
5368,0.0427012395478121,1,2,-0.5126480532980467,0.714709166780819
6244,0.4641487371510171,3,1,-0.8675660779719181,0.8162372375539421
5974,-0.3963977943211398,0,0,1.0278575195347492,0.44691002676796526
2503,-0.0139446550258437,3,2,-0.9213985025613919,-2.1898099864287617
7080,0.8171719543283338,0,2,0.5119647558751298,-2.908929837163915
2369,0.0924092070702018,2,1,1.9200413871167645,-0.4999964060400166
2217,-0.3168615519537259,1,0,-0.22573980429239537,-0.1506348895939933
2218,-0.0172223680050944,2,0,1.7253571775599459,-1.528863487227527
3326,-0.3023782327513127,1,0,-0.02583255923619182,-2.735392845620978
7595,0.8823905547591062,3,0,-1.1546417632182935,-0.07789322673993503
3583,0.3855524234136409,3,0,-1.9650928562106047,-2.950947534913554
8284,-0.2163540096540672,3,1,-1.4684442486028275,0.3977015054403686
6584,-0.4393315773191621,2,2,2.3995222261873836,-0.0440229308372577
8775,-0.2321139607347411,3,1,-2.1341093408550385,-0.2718703843964167
8668,-0.9258397945865776,0,2,0.6785128163532784,1.2235342637185143
7672,-0.6111086467023554,0,0,0.3848629447034043,-0.5926918338286896
85,-0.0952507966875475,3,2,-0.7711765546680656,-1.6102462797510624
2801,-0.6929384685604585,2,1,4.292481386456449,-2.4150059515730984
3671,-0.4676370575919548,2,1,1.3776522392532573,0.5789070230390317
3667,-0.6882301636065513,2,1,0.9298374301587925,-1.5137215050127908
8812,-0.3697048290043163,0,0,0.2854804670666291,1.9661162892859831
4590,-0.8030073871205692,3,0,-1.114726488767296,1.7179181443329103
2019,-0.4716209784687131,3,2,-2.1481265309961115,2.387380543658708
6297,-0.9744437067322724,3,1,-1.727125734916412,-2.5146612086944033
2525,-0.0654110134604033,0,2,0.9373698019975965,0.8000225292697586
5880,0.7227402722228216,3,1,-3.826249974587036,-1.360457847950978
5018,-0.2948174112879542,0,2,0.2981338171080187,-2.6324748286779367
7569,0.5786003496523897,3,2,-0.6686526514754565,-1.2479371326383426
7227,0.966508047637894,1,0,-0.22355728937452637,-0.7751855487142172
5447,-0.4609894694007148,2,1,2.7355615891286384,0.4728580977826822
2895,-0.6732443678545639,2,2,-0.011343517596055163,-0.9708567794024683
7557,0.2153905445450963,1,1,-0.05427717162816198,-0.413704129202467
4714,0.4230500523248908,0,1,0.13428624069073014,-0.684711374450712
8275,0.9904292278303648,0,1,0.4620086765322404,0.09401417751327994
3425,-0.1570629456519257,2,2,1.1430061912621305,-2.00342463788741
5583,-0.371348116820438,0,0,0.5956500453534903,3.569837829231091
5417,0.2770286016895849,3,2,-3.16139843907924,-2.886402078406597
5808,0.8160103800430023,2,2,4.601257241678893,-2.350461335763273
4977,-0.3060495231153965,0,1,0.35309162730755006,0.7539496068187118
5836,-0.1898884709050203,3,0,-3.11468561653822,-1.1580750462684868
2001,-0.7368061843862979,1,1,-0.15745810274511182,-0.6368180915542869
7316,0.9279550508798728,3,0,-1.489454024621838,-3.560429217989437
869,-0.8279088696515948,2,0,3.3344916752825644,-1.8545704757986556
356,-0.450122550704175,1,1,-0.0038285756256162262,0.9068193382236419
6576,-0.1165708557598501,3,2,-1.0565402350018571,0.9184288513514423
6194,-0.465068908330674,3,2,-4.516297327027575,-1.7826367919686026
1275,-0.6013143205756146,0,2,0.6341999765872408,0.6644110707657752
1890,0.940659152559556,2,1,0.8362612979518826,-1.1199959259542742
7458,-0.7425377766238104,3,2,-1.2023530412414698,-0.9093952022189945
6596,0.1878010734306141,3,1,-0.8225416761564057,-1.3670154292775507
8251,-0.80740843957702,3,0,-1.7349299208520645,0.05195602940418107
3563,0.9971222724637034,2,1,1.9833882369927824,0.6893488855511891
4958,0.5451346772486667,1,0,-0.0024859536510635685,1.2639779189279199
6919,0.3713718785538134,1,1,-0.06470212560157021,-0.06559105102904925
2380,0.006117580765163,3,0,-1.4196743129487663,1.2986155120421474
3823,-0.2570794732260613,0,0,0.3061535249192049,-0.1617386259622102
8598,0.8534730535234964,3,0,-2.0257560640106207,-0.9134076181264462
6926,0.0534033414980898,0,0,-0.12901047604549437,0.5291843818288569
3306,0.4978152865870291,2,0,0.8629250083607306,1.4097239244603825
7582,0.625248951075001,1,1,-0.3501604544191248,-0.0007320871401930301
3499,-0.8599215029361593,1,0,-0.5913460671381754,-3.009918359098678
5371,-0.0759335741704914,3,1,-1.690388518268172,-2.2019802058202345
1116,0.0157420952617612,2,0,3.921356739457975,0.5316191614769542
8878,0.5480184499603309,2,2,0.8160340319707924,2.015352255272234
7698,0.7288457451235861,0,1,0.5750325113870848,1.1485234313470292
6847,-0.0811966145458771,0,0,0.8443917280572975,0.11094418229453602
7237,-0.2844934145310238,0,0,0.29086776593995606,-0.6346831068103717
7831,-0.0008442431444184,2,2,1.1889764552582012,0.4309512395784109
3645,-0.812223791557634,3,1,-1.5345013046320304,-2.0443414421673944
2500,-0.1741593305314797,2,2,1.0866726440878485,2.437544788367421
5244,0.9834011935527862,2,2,1.7796831818162593,0.4171018062491602
2783,-0.7386906089279359,3,1,-1.7260779341087298,4.357999347933476
3809,-0.6383991526652881,2,0,1.2699699226398629,0.5601658291762528
5333,0.3108397505974998,2,2,1.9160646252075741,-1.9935634743510757
7382,-0.4284132953887192,1,0,-0.7160570744068533,1.5052420087334306
6282,-0.3358061465590261,2,1,1.4392952230888922,0.24671196495171446
1696,-0.4739903120512692,3,1,-1.4277977778423994,-3.36266007770474
5908,-0.569633915626425,2,0,2.8522598577502056,0.28630428147848314
2052,-0.1335539272190149,3,0,-1.0615224091270115,0.7240399456852815
1776,0.8077826881788637,3,1,-0.8802361144474046,0.7955893862816724
5283,-0.6443612925293776,2,0,0.7447699095750525,1.4581805780854589
3313,-0.0323527955063152,3,0,-1.618721335931379,1.0865330234436603
4781,-0.5770159113509379,0,1,0.323506532247525,1.5497532398669254
7047,-0.0434541516889213,1,1,-0.6859393433246674,1.2504080089806262
5460,-0.5238598486272497,1,0,-0.13572120913667182,-2.215909569029545
1592,0.0722004451684381,0,0,0.4874381771955569,1.4550710382404055
1723,-0.7535282141774775,2,2,0.8533000252901515,1.3917163509769115
7660,-0.1881153774528881,2,0,2.0840919586059843,2.8080165300933757
7568,-0.1312265936011989,2,2,1.9099348997650967,3.85107701923796
6679,-0.7098005989900318,3,0,-1.1011184136585441,-3.2596587196296394
490,-0.5205874795073517,1,1,0.11896403190085172,2.751306288447518
8734,0.9605574781026645,3,2,-2.338042832073344,-1.2418018434696154
3483,-0.7264875125153869,1,0,0.027452364346384622,0.5408562200488028
3431,0.1279335423931082,2,0,2.2858955045316334,-0.3005930653736747
7269,0.7233299386520118,3,2,-1.1670463947332999,0.8254840011513069
6200,0.8748584643778576,3,0,-0.5775372949129238,-4.054330642330761
25,0.3082407306760353,0,0,0.2156549185725642,-4.121273363086059
3512,0.8753872687763606,2,2,2.6981333332167017,-2.1429863031105367
2409,-0.4119718267597965,3,0,-1.8652656152996658,-1.1648809493168397
3270,-0.6279365146366125,1,2,-0.6633944054895053,0.46577127425350057
1552,-0.5502259806408898,3,2,-1.1968012813812994,1.3118882036087152
8265,-0.2871992287699874,1,0,0.02695847557249134,-2.0463270499839497
7584,0.1433493689522933,2,2,0.8930807055110094,-2.562833437121929
3871,0.5766733270379394,0,0,0.23378890962312654,1.1519733631845002
3402,-0.0002795976078431,0,1,0.1537374723907062,0.5037625785805231
4529,0.113913982843772,3,1,-0.8160475392906341,0.6317768593866583
979,0.3442017294465049,2,0,0.9072680627599572,2.608255585112524
2655,0.1992666606551472,2,0,1.4830436684357637,-0.4835840614163837
1847,-0.4248720750102555,3,0,-1.2859372015119752,0.707052755277255
6403,0.6635146009799204,2,1,0.889951062125958,-1.152884814368097
6660,-0.8438238821457524,2,1,1.58942598984982,-0.5188218173034267
8114,-0.7249903150244237,3,2,-1.4086359256170558,-1.1137044977417754
7283,0.9396526227826624,1,2,0.07056047662322462,-3.5903119595492092
5798,0.0483582208819235,2,0,0.6744322828937463,-0.15896222630058535
1102,-0.5776111382908373,2,0,2.90740584694038,-0.02906338856448865
3276,-0.8292334694145433,2,1,1.838774428875095,-0.3058479576080923
5937,-0.3042119728849619,3,0,-2.456321292966572,1.4864350908050248
7275,-0.4364793446282247,3,2,-1.1544549172128924,-0.21110100224895148
6826,-0.8859126366167789,3,1,-2.5785209542123493,0.009595631804786467
3996,0.8435206730156377,3,0,-2.666112541141512,-3.1360268276826013
194,-0.7704912731945606,0,1,-0.026060364212660454,-2.0690942427865315
8171,0.9239650534646596,2,2,1.9768408100504697,0.09993058174182153
643,-0.9732746971521806,3,0,-2.5232972053250062,-0.5126256158673569
3285,-0.918294121798176,2,1,2.305699596600265,0.6325922121105902
3116,0.0935409539155958,1,0,-0.3230010582932945,-4.144880551100935
3575,-0.270666941050288,0,0,0.35810658596976624,4.0697797775267075
8023,-0.980236958762124,3,0,-1.5102756240088109,-2.1022114482696224
4320,-0.8992109523847993,1,1,-0.10449515460356415,-4.668598507615773
8992,0.6231580174851277,1,0,-0.382372297537617,-1.434081808948697
2207,0.9101995906519288,0,0,0.5367544141806162,2.1486257094145724
4552,-0.6307577367319464,2,0,1.2770216902816174,-1.2818581045928663
5884,-0.7848245721402334,3,2,-2.1061697149332033,-1.5850600090983162
3718,-0.9990053698937538,1,2,0.16252459855424178,1.5914974840222076
972,0.6894183334305397,2,0,1.4115214440852386,0.9157008160217028
7324,-0.1310436762013231,0,0,0.8052868732673937,3.92374457512855
719,0.3371890269233626,1,1,-0.11497603404246431,-1.170332435811741
8483,0.2430073592144901,3,2,-2.3514914955469304,-1.2863943313130062
3896,-0.4270625951520297,2,0,2.4746743967065306,-1.5667445878679631
2803,0.5221458144483329,3,0,-1.6464365069430615,0.9442283306595692
2566,0.3566531101157602,3,1,-1.6638827385990278,0.16925248144068625
4025,-0.1633153756547791,1,1,-0.4027218807763309,1.2199982751617606
32,-0.8736834322446578,1,1,0.06090983155176723,-1.3410236896225178
6774,0.8811011603541825,3,1,-1.8216549440437424,0.8419595063660265
7697,-0.0058521489596055,3,1,-2.1520637881732827,3.804660949808607
4063,-0.4506671645260101,0,1,0.3363829109624009,1.7033171327013725
7900,0.7175744650199394,3,0,-2.1780425691463137,-0.2441874126648201
1697,0.7885016275634751,3,0,-0.8620155299747676,3.213840580746727
2792,-0.1997223897000255,1,0,-0.4606883565037877,-1.3754778988408844
2222,-0.5549461321128162,2,0,1.0214791080566639,-0.7075534883788407
3764,-0.2127846305442049,0,1,0.42607616004883303,-0.47107933642858296
3866,-0.4970030770773548,0,0,0.40348004259999054,0.8178522455773507
7499,0.971528756221134,1,2,-0.2875115163008254,-0.9849483271656624
7881,-0.0072603740042793,1,1,-0.5299727394833171,2.4799016652263357
5377,0.0780364440275747,3,1,-3.5978813100541283,1.1148197913057905
6906,0.1090923644607533,3,0,-1.6150497729757107,0.7014960277923873
3758,0.6126023826727356,0,1,0.5200004766408111,2.8980038040887823
8807,-0.7532379365743243,1,1,-0.03444217276453479,0.7402818201116043
3227,0.2446829265840036,2,0,1.2148337267020883,-0.4787058989935031
6273,0.5710758326924394,3,1,-1.5391759539799885,0.8452806329888665
6886,0.8406633153983372,3,1,-2.129225745518034,1.342754692418356
3904,-0.1695627143997884,2,0,2.4773603648184648,-0.10388686445219641
2277,0.8967219969141236,3,1,-1.757123314185368,-0.17812855234600863
5485,0.4093658720683257,2,0,0.9635923052515498,0.9333747744311177
1401,0.3690256984043694,2,2,0.7751609206137462,1.762678548849397
739,-0.4971118955841385,2,0,1.7466037087792372,-0.48018408401417606
4266,0.5962730835605945,0,1,0.44513197236613167,-1.842275487182295
8872,0.4282875015459351,3,2,-2.639774208376722,-0.10800740115222136
5909,-0.8430426038079202,3,0,-1.1699827699515053,-2.342811440344344
6101,0.6388229322575445,0,1,0.2585995350781336,1.2109094685077466
3851,-0.7799733044202206,0,0,0.9012231355602468,-0.29861985537849073
7352,-0.3092176710086356,3,0,-0.682399732527256,-5.12093258197828
6594,-0.4159713933260924,3,2,-2.960558964310624,-0.22373216433096457
5234,0.5477316398703993,0,0,0.4463489417367862,-1.7503668725512342
5513,-0.843850219049584,0,1,0.40705144424727924,-0.6698972868389602
674,-0.386224455262697,3,2,-2.1386681859065075,-3.643735838971167
5709,0.4021137998290809,2,1,3.147053752772712,0.3514654804464081
5129,-0.5496257041010819,0,1,0.0648840428211413,0.1473221022771272
3841,-0.4822021688112972,3,2,-1.1037695804009804,1.7945776368222786
1815,0.2266561191182474,3,2,-1.5567627934546497,3.617394889976181
6823,-0.8948173358136662,2,1,0.7175260664480153,-3.0059445103487263
8854,-0.3418907697733204,1,0,-0.08604022800859326,0.018787888485961333
8269,-0.3151002487635426,2,1,1.464814237930109,0.6279481345101791
4653,-0.0033863575346704,2,0,0.900691700372311,1.7685775283224254
8611,0.1941202822933094,2,0,0.894653327079015,1.49704385405085
2100,-0.1511485571209876,0,1,0.7201162631803453,-2.623916709017213
1673,-0.9297222794355344,3,1,-1.5658914141978293,-2.387678956922322
2101,-0.8901491537672113,3,2,-1.4001795797900116,-0.041262936601207605
4213,0.2397225343153466,3,2,-3.098428456487303,-0.3705171142521148
5606,0.2276517103629449,3,0,-2.2256443651402864,2.1309880905902117
1548,0.0603092563110978,2,0,1.2743243393524828,1.1385873315564112
8523,0.9115842108234036,3,1,-1.375899014298168,0.9807781262503874
3323,0.7311426629311584,0,0,0.4434252531822024,1.740478131681506
5839,0.5430293358398528,3,0,-0.7607600913416278,-1.2123986120179535
355,0.6693054890005437,3,2,-1.7203592971091792,-2.6160944697560002
1461,0.8292268983628843,3,0,-2.1382112544868566,-2.443362830063599
7222,0.8750176370832612,1,1,-0.34744445827226533,0.7362255102336044
8444,0.6556477700838075,0,0,0.3399935045733198,0.4526168904412002
3220,0.0921668737716994,3,1,-1.7351298727705649,1.3480136029210346
7001,0.9068776494066284,3,1,-2.2375668289688657,2.8429576997250354
7936,-0.615802432864919,3,2,-3.6105506677056165,1.8215273609438096
1751,0.7959329845561316,2,1,1.2199276034019395,-1.0562463687565116
6438,-0.91502598002771,2,0,0.853411518407158,1.3605045695568396
6109,-0.5334582805115957,3,0,-1.3497635961232928,-1.1856917504072477
1772,-0.8239411210536682,3,0,-0.7406370789148117,-1.9826910404320912
1196,-0.3411018614555137,1,1,-0.1509720640557332,1.231388677123891
1878,-0.5355766762154852,3,0,-2.835479723975991,1.6508243183985793
2668,0.6009595280590037,2,1,0.974960637610187,0.45586842911985465
3171,0.7696473825857386,2,2,0.9795595660562234,-2.190766436865186
2016,0.9637893541906531,1,1,-0.27432605138533894,0.3154562637190946
2005,0.8689371193096893,0,2,0.32572129024895863,1.1573540403977824
7505,0.8616241461595275,3,0,-3.2632297453416577,0.4173662599755579
3893,-0.8722894772148824,3,2,-3.166189916412976,0.8376470365083425
3237,0.1044920498650008,3,2,-2.2126685229051093,0.13222226330527254
4424,0.7565189835732324,3,0,-1.3564967457584318,2.3305856183296636
4744,0.4739057119102949,2,0,2.6566956128523547,0.709963797266219
2078,0.5939784957686629,1,0,-0.31555536558435493,1.9087086062668839
396,0.9663992855434892,3,1,-2.884734240418332,0.32016128800193006
2788,0.7035818231427124,1,1,-0.6608614576195201,-0.9507677191642644
8278,0.4916528983656223,3,2,-1.3085580558132732,-1.9061731881152948
5235,0.405646603660011,2,0,3.4298053090722185,1.8776441951456178
4072,-0.4644212006588404,3,0,-2.369653598168413,-1.4108424118609226
8102,-0.1209621426621516,1,0,-1.026225347227816,-1.0053448678509482
8552,0.8796862118437043,2,0,0.8083948888332472,-0.9341079681881149
5822,0.3807018439637553,3,2,-1.238459895084882,0.37669143813820977
1519,0.4514081230330491,2,1,2.4601851036574263,-0.515271708883705
6581,-0.8111097625775887,0,1,0.37847637356928543,-1.7348993400331896
1378,0.4686036662067414,3,0,-0.971625482084898,-0.3373590942454341
1023,-0.4123162077273725,2,0,3.526808787960375,-1.2147832980245161
2587,-0.6722515542760632,1,1,-0.48756783929910946,-2.805915148288044
6142,-0.9909719041442512,1,0,-0.31961803088170854,0.7009321880724101
5008,0.1080942090028995,3,0,-1.5247466605241822,3.7764302594691945
2857,0.6969682606203964,1,1,-0.2934892109292686,-2.68868583621767
6676,0.8315650138926114,0,0,0.0252225561318404,0.035016655081755686
5761,-0.9202760531783556,2,1,1.0110983538121787,-1.5901178508413991
1629,-0.5736361506803351,2,1,1.5615124417854898,0.8748053869000879
4888,0.4566883181560612,0,1,1.6941338890636202,0.5603295784449615
4526,0.8349959958412894,3,0,-2.312064490347571,1.280116739119143
3523,-0.2306334827508935,2,0,2.6771736211267783,-0.0843170985488615
6256,0.2100400492088419,2,0,2.244585114927423,0.7796196418763226
3607,0.1780543857637964,2,0,1.7828008005066893,0.894458263035648
8474,0.6260215478352884,0,2,0.8363921627350772,-1.2644412912710077
234,0.3013959725609247,2,0,3.522624500568096,-1.8215339758972897
7153,0.2748734728152631,2,0,1.3548491692855196,-0.8242213228154608
3796,-0.6366718515971059,1,1,-0.5089653774903751,3.2185855848417257
4118,0.0408163431378378,1,1,-0.9061778704869334,-2.2763544854365567
5001,-0.1147716838369796,1,0,-0.9447896113519446,0.5819595639306661
3800,0.7985704196431094,3,1,-1.9813288192405802,0.9951465156746081
6064,-0.1516138603779691,0,0,0.19839772207655534,-0.2575148034615083
8771,-0.2821470073970711,2,0,2.5116370974602553,2.201204938542356
5024,-0.2511259080612606,2,1,3.6265934069957617,-1.9307128156826066
1948,-0.4307053710770545,2,1,1.7567818682995378,-3.2027137613621393
470,-0.0539428794932306,1,0,-0.3216697192941653,-0.38084732857891135
6070,-0.1267062412617312,2,0,0.9318136918367782,-2.5843770515709963
3492,0.0528092020921666,0,1,0.7474800190059557,-0.04831732327501953
2671,-0.0956446779389901,2,1,0.9394838053619846,1.0753654564824273
8147,-0.8027401309308095,2,0,2.923536103581257,-0.7925136717740869
2224,-0.2330165118190812,3,2,-0.9048018527922319,0.02556450548185803
1106,-0.2733365143642199,2,0,1.25735430390196,1.160137741073191
8066,-0.6234689775771904,2,0,1.8580350817803573,-0.5345828194877594
818,-0.4386779060386503,0,1,0.15419375026031457,-0.5830473746490888
4523,-0.0150643282472515,2,2,3.4794246333969343,-0.15411524412060484
7625,0.7730650909964847,2,1,1.0753120442367374,-2.9572865796774273
8572,0.9488402115795596,0,1,0.5861089467171858,0.10789180082616572
8429,-0.5005989701378224,3,0,-0.7542291821348921,2.424580884764342
8450,-0.6548874272056631,3,0,-2.71841375417714,3.351690696518405
888,-0.3130222701237306,2,0,1.0522207047015772,-0.39410440943916836
2437,0.3349765431103302,2,0,1.6689715302225276,-1.0697378642113669
817,-0.9786596014806908,2,0,1.3702755835237512,2.137083280006575
3414,0.5452433826083294,3,0,-0.6636869816528678,-1.4656054357693573
2341,-0.3463130204549718,0,1,0.5490995731200051,-0.20689234439722884
8034,-0.432224520492565,1,1,-0.6136464315753507,2.1716960897601294
3167,0.1534266100217376,0,2,0.25309682495633157,0.719601815730404
8385,0.7282903980148854,3,1,-2.2686467421646084,-0.19560813773771757
8669,0.21030912075066,2,2,1.324902634501604,0.7611775092896794
1264,0.9187598134843348,0,1,0.21517405164791362,1.9056126250253929
5086,0.6634584226012794,1,2,0.06672443035189916,2.153277920118988
5194,0.3598952517170926,3,1,-3.0098993750851673,0.816244789613776
4449,0.1333985721193729,2,1,2.3730179406412004,-0.6313680675901107
4945,-0.3925170710932766,2,1,1.7145767746270733,-0.23185092934135443
4045,-0.0452899127619816,1,0,-0.5180463330070351,0.7436181263180798
7074,0.3898178405765229,2,0,1.273308486868206,-2.0013121879603815
7887,-0.3032325140290988,3,1,-2.0216294989413277,-1.6383579360227365
1228,0.3105607504565824,2,1,1.3426961798333967,0.7887626574679816
8073,-0.9192544848860282,3,1,-1.3926894154153655,-0.5503665362215998
8536,-0.318994255994814,2,1,1.165345904112329,0.6619073588859402
5141,0.1921298033161063,2,1,0.7902686096258151,-1.2754611633878177
52,-0.7739043036938966,3,2,-1.2470418098102418,-2.9180222215139398
6126,0.9365893784253304,2,1,2.024846035175333,-1.7433892324534366
8033,-0.6608049902508857,2,1,0.9860383389519481,0.044968296206047066
159,0.0987749001958333,2,2,1.1576641339540368,-1.4533688135908474
6067,-0.7333842450158814,2,0,2.065548440953043,-1.7658907331038332
1587,0.8475056085675579,1,1,-0.5816553269104245,2.438938691708932
1589,-0.6167222753696373,0,0,0.12677993662089668,-0.6257793656596028
6442,0.3826396576407793,3,0,-2.1315663317130147,-0.6749121590903675
5314,-0.8749032535291692,3,1,-1.0682623445159718,2.063321133012876
8332,-0.0445302919781118,0,1,0.183344664587945,0.7980302626322184
3858,-0.0576485740887837,3,0,-0.9613901704772976,-1.9980921402677225
7824,0.6118067657626169,2,0,1.481324220162152,1.326071144119902
8127,-0.3028454317658571,3,1,-1.567815167112215,-3.2176213733808328
2828,0.3394621529222781,2,0,1.5585434069039406,0.14156950555955605
436,-0.4437127820429343,2,0,2.6410126115274983,-0.7448688461569658
7341,0.0280757997440685,0,0,0.7392481723786335,3.5599700618811965
3878,-0.9711280419313586,3,1,-2.1740329840876216,-0.4095534151811478
1588,0.6338818469233012,3,1,-1.4175408003305163,0.20226528751189846
2780,-0.4963095283091872,2,0,1.1637009419457516,1.1940839079720622
7960,-0.6625588795222423,3,0,-1.2360547712000132,2.1674476493434365
7225,0.9259876636533928,3,1,-1.6022495894246946,1.279407769774844
7204,0.1983773964543251,3,1,-2.882451660021556,1.6056272349341774
4727,0.6593876925098441,1,0,-0.730991282497129,-3.356724753227885
973,0.5740439069116614,3,2,-1.0836208159212173,0.4604024806689185
1238,-0.4655960174924374,2,0,0.5083721178667001,3.1528436094050853
2951,-0.1558944246102147,2,2,0.9615667762570703,1.414811781540001
2342,-0.1663549989965556,0,1,0.6037271370529698,1.4862466499264686
6270,0.2066023752546166,1,0,-0.540053903622565,0.12411566666595238
2158,-0.4698838287249529,2,0,2.2018056559426658,-0.028051564637137
5309,0.4155854620528525,3,2,-1.3520061238932959,0.706091231517524
1497,-0.0165460727912396,2,1,2.010598532367795,0.7451609155751463
4545,-0.182363057245168,2,0,0.8186936877361504,-1.9562155090191524
4257,-0.8351394461066688,2,2,2.2103130396857167,1.6092615418786107
2422,0.0598911881399966,1,2,-0.40247348021903123,-0.48770052910225853
5185,-0.4102213442652982,3,0,-3.2465017836912438,0.5609504658619047
357,-0.0081933338080564,1,0,-0.5389713597842478,-1.1222385400412187
5242,0.6872812325585567,2,1,0.9293988921828791,1.4419615959344068
8935,0.610362697722524,1,0,-0.0397818066202571,1.0063898392197619
8579,-0.2862660014653968,0,0,0.7453212709620904,0.29057872523755734
2092,-0.8588676044552805,2,2,1.0417973454538676,2.5777690586958926
2015,0.0300032798971465,1,1,-0.39344277908001724,-0.953486167516029
8093,0.5890535459967432,1,0,-0.7267387549739837,-0.6147314362200261
7142,0.8029837413835905,0,0,-0.005847068471558636,0.40186065059207987
187,-0.137166547583867,1,0,-0.11264071899564417,0.29358691625599975
6499,0.5383594334334203,1,1,-0.6260183750374984,-1.9615301346796192
3655,-0.282350238085135,0,1,0.8689807122380333,-0.38092762396213126
3426,-0.0211786378657914,0,0,0.599490679863065,0.40596487043303453
5787,0.7836128289371322,2,2,3.024527672828225,2.11909139021914
1381,0.6097081897896344,1,2,-0.6121676459579609,-0.8626905013189615
8105,0.9359230417659096,3,2,-3.262459124833994,1.4767100007507425
413,0.6847312857115935,2,2,2.048885674551161,-1.7190007990465526
5037,0.2361276712705096,3,0,-1.1890676668292104,0.14235837854360583
4897,-0.3360958116740555,3,1,-1.9067520115417635,-0.5697769983473976
3336,0.4790272137163207,3,1,-1.3812170892712632,-0.8582743891949519
3606,-0.0073860011515212,3,1,-1.5844486156861664,1.20239538089366
3175,-0.8982305319812578,3,2,-1.315414713537321,0.5350969654028571
8061,0.3429650586151065,0,0,0.3827615048501858,-0.058530256280406735
8736,0.5394920479686038,0,0,0.4265116295089753,2.740957548737463
6268,-0.5444793849184952,2,1,1.2779537953890292,0.06520312473374514
256,-0.9759303693515452,2,1,1.9231764988621975,-0.7397238078639189
5689,0.7059433611608152,1,1,-0.2894045027079609,0.6294157610368919
200,0.369848456297855,0,0,0.7850236780455028,0.27469274313374825
2235,0.1651677261961097,2,0,1.2942647416840634,-0.03471799484910593
4743,-0.6243436822940993,0,0,0.6137424527693568,-2.537352700791964
1767,-0.6950195678424207,1,1,-0.26061770726469835,-0.17668536796529724
4236,-0.2257876376640439,2,0,2.0630265263091143,-0.26415878579502516
7010,-0.8015801446781783,0,0,0.6891630295483455,-2.147785227082362
1572,0.6257068797875274,0,2,0.2966614479815843,-3.0915194075210537
24,0.6342026403503189,3,0,-0.9918965592802376,1.8350220571852247
7738,-0.8879951057132416,0,0,0.4873636314842677,-0.3704400639417597
1088,0.7748013805128877,1,1,-0.23836518758008396,0.6321748961841825
4674,-0.9534291271779378,2,2,1.0868120672745523,0.4616915254485629
2694,-0.0976369126000333,0,0,0.7145967940664014,-0.9174078349047795
7282,-0.4338121354856159,2,0,3.0490333127071088,0.3861614526460418
3398,0.0205002643119738,2,0,3.2399218762558584,-4.170877114229243
3559,0.6382546641604134,3,2,-2.053325671322652,-1.0935450284317016
8229,-0.5288626963945531,2,0,1.496182726797429,0.8196496028980956
2841,-0.3787387917868379,3,2,-2.6977974926988084,-1.9372229550248312
2311,-0.301800925818902,2,1,2.89086014217703,4.351035771992304
7729,0.7012664704207552,0,0,0.19852299064215892,1.4557633021763172
3234,-0.9662501909204808,3,0,-2.113608820624558,-1.9586026648331947
4152,0.7642376669649849,0,1,0.12257894678256454,2.3629518356325776
1309,0.2493360226309318,0,1,0.9152244948286636,2.427218809715992
695,-0.8427737108679332,1,0,-0.6749540124024287,0.9422632615986624
5375,-0.8229603053323453,2,2,1.1392101615255004,2.3636279002093383
3752,-0.0494570396831972,2,1,1.9466751278948573,-1.4046495947557949
1227,0.1844626701821512,1,1,-0.17893967713650985,1.0790300998329612
1999,0.9921301598892432,3,0,-1.2428710316679588,-2.4554665331360344
276,-0.1228030527952144,0,1,0.29167165355114416,-0.3896197566798227
5452,-0.5605724922138491,2,0,2.6891628334969684,-0.89328397317938
5701,0.4825559533299606,1,1,-0.35130069809728165,1.354176305408183
7755,0.3942304206879508,0,0,0.2347484951924553,-1.45943329377129
3637,0.1096704678905819,0,1,0.5036364080080223,1.7932633530753248
6642,0.2930751479461473,3,2,-1.5265117678733735,-3.2336640787763895
4778,0.2973871778702779,3,0,-1.6787035538523518,-1.2639037952270777
8727,0.9387656888057192,2,1,1.5709310241724375,-1.1380064569761315
4117,-0.1917845833987979,3,0,-3.148601662617799,-0.49240211992191796
5663,0.256169846492841,3,2,-2.5929399579587,-4.380096581854123
1137,-0.2795477387520866,3,1,-2.239089098041829,-1.0390138831514326
2767,-0.6390098685123125,0,1,0.7267897049460443,-3.623731097503793
6582,0.9577059313414292,1,0,-0.6473757570306556,1.9836703917069112
6196,-0.8600269795102815,3,1,-2.388748820046266,-0.5489234116521283
942,0.7768542400134055,2,0,1.2984736212287356,1.5464108854447522
6162,0.0981254436653196,3,2,-2.497288445597435,0.24862237891980907
8435,0.0369207875449084,0,0,0.21143102129102254,0.16093001648129032
4935,0.6185342957842799,2,0,0.6514820520137974,-0.29249530222789527
3935,-0.0408111092784844,0,1,0.3645107721744036,-1.7042377969486946
7653,0.5051272876324375,0,0,0.7359575105131442,0.3122122627581048
2384,0.5105646448604064,0,1,0.12737007633065361,0.40449315660159274
115,-0.1931787993232319,0,0,0.350972579758422,-1.8769767373164443
7842,-0.1235926057973482,2,2,0.7736266820737345,0.5688459427554196
8977,0.676256278243949,1,2,-0.3997673947818994,2.8168449374877276
3119,-0.273486532434777,2,0,2.5878697300528706,-0.6789192270693484
4258,0.8946571272572363,1,0,-0.00018208755382331798,0.8472360070772832
5404,-0.4255055052533809,3,0,-1.4862292420042273,-2.1317543521267055
7052,-0.7362090339447138,2,1,1.4751974926884424,0.4946087122681357
2819,-0.0071785021890333,3,1,-3.024610013073703,0.7557715754119428
3822,0.4486286994340482,1,0,0.07506528544209252,-0.29538077445131905
8148,0.5100511817349305,0,1,0.40025197506714183,-0.5218649016679074
4699,0.397953157800478,1,1,-0.6682010008929398,0.9173058610356158
7846,0.1817016085025511,3,1,-1.5702055615562949,-3.0913381561578483
3802,0.2687491058369524,3,1,-1.8626634969248321,-0.21384777156395937
3536,-0.7003742681204297,2,1,0.8382878489505167,1.7193849718373404
3825,0.3086437414374412,2,2,1.835086921468011,-0.4607183092180614
7376,0.5138407255046091,0,1,0.9295259707269581,-1.26182582723829
7309,0.7733737863367893,3,2,-1.6353726158013537,-0.26920634708294594
4810,-0.421395504356064,2,2,1.2828033263925844,0.9637750740971051
1946,0.6604218236078818,0,1,0.6447145589849335,1.3887607387307135
6307,0.2208584312713639,2,2,1.7568879027163704,-1.2740178041403454
5746,-0.8154387048161997,1,0,-0.4433882890290978,0.752361900816097
5335,0.4440606952757766,1,2,-0.6381657702197314,0.8639034658247654
3488,-0.5607859136308224,3,1,-1.1215329858854468,0.8677190382962493
1610,0.9771494656610136,1,0,-0.49719614109263416,-4.076045572739453
5687,-0.0590704763235558,1,0,-0.9132966480247645,-0.7372172789104919
4677,-0.5718501804751994,2,1,1.6739370569008007,1.294986432067087
4959,-0.4080465021058352,2,2,1.0041127984779037,0.4168672945116792
7604,-0.9610681471852576,0,0,0.6707848559528427,-2.4909032894304923
4761,-0.7914951702331408,2,0,1.1359960802729385,0.460447602690467
2194,0.9304465203611704,0,0,-0.023984303802035076,-1.573814318245742
6629,0.9407420027796554,0,1,0.833557550175559,1.2760716672900194
5113,0.4005237014983127,3,2,-2.4039144062075386,-3.2252595992845197
557,0.3219773902896243,1,1,-0.5351412081976457,1.1703037712583033
8614,0.1319062634251955,1,2,-0.20903214015895127,1.1668585713206874
7478,-0.2266106295677319,2,0,3.391263315712818,0.8365053325721549
1207,-0.9157256785408876,3,1,-1.204508428941409,-0.839642089078664
5666,0.111321851374031,2,0,1.1016955105143418,-2.388753586491205
8602,0.3739241725399296,2,0,4.257105917407992,-1.481765928361984
1510,0.7138232940405904,3,1,-1.8632541532187077,2.9537713390844473
3829,0.3307063084907529,0,0,0.6630454828680082,-1.9966400315699369
3732,-0.9894219892458358,3,1,-3.40294244282661,0.9101957478538288
6398,-0.1959673271796356,2,0,1.3327308092595616,0.4577957733329859
3211,-0.6639650260032304,3,0,-1.8554470326501455,1.8193658495093434
3630,0.2245987242601592,2,1,1.1308004142578576,2.247086072088657
8141,-0.2061271244951164,3,2,-1.0602498077603284,3.816573174943734
6701,-0.5359948323985784,1,1,0.00854858135286242,0.113288064569654
266,0.713450671610339,2,2,2.6982804091147203,2.3350610042793765
1140,-0.0798424974643494,1,1,-0.5062667619385393,-0.7910994799054185
3162,-0.4901784900624841,1,1,-0.8229946791847599,0.6082050401192025
8413,0.4657070297852121,0,1,0.2327109486871053,-0.2871512197944846
3730,-0.4026062329478905,2,2,1.2957746538591377,1.9899222981266835
1909,0.5015394998241631,0,2,0.25000974354707145,0.48258939501127607
5876,0.8331901010881315,3,1,-2.609646241903249,3.6057102344072196
2660,-0.6571582893608057,3,2,-2.055911653049678,0.9717423606354166
656,0.6690830309537381,0,0,0.12298883047836273,1.2830363212694949
6942,-0.3950527087668287,2,1,2.01597201660809,-0.0690164957690033
6296,0.5439121471481325,3,2,-1.495377290897207,-0.506706893043257
998,-0.9576318115742866,3,2,-1.0696831815043868,-1.2344645920801247
5967,-0.7526322394371687,2,1,2.068055252875067,0.14419969271804953
2834,0.0542543194586839,1,1,-0.43571168402423444,-1.4530349138758252
8246,0.5411802868521758,0,1,-0.11065821951440558,0.25764555997453364
1237,0.4394273202210719,3,2,-0.9178275696730123,1.0257867183683416
8151,0.5182521517312195,3,1,-0.6470527318468667,-0.9312580560324424
6366,0.6883763307397261,1,2,0.026518197296567222,0.3138698797065437
7715,0.5907278316082523,2,1,1.0793600202898257,-2.1370532455957467
5091,0.8755545214486291,3,0,-1.3260213385241575,-3.2088266316752247
2186,0.3734121859022308,3,0,-1.4409712500497718,0.8748036719190448
1134,0.2961633293738561,1,0,-0.5066037869235602,0.2813812617639136
5004,0.5322482339317245,2,1,1.3946872912679669,1.7864854319000276
1303,-0.0767466974750989,3,0,-0.9870328716227684,-0.8524757700888851
1627,0.2459670102739393,2,2,1.915959127178834,1.2024371274727124
7975,-0.9888341808251364,0,1,0.5023630658917281,-0.9818320425942998
1522,0.7692226098448365,1,1,-0.44800445093278335,-1.6497795691200328
8826,0.4183950094635169,3,1,-1.8312991160386543,-0.8401715280655674
358,-0.2378709228232163,0,1,0.35210393913179977,1.7702304906794417
138,0.3571360736648492,2,2,1.1781478243860244,2.0526257248695496
299,0.6689010800894657,2,0,0.8883872397598873,-0.7398087284705656
1556,-0.1561773757513536,2,1,1.4808020741279644,-2.194649065670958
5099,-0.1253560688360104,0,0,0.302465618699504,0.7173345156240735
382,0.8613656062503321,3,1,-3.656813313272181,0.3899288985525069
6784,0.7642419432214071,2,1,1.0124606943283074,-2.426125330877839
5597,0.4852924900782807,1,0,-0.4387972881636365,0.886366263601706
4857,-0.881597361961189,2,0,1.510109339035553,-3.4498390723662347
7789,0.1197238507632569,2,2,1.7180666825758952,-2.01096686641211
7115,-0.5997607210986533,1,2,-0.4838503985860953,-0.9350350192198796
5743,0.2422649254526354,3,1,-2.3963979719294235,-1.4664058061537002
7920,0.1201293611082059,2,1,2.0874372710866513,2.809130057689584
6761,0.0819838763073605,1,1,-0.4312155401352848,0.5475959194449177
5698,0.5507255526692332,1,2,-0.0024150964430584253,0.27392416692243016
8297,-0.119603358340957,0,1,0.6443406151949658,2.1662584689140076
2721,-0.7846486878612327,3,0,-0.7948413510063304,-0.7566063501184459
1932,0.2001138513069624,1,0,-0.8523782434603911,-0.1826414762581782
8078,-0.4270136776047668,0,2,0.6301259341818286,-1.8842512086678118
3236,0.0419173123197793,2,1,1.624234452753658,-0.26062833826901977
3140,-0.136073528752451,2,1,1.410999485468634,-0.45343043897342294
4163,0.968288534389389,3,2,-2.8698983369663815,-0.9221792453883325
7796,-0.3013281247382326,3,0,-2.3979308714369045,0.2984037130073561
3807,0.6439145134457853,3,0,-3.2173307948370145,1.26106480787078
8525,0.6968665407359977,3,0,-1.6253028692146274,2.4836462655403246
8686,-0.4823465375674098,3,0,-1.8096946953738628,1.6530693732223176
4154,-0.2811511413673926,2,0,1.3963084869953555,-1.0081886839508731
4172,0.1564132826432582,1,1,-0.7411333409598605,0.9163866484442761
796,0.3944825978822104,1,1,0.09418014120704597,0.2650308627252977
2416,-0.6132822898714356,2,0,0.8665049291342992,-0.520630735472174
785,0.5224071994850796,2,2,1.8075801045835835,-2.0989751524670908
3158,0.8903331280722171,2,0,2.0609193974306694,-0.28558649469373937
123,0.4790109080509197,3,0,-2.334899247312212,0.04608645412444875
2172,-0.5262669923389778,1,1,-0.5437931994216842,-0.0033663645563806375
7081,0.1865803896924347,2,1,1.8925205743097742,-0.7666212607712205
7021,-0.5874652278617756,3,2,-2.402460904584799,-1.5446639299437976
8360,-0.2574223744440558,2,0,1.005005710285933,3.021044659357402
4340,-0.951889695224896,2,1,1.3358336557885186,0.8025100549651464
910,0.5175527787776106,1,2,-0.42128207802694656,-0.37923301758533084
2309,-0.8806346979263786,2,1,1.1502329778946985,0.9148768327845627
8688,-0.7043214046103321,2,1,2.969773211744335,1.790444972400375
3634,0.1284012291335259,0,2,0.6689529957215824,-0.36516570728054937
1257,0.323758556329516,0,1,0.7889820926416313,2.9100140494295257
4458,-0.0357530456217751,3,0,-2.2838466805568363,0.6871929573961331
1178,0.6696628621903105,3,1,-1.5683592629093646,-0.47772307588606483
4652,0.5519698993218942,0,1,0.23064580889617803,-2.6760325987735225
3650,-0.6581853029481444,0,0,0.7995444013114934,2.532670728842007
442,-0.7739676318854807,3,0,-3.3511541087713272,1.4147036992743935
7525,0.5869935162744191,3,1,-1.7173150287095282,0.6462219513778003
1399,0.2727174002177364,3,1,-1.2904896190509318,0.15121638321954453
1457,0.341141697452219,0,1,0.8325070016693299,1.1406084417349158
8440,-0.4081496766637555,3,0,-1.2606230016729094,-1.4798009587444618
1054,-0.6970221480187817,3,0,-0.9515675663803649,-1.3624107995167734
5556,-0.7933308000283215,0,0,0.08211563740169375,-0.9372321657470183
3275,-0.0033358352015626,2,2,2.279605835975349,0.36907397104111056
7514,-0.9333700554618164,3,0,-1.9788847288730347,0.26096512284353895
3699,0.9291179413293772,1,2,-0.26711931649130793,1.5847719771300817
3759,0.0849746535004132,1,0,-0.13669151183436792,-1.736800058073652
929,0.3441254284224624,1,1,0.05766440931331197,1.0744427195648238
7171,-0.7092198102525757,1,2,-0.33085036715030924,0.4030375511894199
1829,0.914611278752336,0,1,-0.04045426624739451,-1.2844823117971398
2928,-0.303992462480301,2,1,2.588518044078545,-0.19161119580986755
8436,0.9725685516254036,0,1,0.5038194406795955,3.1552782868963463
4221,-0.2092185954977585,2,2,1.502411631756498,0.3477256772658137
3546,-0.0352914848443757,2,0,1.1226860768982303,1.691724442128832
7880,-0.1559073411034301,3,1,-2.348774857039153,1.1930851316556221
6523,-0.4081858198635628,2,1,1.310282429751097,1.2556858983163035
2011,0.7323249819589626,3,0,-1.2133438613987777,3.2565642644591706
7427,-0.8751090914209934,3,1,-2.030563664292903,1.0167705937898
6672,-0.0737416299866353,0,1,0.4415802227692904,0.5055560903966035
3219,0.6655293558591997,2,2,1.2901302679681739,-0.7516123059239321
2606,-0.4307224256522675,3,1,-1.203703250607671,-1.2811984542999728
3264,0.5097206045993374,2,1,0.8359666923358823,-0.6158014468087899
4928,0.912936937207762,3,0,-1.8631640459053629,1.8986922559458346
8882,-0.5041239490293119,2,0,1.5871670032690963,1.251880854377396
6526,0.7901465500070852,1,1,-0.5844855319342872,1.9397501066681357
6,0.8647075886499744,2,0,2.7237397082472823,1.782893787400661
2980,0.5867296174199872,0,1,-0.057823691713170575,-0.5483866160581415
3361,0.8970037721936104,3,2,-2.513591082196212,0.3530185644578021
4774,0.059634377884171,3,1,-3.7476994322493606,0.40911182171028276
1943,0.8662029745832245,1,0,-0.8160883056037178,-0.9412382192657036
5981,-0.8655071632894533,2,0,2.721874925988802,-0.34058774306835193
1635,-0.0346896163730929,1,2,-1.001168762583845,-0.5476189272974729
1141,-0.8375302093383605,2,1,2.3991838288791967,-0.17203209469972505
7521,-0.733787964938651,3,0,-2.417798719230602,-0.7661213276435584
6286,-0.6815259946838541,3,0,-1.7283888801034535,-1.029063646569277
2070,0.1513299407683881,2,0,1.4646243605685703,0.8283929005939444
3134,-0.3613339889009037,0,0,0.0538596445172432,1.5481235080168652
5160,-0.3541067986446273,0,2,0.6265618208612497,-0.06743121275920082
6239,0.3835452393856478,0,0,0.5677810825328323,1.0498011777573757
6728,0.6808409169045253,3,2,-1.709041954692797,-2.504933252644958
2242,-0.5519586647775958,2,0,3.15014568817339,0.1083406810306637
1474,-0.4242599757517689,3,0,-1.2804117701988933,-2.41453863432399
7272,0.7738161771125203,2,1,1.157321834116324,0.9291942813760783
1889,-0.4827855553076532,1,0,0.055257265455482624,-0.07238224378625487
3435,0.7353312194017787,2,2,1.2817285508200138,-1.6005176393417042
6533,0.595319777623655,2,0,1.925194745065636,2.341642768313516
6187,0.8954078088456139,2,2,1.4961420655638804,0.012292151090611774
3705,0.2071479315523701,0,2,0.8703157729840821,-2.190425099959312
2021,0.9247126608932724,0,0,0.22211325598559675,2.49028290224251
4020,0.8466810073735225,2,0,3.4594202145363333,2.08142869040771
7696,-0.6940693712765755,2,0,1.5651085374834857,0.9086809059478278
6997,0.2596273274483611,3,2,-1.024838454177893,-0.18981807449457253
7540,-0.4552297953947237,2,0,0.9344204076541286,2.345703515548171
2658,-0.3416980705023758,0,1,0.2098888287590367,-2.451552392384781
1130,-0.7094045007121486,0,1,0.6155369297773805,1.1282332557373076
7633,-0.3691411976383631,2,1,1.0741582733084776,-0.43814808860644944
1819,0.571050595533146,3,1,-1.2807603643385164,2.867813329308978
6011,-0.4616942111611966,0,2,1.0159638305190863,2.7688528975669278
4318,0.4263838567220013,0,0,0.20172295828954256,-0.6713049686031658
8640,-0.1013562971343153,2,1,2.670386958247585,-2.950584489210568
4144,0.3605483970715275,3,0,-2.4730765741105216,-2.5449408487674856
4669,0.2865891955336439,0,0,0.27910426510747394,-2.175383815568157
1236,0.5644928606218098,2,2,3.061246563489338,1.1360878506231693
5476,-0.5048626001367074,1,1,-0.29364249637672896,-2.027971164638217
8852,0.7133085522430433,3,2,-2.8075380945681325,0.45914372937925463
1856,-0.6140907987036233,2,1,1.8173139137308627,1.2918242727319569
2282,0.6014895566924772,2,1,2.0619661168417247,1.1979720209384064
6946,-0.2216476333714419,3,0,-2.7611438855190182,1.0063950888440127
8382,-0.4740547710335971,0,2,0.3171034211474679,0.00935723790170212
4093,0.3651419099404394,0,0,0.28980888241752906,-3.4681907345553795
7503,-0.6631440582900232,0,1,-0.09807019811939377,-0.13266089753853413
5200,0.8597402907202423,1,0,-0.8151697794268462,-3.289682622449986
3421,-0.991804931374795,1,0,-0.061088948842694724,0.09583513461578808
386,-0.2766514710728411,0,2,0.4361431163203846,0.39527844258756856
1628,0.1057462395906303,0,1,0.35155264852303414,0.7444969540121456
3585,0.420073636758526,3,0,-2.079762068804701,-2.390989878334809
7894,-0.525764667741957,3,1,-3.1231044344495116,0.348399003674011
2714,-0.6770684867531012,0,1,0.7390806079021104,-0.41384614438272443
5770,0.8726693630164479,2,1,3.1141856188227077,0.2583998575612821
6982,-0.5276728185289101,1,0,-0.3946103225655473,4.1445250856492715
8383,-0.9770084816955742,2,0,2.058328355367924,1.27826150680443
3189,0.6443043768861896,2,0,3.002817113810588,-0.21940380153378425
8970,-0.3759186112513342,1,0,-0.5397009934707552,-1.2961117817425754
4305,-0.5694273410084847,3,0,-2.549343465802501,-1.2596393137502127
909,0.175805138384566,2,0,3.7107666063918234,1.7632998765680057
5385,-0.1194673141764397,0,0,0.05520947247979932,-3.234525126400822
7403,-0.9614527650515784,1,2,-0.044309543051386145,0.8459751640580021
1866,-0.3408705346977287,2,1,1.5086000276487237,-1.361788683956761
1842,0.4672478482652076,3,2,-1.0543589803057207,-2.4889676449287155
2497,-0.6291145512235277,1,0,-0.5835215147741318,-2.439350337996705
8009,-0.0465771727241142,2,0,1.6939999569373476,-0.0919656849567267
6354,-0.6704336684895202,3,1,-3.213332355404747,0.3762267764044034
7716,-0.3565032824689669,3,2,-1.3016045128736295,1.2079547609759629
5054,-0.4712160453163891,3,0,-1.8685220367551938,-2.135070543533186
4006,-0.5041528481159157,3,2,-4.255411638672424,-1.1390338845806076
2702,0.517072359080605,2,2,3.2276177773778127,-0.10631507625199395
8042,0.9991213226808382,3,0,-2.5927004477395705,0.059037797332869325
331,-0.1633255080058731,3,0,-1.5788050015175055,2.4424264130555713
5748,0.6308162000654778,1,1,-0.2247475650600863,-0.8925028052366591
7924,0.982962436613068,1,2,-0.5367956377185984,1.0745578836014253
6554,-0.6508562578830805,1,0,-0.38690045507405924,-1.2183652845246729
5775,-0.1093978006409817,3,0,-2.3329278279549204,0.94733790231979
2459,-0.4374623600854523,0,0,0.9066249540758275,-1.8668212985619543
1774,-0.9839682162355076,3,1,-1.2013649924373295,1.339176143200394
6108,0.4992117635601054,2,1,0.8135878381829867,-0.6274054498576206
6418,-0.1438942808855852,0,0,0.8030524383939667,0.23695527350547738
2686,-0.8136641162419436,0,0,0.7741989087942645,-0.19072344659967122
8220,-0.6379110731764168,3,1,-2.4355630194180447,-0.30916569429417334
7949,0.827097880212248,0,1,0.09486190062891835,3.1271143840143893
5668,0.6224853964307275,3,0,-2.977764965027259,-0.2659250315082472
6838,-0.2681912202124525,3,1,-0.5555690672266824,0.9868940542167014
7202,-0.8163439808300983,2,1,1.3247658228045296,-0.567854093470294
7542,-0.4865941070325816,2,1,1.2414258192280838,-0.04990431713946183
7482,-0.8902505375626044,3,0,-0.7371940295796983,-2.7515930649293128
6993,0.4817876066724671,2,1,1.6554811509814793,-2.1908850698182243
7369,-0.916023299809788,3,1,-0.8202385322251856,-0.26199910729969994
5462,0.3979679781435161,2,0,1.806655824083764,-2.069901908099954
173,0.8252416861694993,0,1,0.37517787478892006,-2.5512313777213236
8714,-0.6228531020923771,2,2,1.2104313176328323,-3.200993090227154
4615,0.9157918122488272,1,2,-0.7400171695253039,-0.5092279293037811
3321,0.9390672963292924,3,0,-0.8982014746408878,-0.5603897392476899
8663,0.0669083356853705,2,1,2.837673818137218,0.40886376108314754
3372,-0.4112411066912098,2,0,2.5362261978339626,1.389894722057852
3311,-0.7151771604418604,0,1,0.7623315090327477,-0.8984584198657423
5867,-0.7793225230470904,3,0,-0.8761328643626749,-1.6168030575614418
6098,0.714029441041033,0,0,0.42850376694135683,1.8415031984451566
7669,-0.1798275345210664,1,1,-0.11126191336968744,0.48615319150456093
6551,0.7427300891143633,2,1,2.0230899649752025,-1.4309999613716975
4679,0.5767142337217395,0,0,0.22902278511810548,1.2084704029846058
3403,0.8626417230985599,1,0,-0.28853598700804783,-0.9094076216456797
18,0.4371121014751549,3,0,-1.5294230829152293,2.842458314832649
3691,0.621268783017902,2,2,1.233986925955015,1.622765647754375
7396,0.1982944389766252,2,1,1.990210034757562,0.5549448865304926
4096,0.033855958148365,2,0,1.1278036950152348,-1.637621336612443
3628,0.2990161265410229,3,0,-1.8238808833330542,-1.218514595702862
7747,-0.8968780276447108,0,0,0.8693407628430765,0.05193202823124752
2174,-0.4237068280360512,3,2,-1.1126568353269097,0.06965932538725106
1356,0.2491340368855796,3,1,-0.8720712520631664,3.3065710979054557
5002,-0.1032869974248338,3,2,-2.7444927813746465,0.017386156056729135
5939,0.4779979899552733,2,1,3.8653528400403103,0.7687913095516596
8548,0.6831684442528447,1,0,-0.5534755641411125,1.201158615815659
3112,-0.4486741351648466,1,2,-0.6520531799671643,-3.295745034811944
182,-0.4706363155866335,3,1,-1.8063660623779607,-1.7211987308387002
7644,-0.561271640338395,2,0,1.9477467461026114,-1.730834056315336
7740,0.6884019816015339,2,1,1.2354488944706223,1.2756132469551187
1812,-0.6663823470193087,2,2,2.6852618034765645,-1.0061430171789474
6330,0.0348186040312137,2,0,1.833743202044251,-0.14484222977974048
6992,0.0174769525366109,2,0,1.4897223415322456,-2.644751378503257
4912,-0.5189444004514305,2,1,1.4045649224408274,-1.7919219145017253
7191,0.2469648806956457,0,2,-0.11702156461557761,1.5061804169330497
1800,-0.324344741664583,2,0,2.768696977345779,1.9198733090456603
2429,-0.2258013091801392,1,0,-0.3552334426370895,1.9905242658005997
5482,-0.4806123749133282,0,0,-0.10305902779940652,1.4182238853846236
7558,-0.180304815444463,3,0,-1.427263220023951,-2.0254781078128867
6032,-0.7309524828728833,2,0,0.8374118517346709,-2.7420752491608105
1968,0.9753567100504246,1,0,-0.4065109842661341,-0.8411851872806432
6829,-0.9043060025165852,1,2,-0.7616814647476262,-2.283428159661554
6535,-0.3964401003148137,2,1,1.6013413557472693,0.11276866477305834
6057,-0.2340874223640847,2,0,1.5856842412124266,0.636668802689773
4987,0.5253863297063934,0,1,0.15639458947117976,0.4738181616533928
8777,0.7666646870495737,2,0,1.6331692682178585,1.2356563628996227
4650,-0.1118639612429321,1,1,-0.40976566356773925,-1.437089794387461
1159,0.0599610372193675,1,1,-0.16728082819364026,2.654233771526764
1213,0.4915536433871912,2,1,1.4345742704983253,0.6896888903680742
5900,0.0622025640883268,1,1,-0.24709605347723615,-0.846099026664942
1325,0.3567432028225257,3,0,-3.2653668731241887,1.8035515813573741
6033,-0.5096988065122758,3,1,-1.2301707246280382,-1.3748542685009664
7529,-0.1742031999385418,3,0,-3.2250596670695577,0.40925752144270017
4796,0.2977221022155742,0,1,0.7441622855548612,-2.3668165656319626
1455,-0.0249415730621958,3,1,-2.8683647547882787,0.0742755838506393
5410,-0.7562010309963363,3,1,-0.7189047355584305,0.776370132583201
5741,0.6223758339436203,3,0,-1.5901752083631013,0.26194434273791045
6968,0.5190635420898417,1,1,-0.09271022511843746,-0.7576132100951741
4962,-0.4802622262813776,1,1,-0.35689168986641373,0.8085615690105369
7490,0.5115464236721883,1,0,-0.29995432965044755,-2.936987677292507
1644,-0.7215818456520369,3,0,-1.862273189273616,0.9065704574975184
2140,-0.4721392882357131,0,1,0.2915033996263702,-0.7431642328261422
4536,0.9211565644501648,0,0,0.38781544155824293,-0.06095933322466692
4457,0.8027197316096106,3,2,-2.230938678965037,1.9608816344329865
7907,0.6128523999520041,1,1,-0.2742106869745132,-0.9439898616206488
5586,0.0905192422888001,3,1,-1.0057564944929434,-1.9244518243208557
4378,-0.4097209072776551,0,0,0.7587263526682527,1.6948636465971034
729,0.8860802289829888,3,1,-1.028440689300145,1.6682174279446382
4357,-0.5210640051838795,1,0,-0.7573475847312252,1.5261782194312732
8274,-0.5700898575870206,3,0,-1.5594041280436954,1.0051487267943713
1936,0.8673571726936575,0,1,0.5451897385352185,-0.3649964731652071
3793,-0.7966227968969253,1,2,-0.4865111564247105,1.5393766219975065
3736,0.5871192501838636,1,0,-0.95298995678529,1.3267259504894617
2261,0.5554454940114602,0,0,0.44415124605385004,-0.41042144360438076
6994,0.4654552908433915,3,1,-1.0402050201807254,-1.466898172909752
1110,-0.0458294096744558,1,0,-0.39562299962818814,0.1930326304442638
7952,-0.1294661812025452,1,1,-0.22836502283392937,4.596196673555614
5480,0.0902867755958272,2,1,3.262023017250099,1.0111661144221795
2998,0.9821333212440088,0,0,0.3280971170116858,0.4944945743033357
2394,0.2938756101436279,1,1,-0.05789887965576654,1.2161266077013457
1185,-0.1224604407627354,2,0,1.6036700850465522,0.3678817796220186
2007,0.91183281118813,3,0,-1.5646612451543755,-1.3590808777703378
193,0.6676501758599167,3,1,-2.1687911851919233,-2.7877516378161915
5611,0.1335511494123031,2,1,2.821258469487799,-0.23287695911871223
7819,0.7559930316404067,0,2,0.34377407719020214,1.189276476175478
578,0.8705388918328316,3,2,-2.6705413787738994,-0.58936299348357
5525,-0.95869630004366,3,1,-0.8865302046529822,0.0011733183937663687
771,-0.5677677554172806,3,1,-0.8687977957794164,0.7934533050553023
2395,-0.2734689884360075,3,0,-2.4860194113670193,1.3241434939663945
1478,-0.4621594470729175,3,2,-1.090516265886728,-2.2504192935436875
1846,-0.4117116078282536,2,0,2.2186606755233265,-2.2561451450631833
8180,-0.9898064383709182,3,0,-5.234039852904296,0.6596652277633059
4274,0.920548608111444,3,2,-3.029538527356314,-1.8806406752666665
3740,-0.038262250164182,3,2,-1.3390488847895066,0.38109212745868376
4600,-0.1547251999076828,1,2,-0.47802829683251535,-0.6791760823882872
8670,0.2668710235485734,2,1,1.7347907893249528,0.27912398774303
6522,-0.5982798538396841,1,0,-0.7258484694014412,1.5790384719586372
4915,-0.5173886306415836,0,0,0.2739119558177685,-1.9564000992120192
2073,0.9966935627772456,0,2,0.3578999842849542,0.406062844327255
4754,0.315919545038178,3,1,-0.9027484499387399,-0.19094061791185027
1896,0.8984537668542294,1,0,-0.7456324219991459,0.924586318399942
7210,0.0032814789803907,2,0,3.7703982334205928,-1.3755246064460767
3659,-0.2051115689286669,2,0,3.649840568777518,-4.154379308115016
2379,-0.4113896981778027,0,0,0.4141205763170108,-4.4133055210200345
1447,-0.7651679106698888,2,1,0.9704891012619452,-1.0283968608923024
342,-0.0428092852166943,0,0,0.33314815452196134,-0.6059234343598904
5127,0.025372700090223,1,0,-0.022786651666935845,-0.3693125811845482
3136,-0.3075865182258244,2,2,1.4752386305129073,-0.33915431291892423
2527,0.0413939501661255,2,0,0.884387742213391,-2.0720087763632136
727,-0.937139684699564,0,1,0.598368702163431,0.10673931781959789
4577,0.255640281552344,2,0,2.84356418888988,1.5466506672216276
976,-0.284831720817603,1,0,-0.49678523165125865,2.541450316394622
6913,0.5553127813753862,2,2,1.8148674439077253,0.5249317612235492
8052,0.7140548026733837,1,1,-0.3926158680969011,-1.0486603513621444
3516,0.3520931698091571,3,1,-1.4398950265038555,2.4921616123420782
7760,-0.7063334390973477,2,0,2.193015217952733,1.5347365843284007
8806,0.3237145570369542,3,1,-1.0100423268583754,0.8226365318383225
3940,-0.5140441897580805,0,2,0.5017103210600691,-2.1265219228364436
1299,0.6045138561662882,0,0,0.5923763325508029,0.219122257736766
8785,-0.368738783871783,0,1,0.4907323872182923,0.5089188317132246
1348,-0.5242560533271996,3,0,-1.9537726800554287,2.4162477343396045
660,0.1616800009677035,3,1,-1.0360694048851162,-0.9129031926076846
1492,0.7355580696379935,3,0,-1.2133799734738748,0.09445144042914244
6604,0.4602474873413806,1,2,-0.2489880692197826,2.737713012467575
6822,0.7271584724586249,3,0,-1.114745368269609,0.750526666049779
7838,0.2881109535293729,1,1,-0.49611932447424023,1.8035712489275937
5154,0.485310762577839,3,0,-1.5161059812421642,0.7320678233141672
2315,-0.9784944655938684,0,1,0.6818151606568068,2.472165698249128
8648,0.5877230433866845,0,2,0.49829524546702747,1.8063130800941736
8615,-0.4290350645225884,3,1,-1.4006434401743328,-1.6569326242845552
1085,-0.7568569866508699,0,1,0.6770987380210374,1.4772199786334308
2524,-0.388246476137984,2,0,1.0714455647001797,-0.593456261524016
7072,0.0749737759339879,3,0,-2.220282115374269,-0.9281376373812692
5374,0.3921452463360113,0,1,0.6077710593576771,-0.7119241357282311
3198,0.6174183286862647,1,1,-0.6953854595168044,1.248495308709863
7591,0.3389498562843853,2,0,1.0607952910074667,0.33333751667851447
8681,0.7017886996984994,0,1,0.3115897666079507,-2.2017237378257337
67,-0.7885271383276402,2,1,1.5763663895792512,1.1137987572703227
7778,-0.7253554818032126,1,1,-0.39619855495166545,1.234454785656179
2269,0.4373578912161273,1,2,-0.024797876628161256,2.975330029640991
6921,-0.3091399893962181,3,1,-0.970242303096166,-4.157575119902455
5903,-0.0853077966947402,2,0,1.781253927070415,1.2572497390190867
7709,0.2963178117278873,3,0,-1.512362050656729,0.04071528404768646
8153,-0.616809720402242,3,0,-2.089337673991576,-1.150900185579873
5322,0.6584673362397635,2,2,1.7912963389508594,-3.150953292324744
3447,-0.4599432204261888,3,2,-1.5044551240863973,-0.29531833782160205
2367,0.6441848007410038,3,2,-2.047188799523322,0.48728811671311395
5820,-0.8574760714837815,0,2,0.2234767007674598,0.13267604195711954
6556,-0.0243453842975729,1,2,-0.043041286533407275,-0.28117749406214626
2512,0.4596759838126747,2,1,0.6982683032381916,0.36113414459644694
2723,0.3538386817710457,2,1,2.3343202813230906,-0.5933703001860859
8253,0.2565207330777082,3,1,-1.8612243142239064,-2.4887741925415297
7247,0.8554633250919499,0,0,-0.12351482077595499,-1.017809615458567
1143,-0.0614934802679054,0,1,-0.08119416692495024,0.6458970200683315
8758,-0.002563221931513,0,1,-0.040521641005898626,-0.5192122857601007
5813,-0.8687608432268459,3,2,-1.2113878103162112,1.45522320755962
8260,-0.5717682181465717,3,0,-0.8010641636438889,0.8554744184083035
8287,0.8019634072421287,3,1,-1.895398162277047,1.7862649284169931
4728,0.956357122479644,2,2,2.6114061177334156,0.19579983050790273
5494,-0.8600556555674683,0,1,0.7480496666306549,-0.928545676093031
7534,-0.4323144374702219,3,0,-0.8381578141133075,-1.5703344332523679
3789,-0.7527675163731447,2,2,2.1296534365456665,-1.215443566748153
2220,0.8139284586999211,1,0,-0.6928052391150712,-0.7580792941341628
5075,0.2974410257272424,0,0,-0.02052867955785237,-0.5957040098463765
2331,-0.2618279013813602,1,1,-0.06378451207300442,-0.4400674570459095
5394,-0.4279163020819037,3,0,-2.499670719946934,-0.1811845295749367
5973,0.8471999102857921,3,1,-3.45263257346592,2.011477721467536
6481,-0.3317451256450512,3,1,-3.115512171687026,0.036979366630500055
8397,0.3809583843351753,0,0,0.27585163441167954,-0.41198250350364535
4088,0.5357027016114837,2,1,1.5764548094578252,1.7611972389334856
1967,0.8160766233405639,1,0,-0.4509340074509208,3.006060784631156
7971,-0.9410975993893336,2,2,1.2090136745982143,-1.3916637056752903
7654,-0.2356699614815003,2,0,1.9465566145030166,2.4049711401171714
8623,0.3558275204819392,2,1,1.6293446275831411,-0.1406813080321321
4365,0.1169561349311547,2,1,3.6847400850793273,-0.358879230146421
423,0.2591102838800767,2,0,1.7053834000151564,2.4178112033987604
280,0.1357382623995946,0,1,0.4144971381026607,2.2585346558983597
1904,-0.370735385866223,1,0,-0.27817481895259955,1.357988885884087
595,-0.2336984892149742,3,0,-1.0626645568892221,0.9143130439526189
7250,0.1742885280826573,0,1,0.4164809270036619,-1.315027313647083
3917,-0.2504345714783023,2,1,1.002844127272163,-0.4451320233047169
5661,-0.5445678856503917,3,0,-1.4296119919054675,0.5392174662245132
3618,-0.3135015642359682,2,0,2.0218252146185103,-0.8676265991810587
839,0.4243330678082526,1,2,-0.2719129848625593,-3.730097528426102
4596,-0.0117559523490149,1,1,-0.6269380254035932,-3.3102734237056595
6022,-0.2185643670150703,2,0,4.157415445499999,-3.8766500675103437
141,-0.733200299276497,2,0,2.0315386392674974,1.6272240519075194
8076,0.6822552162106865,1,0,-0.2781530757929907,-1.1875654732194685
1377,0.0536860718948579,2,1,1.770154814502372,-1.4789514933234766
3674,-0.5646499364821755,1,0,-0.2642022469913977,0.4383133765928389
7611,0.5936222576121739,3,2,-0.011343517596055163,-1.1326880421789058
8903,-0.6694506887635283,0,0,0.1409752698088954,-1.7288373809295188
4741,0.2228937574982885,0,0,0.6019736465792678,-0.5781819065231718
3808,0.3772877090851088,2,2,1.114867103337734,-1.9036335809324827
1138,-0.2215928126006594,2,1,0.956612532122067,-0.44354941584256863
2257,-0.9326735916607334,1,0,-0.7675014586695934,-1.5850492936321805
6325,-0.4480568500350175,3,0,-2.2468564964044324,-2.0289814175078256
1787,0.8250399424659287,3,2,-0.9578960245405617,-3.010269797507677
3938,0.6431103578163859,1,0,-0.9216200645668288,0.917619516833672
6350,-0.5621746206402971,2,0,4.480816928434821,0.03143667647246939
4646,0.6085192740707408,3,2,-2.109004451007653,3.6748078941304834
459,0.2890074068175086,3,0,-2.007469090552818,0.2850301470127919
8583,-0.2417312770360113,2,0,1.295842095858764,0.08201594333154201
948,-0.6739534409975936,1,0,-0.3172241785214046,1.2649523843843002
3700,0.5096812024735768,2,2,1.8433768819974239,1.3891259006137047
1336,0.7040177871444873,3,0,-0.9280970229253139,1.5301404464385697
4628,-0.719015844713949,2,2,1.933148154770981,-2.240796682128788
7791,-0.2964179518334242,3,1,-1.1404162011742676,0.5592360279164847
1602,0.6792990400562953,3,2,-0.8713753672612867,-2.5929793974203545
2238,-0.7343575081336655,1,1,-0.5872195995338187,-1.9123648805370739
639,0.7121571962607869,3,1,-2.2064632068659433,-2.246081985646836
8836,0.98276554353147,3,1,-0.9574054697275631,1.1867844234321998
3830,0.4068511048964442,1,1,-0.27412855205180336,-2.3134452472616207
8452,0.6647005604890461,3,0,-1.3180182130036382,-1.9784607242324708
6417,-0.0790514224095018,2,1,2.4975657492732433,-1.0532854884222473
8860,-0.9507481783319184,0,1,0.6175052604479794,-1.8008330462183697
1958,-0.2996539114997538,2,1,1.5462690741953895,-0.828761520792102
1070,0.3308465098209203,1,1,-0.1552963275433892,0.24341681689526282
155,-0.7281177790202307,3,1,-1.2154881317185433,1.169439730822339
2295,-0.7649307589261161,2,0,0.8758680538302143,-1.744659157470755
6252,0.0412890885105814,2,1,4.451183043378913,1.6840817457043629
4578,-0.9345084909533048,3,0,-0.9321383989922097,0.8842944298047751
1089,-0.529546093959949,1,0,0.013198352903341426,0.5160865402459547
2940,-0.0025763046312341,2,2,1.6624617475024441,-3.016470516797875
723,-0.3022296799356325,2,0,1.3133145219259905,1.362901779187828
4384,0.3920314886274063,3,0,-1.2050205307394812,1.2589940013971284
930,0.7650388701607691,3,2,-0.8193492863228722,-3.1781569801492076
2909,-0.3509167403039002,2,2,1.93626267807381,2.331400848521389
6309,0.7009038008098329,0,0,0.058056187984809424,0.9856006597805685
895,-0.7073857834979977,2,1,1.0839127752783222,2.0493070541892338
3247,0.110604717774245,3,2,-1.1687999515414793,1.7261037827455141
2326,-0.0401523882355876,3,1,-1.815204495193888,0.5568255998039011
7495,0.1974662247007397,3,1,-0.6344826918858122,2.0824363207777594
6846,-0.4865295759221339,0,2,-0.08814676500152102,2.1410819491538033
7180,-0.4198922416016823,0,0,0.3589102028951483,-0.6609456857023414
5038,0.2251184913405588,2,1,3.0107431393602813,1.7034664462900342
4136,-0.3030235395614951,1,2,-0.04082881005741442,-1.9719410974525307
8314,-0.6322559886963932,2,0,1.2426385331855048,0.16357401392640133
1715,-0.4117215101025471,1,0,-0.11694943080678127,-2.43969115938465
1698,0.1348283263820664,2,0,0.8845676119792815,-0.5053877061844138
8720,-0.8691692120530019,1,1,-0.463149709603625,2.601675584992926
8590,0.7217886476169879,2,0,2.5970725695280477,-0.7896635177004026
8973,-0.7339409080136143,2,1,2.155339410001025,-0.27827984253089677
6632,0.6348082224602609,1,1,-0.9602073295504437,0.7673668059462369
3831,-0.9478702148544706,3,2,-1.21890744258924,0.20844082458296473
3348,0.7306599767174184,2,0,0.8956687774684033,0.8227430654520216
8563,0.7199279404826278,0,2,0.6991221266278793,-1.5419520445307515
985,0.5820778407517455,3,1,-1.5928298047517107,-0.46478781512998896
1821,-0.4038408901678623,0,0,0.16943834679257347,0.20018276390171305
4571,-0.9503071768290936,1,0,-0.6830707978622104,1.2858031909976269
587,0.5165821657013316,3,1,-1.2677034540922274,-0.9942397047383337
8778,-0.9330972385223651,2,1,1.3858398679187005,0.9561841890365322
5077,0.2329962098727001,2,2,1.5801685185181307,1.0707093345435914
6538,0.1524652753077566,3,1,-0.5942326440279679,-2.949599962754583
6807,-0.2568252881241308,2,2,1.0365793922716429,0.7968955694823512
8567,0.7556867692903888,2,0,0.7912995978235748,2.008410305095286
8969,-0.2583292363236382,2,1,2.242713041391474,-1.8527155507886164
5483,-0.7524858450662717,0,1,-0.12824820453188096,-0.534532339041754
6227,0.4866949656150194,0,0,0.5740442101207632,0.8711850411618629
8326,0.5466756860362156,1,2,-0.2679818876370832,-0.3311463866892543
5514,0.7615863199136892,2,0,1.9536320744887925,1.5456793527006933
7764,0.2479518486076306,2,1,2.301230174176312,2.4753013583703356
5553,0.6902875089248219,2,1,1.1255495142739527,-1.350967244430661
3557,-0.2146127379304261,0,0,0.15901930764986377,0.37282767848562964
1395,0.6124448239239622,0,1,0.38077916728694505,-1.794409110452581
264,0.4582175368256953,1,0,-0.31957548006899084,0.7644583969459721
3547,0.2514874974902095,2,0,2.31954972505537,4.035723413222643
6134,0.6851201087458452,3,2,-1.2936470345205051,-2.889522895932137
3069,-0.947514662704547,2,1,1.3638680150394256,-0.05691763891744839
5025,-0.9229129514074808,3,1,-1.7782855657882537,2.515279243640284
6923,0.1807131742504573,3,0,-1.033811475386094,0.682883210180476
3864,-0.2437436989306629,1,1,-0.677111523242255,0.1494827388836519
8119,-0.3342723167938823,0,2,-0.1217978663311203,-4.1163929475717085
2400,0.4443353673454508,3,1,-1.0252571396322083,2.629000808997111
7084,-0.9139296861561028,1,0,-0.6594227113624148,1.9391598883774135
3711,0.4052762417771562,3,1,-2.1306628441725026,-2.780992453277334
246,0.1902256179453327,1,0,-0.7072474825935638,-0.15082678404049737
1594,0.8684534968787194,3,0,-3.8264509856395845,-0.20777186910707368
1529,-0.6212170342570102,3,2,-1.906081148873508,0.677676973315708
6631,-0.3457964766503281,0,1,0.5583502100169097,-3.235904553057639
923,-0.5504693407750956,3,0,-1.0341975705070974,0.992589695329249
6068,-0.7898325116153044,2,1,1.4093623606265386,-0.019747062358929684
4364,0.7737458108344886,3,0,-0.9704467585402422,-3.2546750894696515
669,0.1490586756084124,2,0,1.8802722820106386,-1.0776614739789996
3604,0.7322633592805661,2,1,1.3209705838282042,-2.0674727406967084
5108,0.9107352987525668,3,1,-1.714236507227919,1.0865674745754295
1910,-0.5137331404168279,2,0,2.753523104531542,-1.7653221644075419
6835,-0.4385847913497027,3,2,-1.920064450146174,-0.2889965239231062
5248,-0.1191258990895043,2,1,1.3586030533471878,2.787194876841211
3958,0.5785236376145702,2,1,2.1475597048482933,-0.3786493489584246
5643,0.944664774257138,2,0,2.0203897440568577,0.02806090692173276
2696,-0.214200927453257,2,1,2.0211419428902695,0.370023716700602
2591,-0.3736803320398543,1,2,-0.8809088148325931,0.4899919473499552
1781,0.5962450449405159,1,0,-0.47643447714021336,-0.3761809064820427
3013,-0.3711402685206479,3,1,-2.26387899775827,0.8380966528375294
2307,-0.4065130744498761,1,1,-0.2241912758046446,0.381469151250839
8712,-0.8045756641760604,3,0,-1.7418901514019591,-0.23818372160232845
3690,-0.3179209872257886,2,2,0.8985905348825545,1.6682816469112176
687,-0.1972189596813802,1,0,-0.6294401109983554,-1.539157715201948
612,0.4846787838267721,0,1,0.252593954346762,2.8331652781858794
6145,0.0916033235834317,1,1,-0.5931355428514884,0.7889223113817939
3200,-0.610161264826742,0,1,-0.07529863692947865,0.29714551501827663
2267,-0.027096932083219,0,1,0.5983407107150418,-0.534273607084242
8813,0.8626442987396272,2,2,1.4206889162455332,-2.1364278673042416
7442,-0.0884222453015441,0,2,0.0008259137521839394,1.3509281697171105
1898,-0.1386838428349039,2,1,0.6754656059556576,-1.001810720968903
8574,0.1893775334699692,1,1,-0.11700638439960175,0.6350942638674183
6207,-0.0966986699421972,0,0,0.20729476536176483,-0.358527674210527
258,-0.662586043851005,0,2,1.066534684315769,1.0315667593427056
2924,0.571254045660958,0,0,0.0010550936343449741,-0.4533915034839786
4943,-0.7935791330994371,3,2,-1.2992901445813814,-1.0251875298214195
2822,0.7727315398728385,1,1,0.12662401948250676,2.3134635037365943
3339,-0.1379228041399762,2,0,2.9694587554845704,-1.0096954672259275
3525,0.8648726389267996,3,0,-2.0728307156929944,3.037072288737809
4563,0.6731682270004238,0,1,0.4854525282131288,1.232645130340786
5329,0.2575506920427703,3,0,-2.9408546264763133,-2.1302816928893322
5223,-0.9401189725792478,3,1,-1.4605636885810518,-1.806309753321367
2285,0.8298235561639027,0,0,0.7634081546776863,2.0053090353652894
4654,0.9987988179852524,2,1,1.3057183336625593,-1.367792727687459
7826,-0.4826607357832528,1,1,-0.12935716472979752,-1.3167569214559036
484,0.8677993947477449,3,0,-1.475359736978438,0.07642040063066007
2211,0.076408668927179,2,2,1.1167430537434442,-0.6483868080711304
5416,0.3282952641495233,1,1,-0.6316927432128426,-2.3131129339716803
7055,-0.6203457626920765,3,1,-2.928972252103699,-0.14705996542638985
2555,0.1367827343694867,2,1,0.9422306990312628,-0.5405453853954946
7,0.8740025312281618,2,0,1.3388129106773672,0.9924997129046574
3657,0.2333590459916066,3,1,-3.3989254220651275,0.056231127722554904
8236,-0.4553968782680195,2,1,1.2259393868572435,1.244787761333509
4874,0.2464056819350992,3,1,-1.110654912059478,-0.8344321674364542
4402,-0.7845279761077517,3,0,-1.5914358981781165,1.903937511476763
5546,-0.2123945116149974,2,0,3.602585397869461,-1.511250690562769
8380,-0.4309483658424695,0,1,0.6307497268952147,2.1426897840715426
2426,0.9297376152672838,2,1,0.47959113516093976,-0.7194035128735145
1814,-0.9792133193459368,1,1,-0.5078844247003559,-3.9171769588945273
8658,-0.3091455267063812,0,0,0.010547702733574693,-2.0361578927124317
2274,0.9004436714748847,3,0,-1.6084687978894805,1.1394506351137268
1011,0.2978119090039886,0,0,0.3255315683383426,3.071744342340516
6641,0.0935546944537524,2,1,2.8527073706054145,1.1575858422517549
1067,-0.6629386921727927,2,0,1.9409034440725166,-0.11834277454491782
1991,-0.6932395648442478,2,2,1.4673788235924994,1.8267708133615639
3970,-0.2238200568838857,1,1,-0.6786332582720492,-1.4193154680013276
8455,0.3240965091083265,2,0,1.0926235421708903,0.9472477062343302
5879,-0.121663184403636,0,0,0.43969682621332107,-1.6071749214914541
6973,-0.5605440819682417,2,0,2.4462577361377775,-0.0431373574420033
4542,-0.3453706976609298,3,1,-3.0036877136318747,-0.04669076383909684
8387,-0.109130129381193,0,1,0.5827343956154382,-1.046490489321531
3867,-0.2904289745630686,2,1,2.7668699505950207,1.1303259510949302
8471,-0.4834003222364855,2,2,2.469848004852489,1.9919655196455421
3048,-0.9260037391685771,0,1,0.7232137458348533,-0.9683671266108421
781,-0.3753384857793485,3,1,-2.12574037161571,1.8480876645500224
2675,-0.975551513136978,3,1,-3.2977719185228356,3.367165341463423
1749,0.555940418649211,2,2,1.5867651697062368,-2.026912762122279
2791,0.3353529852429737,3,0,-0.7153496907236717,-1.7311765317022274
5774,0.6914353230976285,0,1,0.5485011591757003,2.3483018614053064
4979,-0.9985113702218378,3,2,-3.5179354494306105,1.1635331860030462
1091,-0.274734482942935,1,0,-0.12145478918507358,-2.438474788692098
6773,0.897206786228463,3,0,-1.9047134410346132,1.820656064488163
4627,0.5059739992086116,3,1,-0.8953371339570595,-1.0065493384803113
2324,-0.2812358217948041,1,1,0.03385024620648845,-1.4313032206277174
8262,0.1272286282426644,1,1,-0.412886966588262,-0.33777951179968096
5055,-0.564423190956572,3,1,-1.7409575543179925,0.9404405690084788
2608,-0.8657613512324931,2,1,1.3300370711792422,-0.9925312884408454
8020,-0.8552150933196454,3,0,-3.7035396316538085,-2.2941551147083494
2290,0.8785710913286597,2,1,2.2170562479046985,2.535764200219099
1727,-0.1292495476674642,2,0,1.2519890201329082,-0.3412354550975471
610,-0.2386054412904481,2,0,1.0054540932259726,0.36731567300670237
4666,-0.7491472399584314,3,0,-0.648415542591659,0.7047778270537401
7725,-0.6446879905933114,3,2,-2.3868505542935523,-0.9117616944161747
343,0.5502472787054808,3,1,-0.7675545189498496,0.26966929996008177
6854,0.5857639870729621,0,0,-0.019432775440526153,1.9564855470282227
7631,0.1181324491874349,3,0,-1.2253521184530785,0.8042951203206954
3750,-0.3467312255473822,3,0,-1.0180447813112228,2.4381936919954232
7016,0.1055993497662401,1,0,-0.27301495105384865,-2.6267445077199754
8371,-0.0770318476758391,3,1,-1.3204086741304129,-2.993328185736471
3215,-0.2876589030626761,2,0,2.6904352318585847,-0.13128078858384998
97,-0.9909984290334352,0,1,0.39978492213358413,4.784988805603995
6357,-0.9172856155323044,3,2,-2.521492368166753,2.0670853520147934
5176,0.5776120774967168,3,0,-1.8774122459183797,2.3067074604231927
1537,-0.5395282933802508,3,1,-0.9884622166962874,-1.6939024879600826
3588,0.6075286894876968,2,0,1.7851805209766682,1.684365987307349
5958,-0.9967394961312224,1,0,-0.6909107286504726,0.2053514079579759
3648,0.9854126212086628,2,0,1.0651592384493858,-0.6991305289388633
7788,-0.4302064857445946,1,0,-0.16942352224885862,1.446216011690549
6069,-0.1219992989504843,1,1,-0.9830814283722884,0.7350607070046505
1517,0.8878697374624276,2,1,1.3059640469751943,0.4981332981799003
5061,-0.2045905900884983,2,0,1.868887043058849,0.9210457480455565
8409,0.1032415423898671,1,1,-0.34395669927868083,1.6867649233290771
4624,0.983419645041678,0,1,0.7490419353602004,1.5167210431189162
4272,0.7229787824663889,3,2,-1.840708868880808,0.13935057568874656
3669,0.1824152597104424,0,0,0.4657003927884143,2.888510553532688
5800,0.4727745617476295,0,2,0.6652449305532727,-1.2548225465162337
2090,0.4429785440955698,0,0,0.5824532305104462,1.7209021074190967
572,-0.3204531461061695,0,2,0.6065202249717234,0.3382926670666177
8599,-0.6949577439043104,0,2,0.7056130454009064,0.13892658022142898
8421,0.6708570722889708,2,1,1.5748234666055085,0.2941814558086249
8121,-0.8326282730641095,3,1,-2.2507579151447237,-1.166458480907241
3062,0.9730447906450844,1,1,-0.15783119908751927,2.875925032076845
6217,0.3444301591847112,3,0,-1.8995460614588213,-0.3445765511405088
7093,-0.9016036968755377,2,0,2.168242158684435,0.3451993104525126
6372,-0.328834345543038,2,1,1.808695952771034,2.139188748245022
6349,-0.346541668174781,3,2,-1.3237287898849264,-0.5100436796033372
6569,-0.2365842716596242,2,1,1.8247483799413111,-2.8234229671785975
4479,0.2191171590081748,2,0,1.9513736770306278,0.8034467703726449
4948,-0.1701819277768619,1,0,-0.1450633686918447,-1.2301856192106744
370,0.5104946394976531,0,1,-0.08357952135432044,0.8778431433005943
1938,0.7749906063144725,2,1,1.6228315189402742,0.5633810095652002
6935,-0.5571455616314849,0,1,0.8430536175058427,1.4694727929425453
1753,-0.3520147240556277,3,0,-3.2921960307845644,1.212767073644648
3670,0.473726383304939,2,1,1.4815063878959378,2.900308929095125
3652,0.0247503869790763,0,0,0.8279116973627394,1.5534237332451994
5201,0.58734009644751,3,2,-0.7941240082542087,1.4278855878028853
2361,0.8430659471904849,3,2,-2.104339248880689,0.44519096463050295
4260,-0.6361714125217857,2,1,1.584435598686137,-0.8548371227120147
5432,-0.0113996301563363,0,0,0.38100217994641067,0.6143000310112042
4991,0.2645668890705686,2,1,0.8018938884405081,1.6620542657540671
6112,-0.0721750760790067,0,2,0.701431701118407,1.1117862406443864
8510,-0.0685768023041788,0,2,0.131515073113125,2.038675859841027
3737,-0.8604680785267158,1,0,-0.42765763278464086,1.5290134140165759
6039,-0.1700943857452046,2,2,1.5098245161491466,-2.185254594609422
6762,-0.0739989427416694,0,0,0.6248791056017838,0.07479251163050796
8558,0.5828209446944743,1,0,-0.1335068696878833,-0.2609603789559962
5591,0.7748180484976364,1,0,-0.4575997479134939,-1.1087547422080053
1171,-0.7130198226436721,0,2,0.5307687680940196,0.14512312847801537
6384,0.4072454241170062,0,0,0.6822406089607965,-0.30365539252632906
1422,0.7282256150475168,1,1,-0.7111720194253773,3.0428328958077535
8495,0.5042785083405683,2,0,1.1948707703584007,-2.2221968351133126
8410,-0.8419593648289123,1,0,-0.4889790690373373,-0.024450662565692272
7257,0.4805102275759549,2,0,0.6392964077672139,2.5343909790183425
8235,0.9254693372016484,2,1,0.9987128897001617,-1.1870654863011185
874,-0.1774281416704799,1,2,-0.2576231861254966,-0.02564295563343566
2297,-0.944607101909486,2,0,1.9524346969722703,0.6732545077813779
2643,0.8677285753083135,3,0,-1.468723661504626,-0.908997875016999
7149,0.5731620928336312,3,1,-1.1340775815125559,0.059329730561694265
1719,-0.7712749500165357,1,0,-0.744606765022175,1.1735949639835563
5347,0.9043641211957985,3,2,-3.782278938252396,3.032608159374981
5932,-0.4166022098045761,0,0,0.2828425978785413,0.7641573692029553
840,0.663100708509313,1,1,-0.17132366031839133,2.4825968747119584
8942,-0.3213268336738004,1,0,-0.29584611528141186,2.5756552361519613
581,0.2901366138636487,1,2,-0.759913728082481,-0.3405754496899542
204,0.9355733746423354,3,1,-2.2375615834352316,1.2038153189691314
1641,0.7913056917121215,2,2,2.297273368033816,0.9687116160745886
2014,0.2962530328561961,2,2,1.366805499575967,0.7092323079871438
3253,-0.1554157366323947,2,2,1.9896902387812676,0.817915569528947
6056,-0.0329142933870356,0,1,0.18967303986067893,4.211590509150685
905,0.1484669072363891,0,2,-0.07460818625706138,1.205462549010538
631,0.1273181208689171,2,0,2.6098290325935065,0.8150476260400589
7843,0.1225929057585437,1,1,-0.7591560532801008,-1.081501618811644
6290,-0.9088226709450636,1,1,-0.5755176202759075,0.9804393553826488
1974,-0.3280601848263806,1,1,-0.07944709046583354,2.0179905465893393
162,-0.3123998243329744,2,1,1.986574019992185,4.5250781376348925
4998,-0.1024893527443027,2,2,1.385830726206867,-0.2836243347848064
6692,-0.9098189239073656,1,1,-0.3920532582183703,0.9834526018820055
8499,0.4635773333178845,2,0,1.3318067232447675,-2.0609122127760613
6242,0.4751622589638762,2,1,2.210037176301764,-1.5043442564635239
4713,0.854889561086632,0,0,0.45609634922712555,-0.049751621945061664
875,0.6444083016976041,2,1,2.903195348704121,0.8004940346105792
1431,0.7398160909229448,2,0,1.3461481775831061,0.008005310534369703
4643,-0.7199105637432315,2,2,2.095154265864191,2.8122219250594376
5080,0.957157660946714,3,0,-1.493110856458027,2.2579007760028893
5783,-0.8719937817165198,2,1,3.6236936668951882,0.9999923978881973
8212,0.8555931428770249,3,1,-1.3109746653321381,-1.1350149801799383
6125,-0.7593280023107849,3,2,-1.1705497127131368,1.442047140619738
6461,0.049016963909279,3,1,-1.8878673839326314,1.1899646577465397
6237,0.4869562470099307,0,2,0.2815645605754306,3.1422860991080035
8489,-0.4756372573965934,3,2,-1.2569157257766048,3.4979823351660575
2856,0.7956711384459518,3,1,-1.2348243032291175,-1.090856185927526
1861,0.5328080321931872,2,0,1.1379556434971134,2.058582568016418
2659,0.174204988429061,2,1,0.6957836785063364,-0.7355372031384083
3384,0.3296890921967605,2,2,1.6132737653362823,-1.2915433764128281
8604,-0.9802723292402225,2,0,0.5932750123226819,0.3882100917010676
8795,-0.200648639098343,3,0,-3.1710123439709457,-0.01672258057596067
6497,-0.2815530732167868,2,1,1.876179655513733,0.9836016934385792
6837,0.0770233598558844,3,0,-2.4212066062061135,-1.0601144273541905
4733,0.0449748878975024,0,2,0.7316392958466105,-0.16968758212462953
3331,0.9257185162547256,3,0,-2.397955914089321,-0.11975647821003965
7999,-0.9285545723712892,2,0,3.3620741573205835,-2.0832900188096866
7365,0.0669763774253302,2,2,1.4320847560874959,2.9899901211183653
6836,-0.8449071921816669,2,1,1.2242688440033258,0.850884891417193
2096,-0.0416597385042145,2,2,0.9480634470282661,-2.271240397934894
2003,-0.2184249239507867,1,1,-0.576100886938515,4.107291913501738
7589,0.4013641776270074,0,1,0.4274088319679294,-0.011234859434556127
6666,0.4106752218402749,3,2,-1.9282635085864106,1.0699877492609253
5017,-0.9604196847330864,2,0,3.282198540077132,1.9033062006720727
546,0.2242324683198304,2,0,0.9312007902474145,2.7436030042354242
1449,0.5589741205469787,0,0,-0.087685172831326,3.110792284275526
6800,0.3942350369447707,3,0,-1.8371463164047312,1.897239532766647
2610,-0.8365101529575949,2,0,1.3335822665058519,0.2102919388128405
1900,-0.7260607868817579,2,1,1.0477302583080812,-1.3658591120221761
7706,-0.3349125725895818,2,1,2.762505519034171,-0.9126691381062751
2757,-0.6317524097880236,3,0,-1.0294904443260011,1.191693685115152
1885,-0.3116799407761761,0,0,0.5153485192797296,-0.5718836322334901
8839,0.7980106216276555,2,1,0.9702303728701684,-0.5227333536204434
5738,-0.998743614214731,3,1,-1.0252051212218318,0.03871549680698939
8494,0.9542139470675506,3,1,-1.7258699319365147,2.180251486061457
5890,0.1338063642613398,1,0,-0.3986157493807553,-1.7701530439933109
2097,0.4349495346569099,3,0,-1.8727309283031564,0.3873640793251783
8353,-0.6832501694311215,2,0,1.2949931601108589,-0.26311717856858613
5692,0.0835143905779642,0,1,0.23733339069750184,0.9903855971647998
499,-0.1040100568263195,3,2,-1.6472197407109508,0.3924565296958156
5624,-0.9772647582106916,2,1,2.805828504108773,-0.5324565216422941
836,-0.8390979154291134,2,1,2.7682299759176745,1.6965154825036823
3471,0.3929403014145656,1,1,-0.07108783249861123,1.099137841195098
4697,0.1498290778262274,2,0,2.35040197434037,-0.017023271485092695
7785,0.0297074244419228,0,2,0.3383816947291284,0.19739259641424725
2171,0.4896751877407899,1,1,-0.17786132097649343,-0.3934646447931989
8298,0.492055067783725,1,0,-0.4301652257736204,-1.8356490063555302
5678,-0.3513544474705727,0,0,0.924326899918482,0.10125016737407166
8252,0.8231820567022154,3,0,-3.059347752662793,-0.16506787370956474
398,-0.4348899792727558,1,0,-0.30611229949865887,-2.616029169867756
2010,0.3939342141597566,3,0,-2.741024168272775,-0.09906419468518413
5166,0.8723861457327231,3,0,-0.9281956405706766,-1.890563541622975
5871,0.2140744853729226,0,0,0.29018813048033043,-1.449007882395345
8810,0.3007344983069202,0,1,0.5816925898023302,0.5865317455289432
1283,0.5513140234545086,2,1,1.574203606193338,1.7038522954803952
6912,-0.0999509453755749,3,1,-1.0177565132462407,1.1139787390775309
7161,-0.0028719158101648,1,0,-0.031452111026693264,-2.6905696727618733
4256,0.7381370345614526,3,2,-1.0576546577807007,-2.5142361866003538
1836,-0.6137594373516817,3,1,-2.0352873196869385,1.353269144835228
8111,-0.8379489113830849,3,1,-3.2088608863673675,-0.22904728719818648
1019,-0.1883329927363939,0,2,0.945625072131165,1.4399869032151107
7088,-0.3897151928327376,0,0,0.0419061326117754,-0.2881969998104647
1326,-0.8536780089479135,3,1,-1.6368389450791698,-1.979787206770941
6079,0.1290919732675695,2,1,1.9760713524459377,-0.2210133960543521
475,-0.8452671717969367,1,0,-0.6365317892101658,-1.5492301971901103
2810,-0.0725992114542597,1,0,-0.22974467846820953,-2.076791514578342
7354,0.3951323597997165,2,0,1.582603715511371,-0.6702557887845751
1651,0.1619802154989438,0,2,0.4927370228997448,0.3479249597561012
8645,-0.4234342677404574,3,0,-3.109519870782116,0.4829957433756992
1169,0.931879390262083,2,1,1.3089004641728745,1.9071070558650234
2528,0.031779565320744,2,1,3.440783160897592,-3.2785339057692564
1206,-0.9323823403156906,3,0,-1.0229068653636142,-3.255916158962576
6373,0.6774249616063535,2,1,2.0841690269839406,1.7088309465645042
5469,-0.056158135477055,0,1,0.031520103815534425,-2.5211410449694047
8442,0.3056298194703704,1,1,-0.3456170283563171,-0.4147237727994477
7532,0.560812426150386,0,0,0.064283682761413,0.9421048761048594
8697,0.4418306279020876,3,0,-2.4006036028121933,-1.604298584654413
867,-0.7356677872502806,0,0,0.6340520453842577,0.15480320378647602
2974,-0.8498241755908906,2,1,1.2319966177703465,-1.826462819927973
5236,-0.3028577895907052,3,1,-2.404550491386692,-0.006014180992328273
5093,-0.9000584218689669,2,0,2.74050632993417,-1.3515565511816368
5433,0.5451718600010005,1,1,-0.4471971421511996,-0.10923145339190549
541,0.1254672780259857,3,2,-1.6259740157339035,0.8710372544843565
5195,-0.5803621461428781,1,0,-0.49346932342856087,0.6182559642786659
1132,0.5129396916852658,2,1,2.6116982225784637,-0.8803144823175969
8853,-0.3729576599576505,3,0,-3.3226541795350166,-2.14940798550321
7717,-0.8571116929989389,2,1,2.0776494850185383,1.5749398545257576
8394,0.8365428666898924,3,1,-1.2181925005718268,1.434833428238484
3390,0.5341696656031654,3,1,-2.5703379933977804,2.19029054342332
7050,0.2261053859562118,2,2,1.5075272118612084,-0.27895247027491715
2962,0.9704505820946988,3,1,-0.8787928673454798,-1.3707900384588247
4155,0.1306189037412266,1,1,-0.13314762753026194,4.598105079264905
3259,-0.2027698413966661,2,0,2.500304899754962,0.5056322179943219
6034,-0.3860873938304181,3,1,-2.326390729287109,0.3156120461324268
6365,-0.8190660377600762,2,0,2.712994679326884,-0.12809883105649028
8941,-0.9509962301873912,2,0,3.057906839728452,-2.3240088352902224
2583,-0.3831126414077768,2,2,2.0608151503649745,-0.13013395338879433
2813,0.3304798983071582,1,0,-0.3892070244868633,0.22529259275435673
7592,-0.2964888035636066,3,1,-1.1802069961607715,-0.010145270907184811
2947,-0.1030111143385541,3,1,-4.944674927645996,-2.000860519164425
5174,0.7722655008765222,2,0,0.45251248372810987,2.8631602475639037
6751,-0.8566226269983039,3,2,-0.981705814520978,0.3160752601351927
3586,0.1096722692504015,3,0,-0.8147920516030998,-2.1621592894875485
8295,0.3742442620401438,2,2,1.7866255873747439,0.25372108246356784
8983,0.2328992455371528,2,0,1.324524104439784,2.1870140252249004
2563,-0.5218581279924317,0,0,0.6550210141923827,-1.6625781466216782
2630,-0.2595811319746759,0,0,0.46293685822948677,-0.9696627158554968
7834,-0.4206641863978564,0,0,0.3943626619258979,0.735122636373847
6253,-0.1316732165357117,0,0,0.6247983107688725,1.114656678980559
5036,-0.9709807049099256,2,1,3.647966845387189,0.7862400211388119
1080,-0.1645037613637132,1,0,-0.3695794568749402,-1.5075745564767322
4283,0.7389122437710598,2,2,1.5389422730702327,0.2269489425352829
6427,0.6925669576103204,2,0,2.5797129446672233,-0.0365033751071784
2085,-0.294116401381568,3,0,-1.9882155549298912,-2.1105202758783856
2452,-0.9861514058708952,1,1,-0.20754699797922943,0.4288266817318682
4966,-0.5149602818249215,3,1,-1.5130356033804095,-2.5108722974775315
2023,-0.8862722024260592,3,1,-2.129687882622437,1.0972431540225016
6483,0.0722392539220087,1,0,-0.6268303284415536,-2.5535502020725205
7968,0.8896712031117688,1,1,-0.6388979619268745,-2.4118292157944174
7520,-0.6555254231256125,2,0,1.663014679198283,-1.3854820072626444
226,0.3428619215163959,0,1,0.20237339039962596,-3.1239915010728025
1013,0.7860706808844551,3,2,-1.2986540671650928,-0.41336689859340425
1929,0.1408307624162241,2,0,3.1330935224526284,1.3006329085070478
7118,-0.0816720504219123,3,1,-1.4884338661351513,1.7895274579792162
5251,-0.5504367298198818,3,1,-0.9891310807066536,-2.29531366438708
1404,0.0113656116541105,2,2,1.5381329792161225,-4.089430766007787
2179,-0.4345772605566114,0,1,0.1290635824797728,-0.46352482144106766
697,-0.0117378967765995,3,1,-2.0962728084743247,1.9468094944002796
1124,-0.6342016898135971,2,2,2.7070424572130953,2.8639368984505293
3895,-0.5656662998436586,2,1,1.754378191225248,-1.292110325495451
6618,0.3388024230587245,3,0,-2.1194813757203446,-0.3671682762233956
5110,0.7235382684102534,1,0,-0.9193285771135865,0.7645129328816097
1778,0.502887326882087,1,0,-0.6694058554537727,-2.9088370300742468
6260,0.4868814481081729,2,1,2.3222699301285408,0.14784531993243158
2634,0.6531154240400325,2,2,2.6330596162790183,3.2050688197095987
3489,0.6125185222374221,3,0,-2.5219650347010667,-2.5284572658648474
6684,-0.1278134053452155,0,1,0.07943962044592155,0.4128573130004143
1037,-0.4643881023606795,3,1,-2.368088174354358,-2.7102848161556587
6093,0.7364326179463512,3,0,-1.2433249655418313,-1.311391544907522
2256,0.0059049983694952,2,0,1.3031662874746215,-2.607570640579206
6572,0.9274595571949236,2,0,3.5058870357421084,1.6582564305517487
2613,0.8800397592857194,1,0,-0.17866768750183692,-1.2971170404365535
313,0.9996475003937244,2,1,1.30937183657251,0.6741933330615337
2649,0.647954700236673,2,1,1.754763752251776,1.873676425688732
2281,0.8766071291315305,3,0,-1.2985957394766188,1.3387397398237866
7024,0.1048305560439994,2,2,1.9201937005082583,2.454008355508004
2547,-0.0239719238542357,3,0,-0.9668150039320647,1.9174579016412985
5512,-0.3769027364783324,2,1,0.9700261709279541,-0.3524988610668644
5132,-0.6733807165204644,0,0,1.0250141145382625,0.4344566079260379
2159,0.399320754609864,2,1,1.0850712907019313,-0.5933216399755002
3137,0.8441639615374512,3,1,-1.4082618240121227,1.2352380696078555
8131,-0.820190980089766,2,2,1.256577857248601,-1.6696506817129277
5850,-0.0733630286286952,0,2,0.4328009477565521,-0.15574409031709938
3967,0.3771371623010979,3,1,-3.127618582897931,1.4898674130602325
1428,-0.4805934798669382,1,1,-0.0597962058588425,1.1699901473667491
6961,-0.931652612121493,0,1,0.4350619090670965,-0.501878445490154
2520,0.7649787606940426,0,0,0.2421250646881106,0.053828538694163985
6712,-0.6152259673930951,2,1,2.121103016653132,0.14686805145022225
7090,-0.9201845737905968,1,1,-0.7292162198719521,1.3259058382730664
7243,0.457221045424439,3,1,-1.3463079793758064,-0.21973582545685413
7358,0.491283579329955,3,2,-1.8133640228461743,0.978638348878289
5602,0.7213362377446029,1,2,-0.3463448404471051,1.8185569649563842
8879,0.692771988336893,3,2,-0.9823574435477234,-2.419327051440049
448,0.4937983257591847,3,1,-0.8674352094139861,-1.522996543039634
6193,-0.8129190003265561,2,0,1.6495733427851786,-0.045247956650330566
1284,0.4645704877629486,3,1,-1.1332417479256678,-1.7604053294355957
5995,-0.4255047394263638,0,2,0.03686455199276423,-0.824509283962947
3727,0.114507763660508,2,0,1.569967040781346,-1.7053840323451102
361,0.97863958694939,2,0,2.651472283551752,-1.9723971872398203
5230,-0.92555565910102,2,1,2.9787515281296213,-0.6554542020945923
7885,-0.6000002582957604,0,2,1.0154461599967557,1.980642408220216
7800,-0.5847578035797731,3,2,-1.1404069351639037,0.3634203858700282
5926,0.877725073879555,2,1,1.2769371389410282,-0.7652405934648939
5149,-0.985904774997979,0,1,0.55863777164681,-2.4718322615073816
2460,-0.2871263331860474,0,2,0.202806806655512,-0.8976908361306197
22,-0.9868088531608336,0,0,0.1530507056918594,-0.09918744335898107
2066,-0.2546572631535495,3,1,-4.18620655362241,-1.3386355887932055
1653,0.0662716239611287,1,1,-0.8526811107054844,-1.234555333841163
702,0.6404154530927244,3,0,-1.1149658804302394,-2.8022188156279046
7530,-0.4754360662765118,2,0,2.0654646300544837,-3.356937963028749
2743,-0.3077446081623454,2,0,0.8703760980737258,-0.6882319009124377
1376,-0.2956328697956771,3,2,-0.8311890223060621,-1.2042212071275424
8324,-0.4030915227877243,0,0,0.28596230883465545,2.1562645068817123
2468,-0.1292575977147703,2,0,1.1085175619950631,0.9842364870001044
3754,0.8023166480509196,3,0,-1.565334090477688,-2.7290091241386754
2325,-0.1197484500923062,2,2,0.9892746975367209,3.3284510534864538
460,-0.5174064417261883,2,1,3.3736361847611556,1.3533709977784978
5163,0.389782137619912,0,0,0.20557605954673794,1.055839948397218
4183,0.49799016932913,3,1,-0.9109035331364769,2.9580784279012384
8032,-0.2468965784693948,2,1,2.0463229657077404,-2.297050881915086
4082,-0.9209593231991532,2,1,2.685303412113167,1.9056090007966169
1486,0.8583025713598487,3,1,-2.4202966170886544,-0.03474641890333804
3678,0.8317614494528718,2,1,1.8839240577797693,-1.1164256585084822
282,-0.0698467936857922,2,1,2.5298530462023563,0.01452617968544149
4558,0.8014802939244656,3,0,-0.8746480031755229,3.866494811125115
4308,0.3475283991260129,1,0,-0.0465564361232617,2.1534972378765787
4865,0.6234371117935749,3,2,-2.411723436961096,-0.6629672509329277
3537,0.2878633637863772,3,1,-1.3203807384980644,0.7997849058245303
6894,0.1058045541762204,3,0,-1.1613030996220366,0.493239833196051
2581,0.9751582884341288,0,1,0.9601365434427864,1.865302469551492
1368,0.5158884042121303,1,0,-1.0839104571816032,1.5485657469290375
8517,-0.2985211784954567,2,1,2.190506358561536,1.709994323049106
6587,0.6207496866333859,1,1,-0.29606338835663104,-1.4085602399435402
597,0.4920978284139534,3,1,-1.4378940774147029,0.12462517676110425
4351,0.940518373130666,0,1,-0.013198819719926782,0.6232563931631425
7951,-0.9832754872408602,2,0,1.5988052410906144,1.160705022199472
4758,0.8137124722328477,3,2,-0.9155376290922281,2.482695761927135
646,0.5335342315070137,3,0,-4.482266586324034,0.5347285514745072
8726,0.62630358358409,2,2,5.2673818426163805,2.8450938728507627
6023,-0.372676083227849,1,0,-0.44357946145772276,-3.8591821190658266
8925,-0.308758785224462,2,2,1.0957309232789982,-1.1316428724703798
3468,-0.974370698822998,1,1,-0.8157381816896183,-0.7493619981617763
8342,0.2879953668003767,2,2,3.9145637819553474,1.9838130452733402
2990,-0.6591910600979978,2,1,2.4869666086408793,2.432239645767765
8463,-0.0924732407703488,3,2,-1.9244555970393036,-2.11628073951314
4875,0.7147291149410406,3,2,-1.1619103058017837,-1.2420911406268524
2544,-0.6448603229389431,2,0,3.938998898523368,1.5580517211373799
7279,-0.646924901981329,2,1,1.2433876929434418,0.48984401254255117
5341,0.2454550153757793,0,2,0.6162676158044725,0.6799797750721556
7175,0.2767601746405597,0,1,0.600296978237717,1.499879463666973
4066,0.9932454862703426,0,0,0.5650786780409334,-0.8313548857348038
3988,-0.9892680175653604,2,1,2.8500706283831083,0.28361237365606196
2160,0.9182995487183152,3,0,-1.709538557445336,-0.9636836258795229
685,0.584008615348871,2,1,1.1667430926380176,-1.061801164271088
6258,0.4762400182406126,3,1,-1.7693212721406515,-2.857637853188354
3243,0.5427277772887349,2,1,1.935400826961676,1.2791784131511346
7048,0.3530609575181143,3,0,-1.991563494389993,-1.7984769985963946
6561,-0.8268492822718574,2,0,2.1150169607325546,-1.702567810820204
7573,-0.6371339266493448,2,1,2.226690837827877,1.6035611086848398
4083,0.1181773977347036,3,0,-3.285906684425793,2.2003057454365296
2837,-0.6845532225495023,2,1,2.9031756347293003,1.7091826188529449
3697,-0.7313873445927961,0,2,0.7538965160786223,-0.863839276771094
4941,0.3693141123358046,1,1,-0.6209352965163302,-2.8568839670707207
5946,0.5929625256539386,3,2,-1.1126636776196226,0.34784094506242275
4583,-0.5022728225983859,2,0,1.2515370429241384,-0.3420507817960989
5784,0.2615770690994183,1,1,-0.05982246751490003,1.0841213915288823
4040,-0.2836017589130535,0,0,0.14163949376744212,0.36806431554321106
2230,0.6428433564476599,3,0,-1.1561600286378462,-1.4793725127260362
7150,-0.819719481768109,2,0,1.1450955644708314,1.8322744972089806
2320,-0.8585664309224623,0,2,0.8748842619950398,-2.4914984254422206
4878,-0.2308675350295128,3,1,-0.7964762019504645,0.5707929148970782
521,-0.1362136758795444,2,2,1.0548856005206395,1.7097684487656775
522,0.8350967689775273,3,0,-0.9799995232470411,0.806538309578698
5345,0.0052315323773823,2,0,2.5201894150330952,-2.0311489727610392
7639,0.9660256613122316,3,0,-2.865194306692869,0.9528909275516794
7874,0.7469506831526138,2,1,4.3278159884548355,-1.0630732149491497
7870,0.7927179600944536,2,1,2.2998639189375645,-0.3757423596660782
7387,0.7385412079906639,0,0,0.4139438354021193,-0.6234306156565237
780,-0.0235205224026997,0,0,0.1339865562865486,-0.8151998038497116
7652,0.0921155445860741,1,0,-0.15846236312839718,-4.59218722352485
6647,0.6072318560179244,3,0,-1.4323603589861547,3.1544356990564424
5607,0.3351129841360665,1,0,-0.70439377557067,-1.9830280906278073
5978,0.3733832587557453,0,0,0.3069747121837334,-1.1855117756432285
651,0.3738453238429515,2,2,1.7272072708532589,-1.8244860057497332
7305,-0.5547078710769413,3,1,-5.059095326627077,-0.6298713613333099
2196,0.3084952714224191,0,0,0.5018315257082173,0.26869443990123926
6954,-0.3253599105296354,3,1,-1.358545067030815,0.8042686853102091
369,-0.5080868111468133,3,0,-1.2348968373484188,-1.3154810516701851
6433,0.8398404366920815,3,1,-1.4975649742573145,0.7071062483505033
4214,-0.7706403495159826,0,0,-0.16920888919209898,1.8012348533749094
377,-0.3025019395197383,0,2,0.47785882093952736,0.1929075524758518
7049,0.467311321914178,3,0,-1.9428170415714534,1.416074471662746
2216,-0.6616763094805169,1,0,-0.7429553802151816,2.8246577026833486
7453,0.0161427521015964,2,1,1.5144102217326352,0.819636252098848
1613,0.5919323372006935,1,0,-0.2018517108350235,1.8238717285528463
1827,-0.6200470754723746,2,2,2.3962396944568853,-2.05053780667419
3632,-0.9090033882800304,1,1,-0.08149180933927636,-0.6288093761909846
962,-0.4440814447650532,0,1,0.49342592024901877,3.206610219019238
2993,-0.9693911482428332,1,1,-0.6145833848740843,1.8253631135445183
8702,0.7734553759787539,3,2,-2.1366027477842082,-0.4112481399175328
8086,0.6242561749514333,3,0,-3.25952527390968,1.088760185987199
6648,0.5188982618089315,2,1,1.4686091381192616,0.8191105942640805
359,0.1412042267794282,3,2,-1.4751650705010295,-3.8095689123403047
3839,0.7361768592761706,1,2,-0.3844430999945776,0.6318015860959246
6568,-0.6831363848704308,0,0,0.2843618213559722,-0.7693716109624914
1246,0.1071448625591833,0,0,-0.010049492184990905,-1.057432672795643
6839,-0.3205843030285487,1,2,-0.5066952339139379,1.1077954436106603
5087,-0.3091311354011026,2,2,0.6183991691468065,2.233867709948346
3694,-0.0462357015378529,2,2,1.2648307346121852,2.141091696738856
1573,0.1684670994183603,3,0,-2.0292061373623267,-1.0947974234619793
6281,0.5825898208978457,0,2,0.43008885845709,0.04929373293782785
7181,0.774410443047161,1,1,-0.6512894072916054,3.541771047397026
2567,0.8626610328317417,2,1,0.9866710763410343,0.8012434306112857
3423,0.7358429846833168,0,1,0.5729079807603372,-0.941184155629076
2037,-0.6836729031606856,3,0,-0.9068692020753267,-0.06912466408821627
772,0.8289778740278548,2,1,0.9754123016186856,-2.3581947112145083
5380,0.3661679938898354,3,0,-0.9108801331493354,3.110275963784123
8606,0.7975141977917013,3,1,-2.4578980772913757,-0.5720372185203111
3562,0.8846532021541622,3,0,-3.477578677678609,2.764076231976098
562,0.9416059768370828,2,1,1.5829013655697146,1.5637700800305483
2546,-0.9720889369535526,3,0,-2.4875587091308233,0.25429464520010847
5510,0.3657871143333504,0,1,0.1783578941440335,1.703086088456858
5330,0.0137616665176389,3,2,-0.9197479646303526,1.6046129594039922
6500,-0.6565525320765626,2,0,1.928846405007441,-0.38902487080762005
4531,-0.9239457760453862,2,0,0.7098281071132272,1.3458311051060214
1674,-0.7763995802858967,2,1,2.893401774585037,-1.1529846771089378
365,0.9978563186262416,1,0,-0.8936024227631365,1.257198638434554
6444,-0.2843071488185336,2,1,0.8384326233273607,-0.9963697247583835
7888,-0.8025354374482954,2,2,0.8262509817314256,2.239523650001813
4327,-0.0452530295721735,2,1,1.8338822132984158,0.5405482799212863
147,-0.4286512211722255,3,0,-2.37279829262945,1.839891284388746
1668,-0.4341296161112931,2,0,1.4864171426357713,0.8492805489555937
3088,-0.5696145353192228,3,0,-3.1772964971271866,-4.176437152489138
7719,-0.1831791631768713,3,0,-1.8492146747382856,2.560243439628252
407,-0.3738079330106032,1,0,-0.3689825729124582,-0.3936433797638785
8621,-0.2532807599073239,2,1,1.043059669554974,-2.834750099213236
3456,0.2564615112016952,2,2,1.8456981127906213,2.889593029984145
6186,-0.886592465631709,0,1,0.6810680452367999,1.946719779209446
4182,-0.5476128526655359,3,1,-1.348353737160477,1.4683309595627823
3576,0.8290583854807656,3,0,-1.3137618540680371,0.31066547430489116
3271,0.7457852401372855,3,0,-1.334589531112266,-0.623050536496997
4940,-0.0347750022220432,2,0,0.885190963086339,-0.4972844676779349
1031,0.360613144809345,3,1,-2.75423008780283,-0.27237260320408774
6424,-0.9400957852726716,3,1,-0.7124026618936645,-1.366596345905114
7905,0.3439292963512879,1,0,0.18098946799127213,-0.43856036291435685
8827,-0.81935728135566,0,1,0.49084632340561224,-0.7165990517216448
855,0.8890800879900829,3,1,-0.9719921099905824,-1.3007690848606812
3926,-0.2342927127437641,2,1,1.5311857034850425,2.5041061646751452
78,-0.238369286503864,0,2,0.24553801986768117,1.7080037455805426
2247,-0.6782092878916888,3,0,-2.195571936816328,1.3132982645279572
7255,-0.8085912276785701,2,1,2.920959193974,1.6942365094301357
8953,0.3025491321236087,3,2,-0.8942390709552263,-0.8506110544648674
8609,-0.0221595792259263,3,2,-1.2977020658033733,1.0030683146558237
7571,-0.9337275871678008,0,1,0.25209517057824327,-1.0025680374851391
6745,-0.9840998342265328,3,1,-1.2413422631863675,-0.5135092667507378
788,0.5594053041076004,1,0,-0.3534600999610805,0.4259704652760327
2279,-0.2837462524480891,0,1,0.5459178968379974,-2.25376373378942
4095,-0.3781863832151833,3,1,-1.5741455694086648,-1.799828718210283
3897,-0.1903602143176308,2,1,1.0131369446943927,-0.9599600594415008
6388,0.4354146520766853,2,1,1.287144054902588,-0.33886145196265455
8126,-0.7334192381162046,2,0,1.643709325287,2.139735871709798
8501,-0.8540640096335581,1,0,-0.6870734769450425,-1.8322304974953727
3631,0.6804674955424725,3,1,-1.0886328729613675,-0.7970914999134671
7333,0.4909493501688751,2,0,2.132361446763476,-1.1433371271377755
6272,0.9758992295287978,1,1,-0.18674149997386333,0.6240024197846803
424,-0.7564218344833806,2,0,1.0881977549357535,-0.5376467737943335
392,0.784708765539978,3,1,-2.0436718244399006,-2.1904235159048913
7469,-0.7157677481592457,2,0,0.9902900080868364,2.108061128176342
16,-0.2913788315964798,3,0,-1.68862953522208,-0.16216112114942538
7321,-0.8133132054376975,1,1,-0.1313716772484765,0.8878499414643007
4200,-0.7913928982296847,0,1,0.44159504213199485,0.4135494266971677
2672,-0.223233215655249,0,0,0.3000448076336212,-0.6064512029757553
2444,0.2297397297976391,3,0,-0.9179763047541801,3.157986321618098
7011,-0.7486519860419143,0,2,0.024289217953279027,1.7329059408052674
6630,0.2096347646093679,3,1,-2.3314934188891505,0.46985258389478557
3493,0.2281415250125342,3,1,-1.1235054791949286,1.4485868248269231
6044,-0.5934724951244497,0,1,0.025463009447116103,-0.3619030180091207
1459,0.9349981614497088,2,2,1.2486706287366038,0.7397146468099919
7075,-0.4324404757767317,2,0,2.0506891541128613,-2.927610744209161
7143,0.023017653748641,3,0,-2.6095791752959956,-1.6270700811983616
6625,0.7400304599677818,3,0,-3.201503990153576,-0.27703852610447477
6512,-0.5969990718140306,3,1,-1.1328871357675003,3.0438873371300463
3835,0.0426475092038916,1,2,-0.7604412678864594,-0.4682729708560589
8377,-0.5610871611455406,3,2,-1.8216538987763546,1.3116781782408062
5683,0.1197037137262375,0,0,0.39822896398562635,1.6510189189334266
8877,-0.9414403466397114,3,1,-2.039547155777733,-1.6558034863593498
5827,0.6857388572973282,0,1,0.08444784515472666,-3.7635440010180665
8770,0.0310470851330688,1,1,-0.4817091545131498,-0.9622597165510244
4724,-0.530731571509345,1,2,-0.23460101442455458,0.33271435127121185
7596,-0.726654255084437,3,1,-2.3655193200601126,0.03598020451496444
5887,0.2963220334674852,3,0,-1.6121651631722855,1.3147349784586038
2355,-0.1225567197741852,0,1,0.5303613009221808,0.4566228304687254
6036,-0.258661485584976,2,1,1.5344720672133667,-0.8237445945978065
4798,0.2058318135001469,3,1,-3.3505859717481408,1.7228996967673929
2442,0.587985898087225,3,2,-1.3518236233891687,-1.6482310614301074
6636,0.9353053078994252,0,0,0.7385392442373365,-1.6320734165037694
4592,0.2058163631674048,2,0,0.45876822587815247,2.82847812293361
7613,0.1773733143280744,1,2,-0.6459125070050603,-0.6304770596068731
464,0.6991799196830795,1,0,-0.1154116879859517,-0.11936945731365771
163,0.2883002492017898,3,0,-1.0022371000295023,0.14195723833378912
8327,0.6275323146678526,1,0,-0.4086165848905219,0.34883529718305145
8486,-0.6347507577173412,0,0,0.748819012644844,0.4002195933649495
8312,0.2931638356755153,0,0,0.5540824804125539,0.8576255555971876
8796,0.7966862542118522,3,1,-0.8908368289197927,0.8394330135207709
241,0.4815047940571459,1,1,-0.08210910903727578,-1.8310189938402865
2009,0.5090830389383458,2,1,1.3265192478046801,-0.7962568671818415
6356,-0.1732001972698382,2,1,3.5332659122690955,-2.1365410904960225
3084,-0.2244897826321448,1,0,-0.4501909111149548,2.6669059037584213
6208,0.8832038787612626,1,0,0.21175391317932565,1.2215424126189312
900,0.7802562269460798,0,0,0.7915402209100555,0.11808254852397966
5542,0.3034328751639328,2,2,1.9665366913618412,1.3061605601097999
7487,-0.2174028745851726,0,0,0.6576524371738445,2.3232871300484303
7656,-0.1403291411125808,2,2,2.426442142105807,-1.5583077039612643
4837,-0.5640341573888235,3,0,-1.428305629850988,0.8473366105587745
2293,0.6412195163044718,3,0,-1.0660129297697067,1.9890618234784316
8192,-0.3428958690850274,1,1,-0.28537908257054245,1.3418465613201647
4481,0.3599449745561103,0,0,0.2926768647933268,0.8271806866318386
5302,0.6918910679714785,2,1,1.4323973439269395,-0.02804689355922892
4605,-0.4612331015315305,1,0,-0.5181121855893782,-2.3700467264598237
3716,0.5586186109038906,2,1,3.9357680009651,1.1770174938760147
8118,-0.4970712389075493,1,1,-0.30742659577368503,-3.4707557701320937
6140,-0.9369667457410028,1,2,-0.6413810659604763,0.6148810279388416
1764,0.3543824344810058,1,0,-0.33680922684268777,-0.07906468723793843
1549,0.2689053200119762,2,0,2.098015893635205,-1.8685875871136235
3029,-0.192993943596992,0,1,-0.10363627206881369,0.010986118849283003
7395,0.4269530254452889,3,0,-2.8222460241114025,0.6034147725238403
6298,0.4999266893440202,1,2,-0.6049667527839557,1.2089358485419461
2044,-0.6570581081227338,3,0,-1.3535172930502057,4.1244808837643285
767,0.5742766770700596,2,2,2.8357558592482093,1.7793040457224105
5693,0.7035277043865198,3,1,-1.6293843963650039,1.1557587193524617
1508,0.0877154193717195,0,1,0.37775282073400607,0.044555065166503725
3302,0.7666266069457333,0,1,0.5769778489069727,1.4961010681842322
4517,0.9142400605226172,0,1,0.4191660809064577,-0.21276067857054495
4219,0.3224567988868407,3,0,-2.8868335422422335,-0.4533816286441474
8625,-0.068885565122488,0,2,0.21873594525510223,0.31732835283188804
6421,-0.389330675227143,3,0,-1.2568687776010037,0.7410293444911112
3292,-0.512675906480299,2,0,2.2851736135061183,0.14990129977095687
819,-0.1284751175462299,2,1,1.8283579142799762,-1.7660833735357677
1403,0.7234798050653326,2,0,1.1506408516067066,-0.10390375553746324
1382,0.282994163410311,2,1,3.496077439098782,0.5847563678119858
2148,-0.910583250845119,1,0,-0.23213405574123702,1.3890364738787984
5671,0.7492918007961769,0,0,0.11981362141617437,-0.20688629871625075
1638,0.7541416665837986,2,0,3.2412724131578936,-1.321356572807112
5891,-0.0241896388544597,2,2,0.9778011244369759,-0.31347977793875775
608,0.0148886490765969,3,0,-3.088331129965228,1.4670999940957057
399,0.0969926894122727,2,0,2.010755262451884,-0.9063288603401207
6406,-0.2066536759163311,1,1,-0.1791747957687468,-2.0439346783441352
882,0.7742185500209646,1,1,-0.8568094218571655,2.2112007533160987
3565,0.213160757073324,0,1,0.035211460014481354,2.706840184913215
4285,0.9740933403865506,0,1,0.31608055521716494,1.3081811380447992
1179,-0.8045215293874517,3,0,-1.3508261848571972,2.700393365684631
5448,0.3033493453710005,0,1,0.5213608314218439,-0.6040746621401406
4244,-0.1415377733727121,0,2,0.1726143477601613,2.474297907341864
5218,0.869316124108183,3,1,-0.7298043848822486,-1.1550323904737323
6691,0.9500121195387976,3,0,-1.2146578712501757,-2.1367103079189174
2130,0.1963928282626488,0,1,0.6092783277897283,2.346600320417098
5078,0.4338971637170215,0,1,0.5898410876373174,1.9650208841206587
456,0.8631309042292534,1,2,-0.2637660491687893,1.036135830614498
7443,-0.7116877790274501,2,0,1.6280326960540863,-2.2553929730605273
5175,-0.9708819996570504,2,1,2.8478923759074153,-2.7371871369255483
1950,0.0498104535545336,3,0,-2.9182167208392342,3.94941413692622
5372,0.9071118646355888,3,1,-1.7578896991627184,2.2235497208706114
689,-0.7572195059215161,0,2,0.6219996529593228,-0.761256064038539
7733,0.1670777189673711,0,2,-0.17104848397604566,-1.0515676713865714
8837,-0.1337816518767609,3,2,-2.2964222171154565,2.4768715824541325
1953,-0.2112953450879691,3,1,-1.1063879426914698,-2.0742926319225936
5636,0.2460876042881257,2,2,3.329550367189925,0.5359376962361296
6963,-0.1024240819590969,1,1,-0.5486898867023027,-1.5500178151590618
2710,-0.7082940934782977,3,0,-1.039367035251582,-1.5883699316416031
7233,0.3591493739295868,2,0,1.0946813791122394,-0.006576086088436896
7271,-0.7699234914364681,0,1,0.3322836767276922,-1.1429483597597134
4349,-0.6985090907810243,3,1,-0.8977239745920387,-2.3538547357044797
4138,-0.49919598049907,2,1,1.3364505465097822,-2.5548972300636033
1884,0.6393953495471278,1,1,0.053545320313799,1.5224306173429014
7372,-0.6113651527375508,1,1,-0.6986719025615158,-1.4080221239835258
4485,0.0011397109837478,3,1,-2.436536277072639,-0.40339973720464717
2494,-0.6367536860069087,3,0,-2.062314598182371,0.3388173896983102
6989,0.5206983926129847,1,1,-0.1885284476414858,-1.0514887672335516
3036,-0.1494573135427395,1,2,-0.7845232093315515,1.4730474258871145
5777,0.6056483294253134,1,0,-0.781611722800065,2.36376664510917
3603,0.2276172115865207,0,0,-0.1768419566821808,3.1696912676170608
845,0.6107846857402852,0,1,0.8034940095547868,-1.3992664810341944
542,-0.7140371531648144,2,0,0.8457075875723722,2.3498045965133922
3724,-0.6897515285079225,3,1,-1.0671292894616387,1.6336232226982343
4187,-0.0109659125612591,3,1,-0.9372770528087462,-0.7181324476667669
3679,0.4234343707583985,1,0,-0.2560331918044257,-2.244535618110112
7918,0.6211863355620582,3,1,-1.0262754183226672,-0.2148125973217024
6075,0.4035277834299844,3,0,-1.0602682290490482,-0.3349715594013698
6633,-0.729138900200867,3,1,-1.166269229231905,-1.2242391480685717
8000,0.9200258215187828,1,0,0.014362348376603802,1.354193293708349
6734,0.4674384293456479,2,1,1.1935583279025597,-0.09661788649890408
2964,-0.7636963616185661,2,0,1.8938274286719436,-0.3967793462880187
2529,-0.4436346486092177,3,2,-1.8604002048515829,0.5765437231808223
5772,-0.8160738347165739,2,1,1.0198355601790308,-1.8599908481815364
1048,0.9999139087375404,2,1,2.329247610650505,2.0410172894269576
1960,0.7715447824938924,1,1,-0.4325568643852909,-1.4540126605405999
2530,0.5857311289548928,0,2,0.4965292104089759,-0.5165013223302551
7212,-0.2736740394133981,3,2,-1.773745006168244,0.9934728869323116
237,0.9965422002429304,0,1,0.10266878401914835,-0.9898180256403615
4917,0.7005448278699915,1,0,-0.7374915825953614,-1.1654037544673772
6479,0.2414962419695236,0,2,0.43383943772484,-0.06877779893823689
1133,-0.4046489905513513,0,2,0.8551444173599465,1.1365030421220588
5901,-0.5275660737525363,3,2,-4.129435679503199,-2.5015501928526636
8090,0.1737855245646846,3,1,-2.0547502659812302,-0.8346505649591279
4259,-0.9149712281908116,3,1,-1.283422531981809,1.5076716305210187
8431,0.4692155326740312,1,1,0.20247047155269177,-1.0410539566460608
8979,0.8785097085417541,1,0,-0.31279818592960906,2.3237669302058284
8512,-0.8132632954589736,0,2,0.5574132248884316,-2.7686874050088637
7359,0.547613719100601,2,0,3.383407052205469,0.5882914708384795
5656,-0.9597637640897104,2,1,1.7632192696945896,-1.5814682992245135
7549,-0.2016682315596567,2,0,2.6435929656042756,1.2020115286835484
8524,0.048192747277677,3,0,-2.9895208383288283,0.9247740226689704
5907,0.112993836646797,3,0,-4.520438530975769,0.3643069340983656
2978,0.7990741607762455,2,0,0.7426809983761367,-1.800265849605518
7745,0.2007057621151642,3,1,-1.317042404670044,-0.9583821728724314
5524,-0.6477011180630421,3,0,-1.3442578828783822,-0.7153330166625445
7527,-0.0127891152797541,1,2,-0.6875090397148133,0.6714005013278213
6621,-0.3243949294095642,0,1,0.26578705937636465,0.6151892736430095
7302,0.0332842270635083,1,1,-0.8443675924077773,0.6603962197450396
3919,-0.5655578897428135,1,1,-0.08479663005098481,-0.6768211819646129
3138,-0.5773750819431258,0,1,0.5100257214053981,-0.1790793502684598
8472,-0.5708632360250261,3,1,-1.1476160654988437,1.2209583279199971
5789,-0.2991889725794363,0,1,0.09908689501057127,3.2627065700832993
4073,-0.3508223417000322,1,1,-0.24483189901640084,-0.12485916463050051
3287,0.4993880319431143,1,1,-0.5306897061498821,-0.2739217104937679
3229,0.4196072862233733,1,2,-0.0035671867676391814,1.2300251673279012
1826,0.525756422320077,3,1,-1.789092882211383,1.5273411826253132
5548,-0.7409223041788457,1,0,-0.6902171045508653,-1.2940511806250157
593,0.0101422534497117,0,1,0.5650772905983219,-3.341450723518232
2725,-0.7819340251609332,0,1,-0.1595699179729944,3.4818436405280373
4137,0.4159314167867605,0,0,0.3929755790929407,-0.9503822069750649
560,-0.1849011398278308,0,2,0.49679129258880506,0.6820957559736204
7663,0.0467228588315533,2,0,0.9382830734242262,-1.272970096903489
6903,-0.3132357581454918,1,0,-0.5859528854536067,1.2569032025947722
243,0.4028275484749215,2,0,1.3632965919691453,-0.8404971540197931
5435,0.6097947844759353,3,1,-0.7861122493683255,-0.9419270547915417
4437,0.5921687008698313,1,1,-0.234693187369503,0.649401086573874
6802,0.7547102447085621,3,1,-3.5264210291418663,-2.7475678108564154
405,0.0005489467852095,2,1,1.406025819644424,0.5003974384826524
1442,0.0994727035925155,0,2,0.14105416515554015,3.245134252943265
261,-0.1062840659242427,1,0,0.09755353834729343,-1.0452568822910062
6579,-0.286683388829144,3,2,-3.0870620787898937,-1.1841080751117972
8577,-0.076293333614634,3,1,-1.5363163466136587,0.3336294341207098
1689,0.2413067824924624,1,0,-0.523855247301122,-0.872809746872227
1725,0.0557107822046138,2,1,1.83849903098309,-2.4811152706209696
7980,-0.5986678261375367,3,1,-0.9910583389547527,-0.3773972941720802
4930,0.0799070982433245,2,0,1.7955426125635745,-3.6790410434251
5962,0.5675031385836997,0,0,0.4580232807760273,-0.19850510031973148
2496,0.9330307399776108,1,1,-0.37959940354676824,-0.5788362696412257
6106,0.7856377831129047,2,1,3.8141599109377644,0.4895060362891615
6595,0.2492811739095404,2,2,1.791657657032954,1.513977144693713
340,0.9913924135416778,3,1,-1.420669322391059,4.151575492850066
6841,0.6993747535774082,3,0,-1.0271555462903348,0.5848960086542129
1601,-0.3622666535088832,2,0,2.2039503555417808,2.2167035778171464
6859,0.2100658766199337,2,1,1.4410147812444314,3.521116517109165
5782,-0.2659006531108305,0,0,0.7626677858873986,0.1954410202401439
4576,0.8419327778320596,3,2,-1.9137225111426197,0.5343018219978632
3725,0.5286579638251601,2,1,1.108170938274267,0.47333021112364326
2556,-0.991943460595613,3,1,-4.137333109823949,-1.0183856748949172
2785,0.3776048446878839,1,0,-0.5103655750933671,1.5726346584950004
1523,0.8639062454246156,3,0,-1.4975142873074927,1.1712096183419909
8051,-0.067369561563624,3,1,-2.063848800556755,-3.251258976910338
2831,-0.2683087917034295,3,0,-1.4639930150891614,-1.5335596240064888
1012,0.2793955598566076,2,0,2.4468185548869053,-0.5865274616887473
6908,0.882784699008321,3,1,-1.3887665128363105,1.013494721323312
7912,-0.6042278507328995,1,0,-0.7127872772561018,-2.589124046414986
1766,-0.9397189644733954,2,0,3.2482619516990834,0.14819776431191148
4551,0.272241047291879,2,0,1.359248539810763,-1.4512452914823026
6549,0.7400985980270636,2,2,1.034716655467862,-1.3442836121674173
4037,0.076969495868638,1,1,-0.5135031446253604,0.028552558072607384
6705,-0.9048539647272912,3,0,-1.5774409301881964,0.6875222670650573
8968,0.2770707238849117,2,0,0.8473765597937802,1.8407432114464746
7937,-0.29159404217367,2,0,3.781116694916806,-0.6868463163734142
8682,0.460860298102077,3,1,-2.664502028232402,1.4163314745061137
363,0.1076088247270674,0,0,0.4896447641703402,2.4612795446544298
5367,0.895172372857657,1,2,-0.6407635839489823,1.2723791690485573
8949,0.382884406076118,2,1,0.8892953354400939,-0.9054346712629454
8169,0.8545272965023676,1,0,-0.11096098297469417,0.22324986793758064
8502,-0.1563447811437199,2,0,3.492367773947313,-2.8766970208624922
4725,-0.0907474018595182,3,0,-4.956767392641224,-1.2181963412969667
4443,-0.9085072057127096,2,1,1.284354811007265,-0.5158450901056945
7801,0.8697779067738229,3,2,-1.0027605007651652,0.08981643736518323
8622,-0.1037722088078436,1,2,-0.23316292001832012,-0.5832568833516739
2562,-0.3762426720239487,3,1,-1.7066353424088232,1.1448825480365834
6857,0.5077277160135993,1,2,-0.3277004249986981,1.5259657559057873
8638,0.0436469302379691,2,2,0.8754481575864187,-0.5275565315491751
5519,-0.5194492790032339,3,1,-2.395787818034492,-1.5348008004207176
8647,0.6109290031506307,1,2,-0.2618698122256741,-0.25427885690064217
3083,-0.2102674675492699,3,2,-1.8871777858193723,1.1301744946847692
2959,0.7617100564545176,3,2,-1.7006589098467289,-1.6921237639442888
2102,0.3945370197844329,3,0,-1.618698200172617,2.0008235920791697
632,-0.5070643657629497,1,2,-0.23892993404722052,3.3939975965888114
2493,-0.1732705051426653,2,0,2.315486111215783,1.1945630026403988
2665,-0.27383857757981,3,1,-2.5825591068279787,-0.42405467867004815
7197,-0.2832425406604077,1,1,-0.17706278378179452,0.623871793647535
4406,0.9222293987554812,1,2,-0.3612260715207178,3.0021315369369135
7198,-0.4035349449093466,2,1,2.87759097920475,-1.1985911819844866
7757,-0.2618654345145987,2,1,3.713514261891392,-3.8242384751609464
2334,-0.5975752153836917,2,1,1.2221689529421162,-2.2626570955063183
7508,0.2460466191520596,3,1,-1.2171020144947877,-0.5501841586431707
3619,0.258018822002354,2,0,1.619742759092826,-1.2782524407436744
5561,-0.2941410480088748,1,2,-0.02667912663985257,2.07775853400823
3883,0.1460652007305229,3,0,-1.5268403130828327,-1.1664703896857584
6659,-0.0882809179024812,0,1,0.23896001829722002,0.4883413575384345
4211,0.5739533444568372,3,1,-0.7730737676605401,-2.4336963531819724
8551,-0.9964103290798894,3,0,-1.4395032544049566,-4.376110953702149
1494,0.9739389101185372,2,0,2.4311688728796836,1.2848425531849674
2401,-0.4126573895156651,0,0,0.13342683585129458,1.7583719371317557
3874,-0.7533985457641699,3,0,-1.098626598532668,-2.496663108118095
1232,-0.528512667699863,1,2,-0.2139587862468006,1.1477299116752586
2661,0.4214193245174382,3,2,-1.5021075988627566,-1.4645677775428059
2817,0.2663443645390608,0,2,0.7580623502126602,-1.5982844038921662
6699,-0.94164705947122,3,1,-1.345735719304627,-2.5354019193068558
2774,0.777054209129189,1,0,-0.6599346783924965,-2.152897499953484
8831,0.3706679906096293,3,1,-0.9422056862319683,-0.1802923718525815
7768,-0.4387609376711956,2,1,0.8485700750872475,0.6479030619320376
4153,-0.606009101946444,3,2,-1.1366266243252952,-2.043356141393972
7301,-0.5047365493867957,3,1,-0.9101814117995092,-3.070489025724123
3061,-0.2929481620417125,1,1,-0.5150427446448141,-0.054501482714685634
66,-0.9475110260155346,1,1,-0.10294802132990932,0.07865964684013531
8950,-0.2206919192563188,0,1,0.38109242680222266,0.2316213127083997
1735,-0.0082483700941859,3,1,-2.888888334891649,-1.5455893093146917
2823,0.5726795052643676,3,0,-2.1650169053835766,1.6190409021992125
6292,-0.239470933519228,2,0,0.6949820681331549,-1.4131822078277063
7466,0.396160755322833,1,1,-0.42726068631234104,-0.43576009257182996
6730,-0.7708185420572526,2,1,2.442761008024024,-0.6350176198271824
2475,-0.5589630631954938,2,1,1.0872716115974521,-0.38502782671219354
2564,0.6456223569866422,3,1,-1.4592114976506028,1.2090469614510244
8984,0.9889360058915097,1,1,-0.2845660742713456,0.9906317652834602
3713,-0.8745478191058746,3,1,-3.383433383801938,-2.1612774600367186
8325,0.6140040896770811,2,1,2.873641078691823,-1.675776535120594
707,0.0743072486381646,2,0,3.2545023855818354,-0.702404367988005
3046,-0.556356297066295,2,0,2.0526192147143916,-2.169940228395125
8259,0.9563414607859416,0,0,0.6162901609144428,2.3876485557961566
5189,0.0336287104650512,2,0,2.5052697959649373,-3.2176075248026774
7474,-0.533300301048069,1,1,-0.39254941580991315,-0.44010844424502266
5472,-0.2671383521379671,1,0,-0.4506428423460063,2.8626534782997166
72,0.0721345337772505,1,0,-0.2505630930352734,-0.6907089713123717
6018,0.384628447394606,1,1,-0.2158906108051416,1.7155849559012222
4448,-0.4625510908003829,0,1,0.8833179139148932,-2.0520550924921452
5860,0.4673107053310434,2,1,2.155748294803016,-1.2604217033125273
4839,-0.5835704721251858,3,2,-1.1015434160404798,-0.1082192479325736
4131,-0.9259438054404544,0,0,0.2505012447612385,-1.7342760164664035
5101,0.9865115134916108,2,0,1.1136838855499531,2.60102267195874
1190,0.3829194933918336,0,2,-0.0799175607497937,-0.8587731871969911
6431,-0.9911040438023416,3,1,-4.222226812921278,-0.4311546538731297
2601,-0.419772622628723,2,0,1.2080164200475954,-0.07102712724837013
1125,-0.4948531994037244,3,2,-1.8341599022822033,0.24655124964181194
1241,-0.299964781404193,1,0,-0.3120221376987189,-0.4625432607687893
7579,0.2745445524033469,3,2,-2.2773819993238513,3.3570857831062813
3602,-0.9246405097827146,2,0,3.2238778291568604,0.00038674039963058443
8070,-0.9263611181543424,2,1,1.7638410168822467,-2.7962915275467775
7349,-0.4275715275390586,2,2,2.360152525932846,-0.3749354627532142
3351,-0.0480092615539786,1,0,-0.32249753854090335,-1.4810126791729197
5094,0.1658899838828309,1,2,0.018805497413768246,0.45854879554179107
6602,0.4635466621531705,2,0,1.9152357383140182,-1.1910446927914606
4008,0.4322298547597312,1,0,-0.7923630052439549,-0.7975010883956418
1577,-0.4160453022061512,2,2,1.8978948786511056,0.5848518166383142
3906,0.3212449262431951,2,0,2.0775555711022498,1.143968076717993
3729,-0.5864787027057266,3,1,-3.6221040137519935,-1.950037306515318
4358,-0.769242780792192,2,0,1.1031640107587424,0.7143582941468355
5922,-0.1595188346484914,2,0,0.7097825043762275,2.4362776893065385
1343,-0.3924046063878161,2,1,1.7596776951033963,0.3062925638868641
8988,0.7181192070934233,2,0,2.4139978229075894,-1.4747667121236023
7448,-0.242826535975084,2,1,2.1460145006852427,-0.9846443272384846
440,-0.680096842123411,0,2,0.5739313094552754,-1.7878381285620293
1100,0.901448614048772,2,1,1.6969908141949444,-0.4079810483226884
2637,-0.3976049763267819,2,1,1.4506312399643888,0.7701320420586297
6920,0.4994021591467219,0,1,0.4312893729294929,2.5906201282339
649,0.8820577730107371,2,2,1.0337810330804076,-0.9859066517504435
1546,0.4413467317135053,3,1,-1.8079893933297668,-1.1310263907776645
8083,0.3569780565648355,2,1,1.4661658450799409,2.4771274299443014
7473,0.4312588149249441,2,1,2.126718557741314,-2.1326478441482624
2852,-0.2310689130669432,3,1,-1.7403512862488753,1.0531694941909484
3503,0.2872540238613545,0,0,-0.0027788244753894076,-3.3385209429580125
7066,-0.9563078234203752,1,2,-0.35802580459756156,-0.5492323019300015
630,0.5932365694547286,3,1,-2.4503377733768748,-1.500259916065195
4768,-0.4117005370058673,2,1,1.604957721318303,-0.6454591223432479
1249,0.3282414355346745,3,0,-2.7828998599538357,-0.6976928462241104
7437,-0.3994555718306023,1,2,-0.24170811969946604,-0.14176894765620432
482,-0.009526033833171,3,0,-2.4675530949227893,0.564853575132481
1584,-0.7721498872244006,0,0,0.48275753279093164,-0.1237601464666327
4676,-0.6746129131412884,2,0,1.0617385235580696,0.3278154246473256
6385,0.0695108263564603,2,1,1.5322677249081937,1.0985666198032835
1462,-0.5156788713599432,1,0,-0.43384286464998545,0.9107730919052804
3040,-0.819342888952749,2,1,1.092642433660485,-1.5680491692725524
5010,0.777431731296574,2,2,2.425694763015054,-1.2039363874044935
7535,0.4862633914186818,3,0,-2.035467628686702,-0.9511670708400425
3273,-0.1656411795265668,2,1,0.9543263239498658,-0.8483484687532034
3683,0.1485183717171556,2,2,1.9798077439999595,-2.275920310241856
4145,-0.1574606480211942,3,2,-4.089200731691546,-1.7202595748222411
8760,-0.0917649250721936,2,0,1.4671020408438418,0.4685521950101179
6918,-0.8969322527039665,2,1,2.824721476115468,0.19853604856076154
4954,-0.345222054082664,0,0,0.3795176036867093,-1.8295374472032861
3225,-0.8531661383061677,3,1,-1.4204084372320651,2.487615543661648
1072,0.7065149186848447,0,1,0.09136789473490096,-0.5238247050633064
4815,0.7045240573247089,1,1,-0.4025420194777463,3.047795898057117
8887,-0.777973064298529,1,0,-0.11720899083997886,2.654962455319484
2631,-0.1159009654489822,0,0,0.8725125675687639,1.7214271790264704
1660,0.9388477971592316,2,0,2.2344150666288414,-1.7892818474222931
5752,0.7091647905621048,2,2,2.2095536639145643,-0.53657907454664
2425,0.3899214897660283,2,0,0.6532442435331294,-1.7554032434545224
5079,-0.3785537299265742,2,0,2.563098691235314,0.4003741820466524
8219,0.0860124019017207,3,0,-2.3603651808333947,0.6985626488703084
5902,-0.3940251893121225,1,1,-0.5220054408760924,-3.8075600571026045
7444,-0.0489530998080298,3,1,-2.9491043701024644,1.2511581261123688
3097,-0.8430732172130555,2,0,0.6662149326005213,-0.44962740394793066
3976,0.5835975399097437,2,2,0.9757676288684806,-0.6633917144087514
1243,0.1202642834160694,3,0,-1.538533747751009,-0.630041842089215
1300,0.6376579822066084,3,1,-0.8897956841305112,1.3126769351998022
6284,0.8272000121350569,3,1,-1.0087001793124337,2.7321522937087797
6977,-0.1609981892807088,2,0,1.6870311938287477,-0.43800693126055174
5481,0.6631729340084562,0,0,0.5472535581790805,1.6259674042739913
7754,0.6778913764819741,0,1,0.24725425315917282,0.19702759247831383
5495,-0.727100492009128,3,0,-2.1949756527647257,0.09845114146380345
5291,0.8340515180347812,0,0,0.5888741960385458,-0.16526108002722753
1408,-0.0430587582556651,1,2,-0.4809481487655022,-0.38786392853605983
1845,-0.5666455066831186,3,0,-1.7852319579545128,1.2524014558324836
1798,0.9002418476590663,2,0,1.7802436941104192,-0.17226323252760858
3957,-0.9475418429060084,1,0,-0.1701577807562028,0.9990992266188409
1475,0.7059762561030771,2,0,1.1018437869451498,0.6983668468924225
7100,0.9092093871267026,1,2,-0.4019222608549864,-2.6671418443606005
35,0.2666060792662605,3,0,-1.9452872321268901,0.01855488426225903
7452,0.9469672664817528,3,2,-1.4462527418347326,-0.36633597785989896
6441,-0.645514445350845,1,1,-0.3731765624476105,0.7603366917217946
444,-0.21090499103026,3,1,-2.0916735355387885,0.9037910044766505
2359,-0.936281927188464,0,1,0.7187905880186025,-0.8636272752030917
3654,0.9420166038696776,0,0,0.4995247508331278,-1.0938101019758002
6302,0.1039826126235339,2,1,1.5345381718298723,-0.7400122858933176
7685,0.3180006448177963,2,1,1.4350311899348043,0.8537804337767113
3179,0.60652398847138,2,0,0.885520427963468,1.8465112728621704
1286,0.7031003758112748,3,2,-2.965755559004698,-0.5791412661051495
7281,-0.4602685243600626,2,2,2.2061708183294058,0.9335202608139196
4445,-0.8552173357126995,3,1,-1.1885709545392993,0.18881739845866852
3416,0.8119158275786544,2,2,1.2436397614177919,1.8405424571207474
2137,0.9506876160351168,2,1,2.388631590626685,0.21447138381718775
2636,0.8151885974219255,0,1,0.3783825390180154,0.24259981609097014
4016,-0.1973605791029953,1,1,-1.0940536951176503,-0.573275507489485
4097,-0.3336587992784434,3,0,-1.0420562962603512,0.09066749003809438
1681,-0.8678524189776902,1,1,-0.061388173337655366,0.12020071635638874
8773,-0.7005906543569214,2,0,1.0725253497199025,3.726623158304465
7597,-0.8631903257555544,3,1,-1.991349094176379,-2.517573848262544
5767,0.9855319419994456,1,2,0.17417391986210823,-2.0410741858761106
6792,-0.6972931063793566,2,1,0.73489484922643,1.2128771656610597
5275,0.3314115174978833,2,0,1.4715248874969442,-1.7998913506770071
1692,0.681907789270543,2,2,1.5676051171571506,0.07087849219786921
7235,-0.056334116704849,2,2,1.8106677606039445,0.33675450263052104
7794,-0.2715788985843761,0,0,0.30091136543905705,-3.9147490703301497
3635,-0.5864668895411329,0,2,0.8926230846636362,-2.5236329209613753
372,0.9299736472458406,2,1,2.298578244416804,-1.5935444126639802
7524,-0.1770787771182773,1,0,-0.0945771553815947,0.011276049345973265
6012,-0.4657208064456084,0,2,0.2558268021298821,-1.7506042160058295
5453,-0.6708308145820598,3,1,-1.7257902402598602,2.2230423334795417
5921,-0.7459621194418657,0,0,0.14768393125309925,1.0385835080705392
4882,0.3829480904717761,3,0,-1.5757596312781692,-1.443188015972682
4565,-0.6904345642780165,3,0,-1.0865681892725878,-0.9652151407242989
140,-0.8204986317304606,0,0,-0.026990605838507584,-1.6193147024456114
4884,-0.8910467219239624,2,1,1.3312117091393634,-3.8022801352540037
4419,0.7250352349353892,3,1,-3.707169761657613,-2.7627547816972835
8978,-0.0145923463648918,2,2,1.3423178704893257,-2.4984102800016257
8039,0.0213394390624765,2,0,3.6663200976494723,-1.0468068209372081
714,0.5866009548206221,1,1,-0.1693479826148332,0.6821033353894852
5923,-0.3325243312705175,0,1,0.08268322411799234,-2.628746644702188
6542,-0.6359886763086724,3,0,-2.832793604636906,0.05999341191644406
5243,-0.2967973450284349,2,0,0.9793774495372312,-1.0917281376480308
3188,-0.2722145393680593,2,1,1.1817598151942474,0.03618134811378187
8425,0.742616707184073,1,1,-0.3137529748865601,-0.9733806349166917
4431,0.0471928525382334,3,0,-3.5260190639533753,0.8820272584160972
8943,-0.082206195234006,0,1,0.7870711236973112,-1.6977255268039964
406,-0.4427597048447791,3,0,-1.9957325598660414,-0.47717698280539644
20,0.323254827369251,2,1,2.3862835715590722,0.1190717134323887
1004,-0.3015588904547104,2,0,1.2874424779957558,1.3100885581381583
6890,-0.562384697986325,2,1,1.8603664934710176,-0.9395459576742177
4986,0.1894605183092257,1,1,-0.3752587250785294,0.7659669433194778
2411,-0.3439360322313927,2,0,2.1889136388208956,0.886804332857808
2545,-0.9140996712997618,0,0,0.7333722906800224,0.2528258216613692
8695,0.6451626284688625,2,1,1.3651528816443896,2.299731677694794
2390,0.6065353208451223,3,2,-3.122666784090701,0.1270367932279345
7861,-0.971452804186347,0,1,0.5279985357662287,3.048620726395741
42,-0.837884947166651,1,0,-0.0004083661518993198,1.477033215173629
2830,-0.9080698405212796,3,1,-2.9842862485481585,-0.8256497993559169
5859,0.6544684090205053,3,0,-1.1857272078532068,0.9507618996888322
3371,-0.1870068631224608,3,1,-1.8901006069311257,-2.441922518358376
3022,-0.3727563409193508,1,1,-0.6670633491094218,1.8848097902282184
3364,0.6609133462709547,3,0,-1.0390357267769312,1.241015511656887
4399,0.730356858087952,2,1,1.9661772867686111,-0.6418041107878745
5252,0.2862175243761649,1,0,-1.0113091085236263,-2.777174578881651
11,0.1264279132742847,1,1,-1.0572108525935724,0.13070843368086263
4760,-0.0641584978506628,3,2,-1.923481425944128,-0.35675017725979163
1177,-0.3574234313320459,1,0,-0.23295033059031436,1.5502552105343277
6772,0.5497350106834957,3,1,-3.7972106087058046,1.5508624045854733
1947,0.1538215994897593,1,1,-0.08549729333359052,-1.4733021700256075
2501,-0.3876231563597647,2,1,1.5509177615560028,-0.3901907513938258
8344,-0.4807506846906884,3,2,-3.3317129269133696,0.28292109889150613
2863,0.2651504839052125,2,1,1.4385745685522149,1.7465454997659844
7432,-0.2328227326055447,0,2,0.44395092940906355,0.42813880629584217
3865,-0.4521649297080543,3,1,-1.3704398176166181,-0.8012509983550391
6228,0.2229163445952002,2,2,1.30626247309198,1.3322252354707154
1026,-0.0468615610619811,0,2,-0.005401530003581649,0.09282120602403932
3848,0.7314623737656134,1,1,-0.32514167025075064,0.4648538472815
2989,0.740806854372462,2,2,4.208298263432918,-1.1396356954535964
961,-0.3613658673190982,2,1,2.1322707835020784,2.3018219270220937
2889,-0.4304781974054694,0,0,0.4695748271980059,1.1634708135326848
3015,0.9107563873126548,2,1,1.6337105107860266,-3.109772395854227
3338,0.365100985592413,2,0,0.9302857475687814,-0.5773448365293334
6105,0.781383264440831,2,0,1.7366977283790628,4.998318424915759
6245,0.2715788119320605,0,0,0.9023811810716025,1.367645340490591
7217,0.0574897219317722,2,1,2.6834848391222597,2.350096032495315
6434,-0.8370607532168575,0,1,0.09370597882316668,-1.5143857713648117
6934,-0.4769965499758233,2,0,1.4094371045095473,-0.2658386843423496
735,-0.6396797339587366,0,0,0.8185447232864728,-0.7934595665808483
4400,0.6442629127713864,0,0,0.5305601360160992,2.026604370891476
1440,0.4571348884636701,2,1,0.8154829264962244,-0.7622114070540486
8769,-0.5203054904948021,2,0,1.0323189952314251,-0.5728867006188542
8581,-0.8667377731802297,3,1,-1.0137933027880803,-2.15543017532011
2875,-0.4869595997383706,3,0,-1.2537655436884778,-0.9814647592203801
3986,0.199014686140843,2,1,0.18952248351130904,-1.4385151895970287
916,0.5789040019867406,2,0,1.172661885892539,-2.100363400681461
8199,-0.9799331021433406,0,0,0.37199014256276486,0.493734114546929
7636,0.9732600242553322,3,1,-1.718145251289668,0.8241329328636168
4089,0.2891863142318853,1,0,-0.32789822251356954,1.026993257576069
8624,-0.7778710895740202,2,2,1.48805254964589,-2.7137642404754803
7645,-0.3668982936377465,3,0,-0.837075322659587,0.09433524722150659
2772,0.7621570648624354,1,1,-0.37403013114597045,1.454566573811877
1624,-0.8379981012357249,2,0,2.9582853030463405,1.7663475649799274
7756,-0.1768870315298361,3,0,-1.1480534064720673,1.698715448516187
821,0.308768568294653,2,1,2.45240493281793,1.9852623760176025
1367,0.524360856472218,3,1,-1.434202766295836,1.2974196544328436
3712,0.8644273776537328,0,0,0.1337457715132922,-1.9405893738249358
8865,0.7638764915383767,2,2,2.0251490091373667,-4.239097031782495
1388,-0.9714376708053424,0,1,0.24999941775427426,-1.2466123313403015
850,0.363314905852343,3,0,-1.1036195475792798,-1.938693059904329
1000,0.0838057605405517,2,2,1.8566049726356846,1.6176876581046482
8841,-0.1929603610720072,2,0,1.0254726280248367,2.5592917097636776
7463,0.4552016505176557,3,1,-1.942925030246211,-0.5484179475511566
4114,0.3836134089534326,2,1,2.9530018577677195,1.2676373971456092
1637,-0.1567598779300933,0,0,0.5127821967290209,0.922797790273877
1667,0.2939703987560758,3,2,-0.5464133808054655,-0.6497289535005708
4589,0.4451101155885426,3,0,-2.0657403453002128,-0.1016841355332938
3173,-0.8742497675204246,2,0,1.2187774606900785,-2.081809435744051
8705,-0.9051001989170516,2,0,1.0759877405493583,1.6414892160161418
1347,0.5476608357016615,2,0,1.7427564837437124,-2.3621799184483785
7642,-0.8822974299965263,1,1,-0.7633726895761362,2.140046420957214
3230,0.9861426889388972,1,1,-0.7612603432710565,1.0921557842969325
8124,0.931015105389277,1,1,-0.7939874148432717,-2.1325912138266028
8894,0.940627317321296,3,2,-2.12213059075714,-0.18909608930080649
7528,-0.7450589217070795,3,2,-2.3608886525209587,-0.6347974627417601
4783,0.3376994092108021,3,0,-1.4335934561177424,-0.1953282202000969
7647,-0.1456260065462256,2,1,3.3144103061446253,0.9783258564362886
3232,0.1141114002945211,3,1,-1.6829605963946546,-0.5132646459905165
5704,0.4407474504179436,1,0,-0.7603342167814735,-0.21988434264808224
8591,0.4867501790705728,3,1,-2.498169105810299,-2.3954253971546016
703,0.9956068435883574,3,0,-2.3550093442955706,0.12444173642455032
5105,-0.2800798320249316,0,1,0.6368463704843457,-0.3007607220576011
7802,0.3056058446749989,3,1,-1.2803914656455924,0.7917995082652025
3291,0.068008071102146,3,0,-4.147633159533418,4.411622952710462
3673,0.4122225663938501,2,1,1.4169800378439925,-0.6807564506362347
2408,-0.4613573595737918,2,1,1.17373265456644,3.552404513665271
8618,0.1672383487965112,2,0,1.2224637555644846,0.2707344881387635
1327,0.4346502795293341,1,0,-0.2515908885120151,0.5068617843513654
8664,-0.4591526534233838,1,0,-0.5463340540987142,-1.5297919434353513
5773,0.39082962290895,3,1,-0.6460770042467825,3.104087157693007
6095,-0.0048214700367239,2,1,1.2869057405317175,1.5869330151650967
5406,-0.5652323199486988,3,0,-2.3940548291059374,-0.4511855467985783
8021,-0.1248927154262409,3,1,-0.8722819503294875,0.22799020765966968
6083,-0.2324026459043773,0,1,0.18262434326895705,2.0254694705488254
4909,0.7835732425849973,3,0,-1.4455833077670337,-2.613365860339751
4440,-0.2470681902776779,3,2,-2.2220212196878126,1.0387974524675618
8801,-0.5838540446445304,3,0,-1.8101089093217486,-2.0453900961155487
986,-0.1104677646813354,2,1,2.422904915580186,2.596246096277248
7770,-0.9663179696081308,2,0,1.1662296486889576,-2.1293728597934583
3952,0.324087827820622,2,1,3.7295973540623426,-0.9335278846671023
8302,-0.3709259103129689,3,0,-1.395478306660515,-0.3732246512663396
8099,0.6964622161810861,0,1,0.3325749539350964,-1.6761805804796648
4049,0.6418437457472113,0,1,0.7499657185754769,0.2577809972238431
6257,0.9396009891915376,3,0,-2.24106808769782,1.4606939319439174
3485,-0.583371398257307,3,1,-0.6951697434037231,1.154756980738856
6089,-0.2380652809833365,1,2,-0.4515535688446165,0.6265195599503083
2474,-0.2815566527724005,0,1,0.36310104713188707,0.5099618036055166
5238,0.8513620140501714,0,1,0.4301434133512089,1.1138592873735964
6454,0.7836012898271243,3,2,-2.4330440844310686,-0.9438141883178579
3873,-0.5036702330188365,3,1,-2.463694807968144,-2.342988584848449
1198,-0.9186437751109048,0,1,0.3837450887106307,1.0149478014610975
4181,0.2448904020074562,3,1,-0.8226071311797132,-1.9908370322438078
1518,-0.2395881231352039,3,0,-1.6783671345633855,-0.6897555612824853
8115,0.2666296355764084,1,1,-0.395175540230042,-0.127555722114573
5477,-0.4995712098572882,1,1,-0.32468527018601884,-3.702991261150516
6812,0.4325765713799223,3,1,-1.3339199424763004,-0.66999596783243
1799,-0.9916756201550004,0,2,0.2166312958988572,-0.18517909228269758
1014,-0.5332994900954966,2,1,3.016606725960301,2.413432032029392
128,0.8908981876740012,0,1,0.22578557334761848,-0.7987689543827919
1364,0.4820572474235931,2,2,1.7855818911577528,-0.1727095239487677
7537,-0.7502962458993401,3,0,-3.1850595967754254,0.3180007475518679
4470,-0.0227238905617197,0,2,0.9467707608114486,1.307626579087122
891,0.5430916832546009,2,1,0.8388192643830944,-1.5003493332686457
2793,0.8224334500091504,3,1,-1.5244563738657442,2.4925534520690493
1969,-0.0086066048403421,2,0,1.8105190737817134,-0.1841156408477628
5455,0.9093310786339914,2,1,2.130029495328741,-2.3626470867988334
4403,0.7124829292403876,0,0,0.6167920421230049,-0.4383960882840768
5757,0.7497611806042219,1,1,-0.6115361858694222,-0.1102609701182586
6527,-0.0355129701430718,1,2,-0.0664334651731584,1.6385701854827595
6294,-0.9184326400877828,3,1,-2.1470607089673996,-0.9219531896439329
3923,-0.3447542294937655,3,0,-2.8622123580707086,-4.518396149301876
5413,-0.5348660976271824,2,2,1.4548383925889603,-1.6188787682785037
8291,0.5970396807070668,2,0,3.575546560036,0.7471869884739456
3249,-0.037707697170654,3,0,-3.2302750320652343,-2.8903735669794233
6570,0.1154397132960551,1,1,-0.7963159731552422,2.1570790731308307
6638,0.0992150136591989,1,1,-0.48166322392612526,0.7376475575461742
8242,0.8289813232261132,1,1,-0.34802044199711213,0.8571542785109859
1208,-0.8908284395739532,3,1,-2.1589236611446085,0.019528900129597664
3868,-0.2415469841936361,0,1,0.34533438784787507,4.35043686954001
8497,-0.7510068581400753,2,1,2.078488041239268,0.3276262415855218
4065,-0.4388855166763268,3,1,-0.6122262587433346,-0.44243808938366325
8272,-0.4529000480796099,3,1,-0.8695367600307302,1.8470826994641225
7431,-0.5500451960318022,3,2,-2.1218458849880184,1.770525494837121
1239,0.694820684814091,2,1,2.8117242109787415,-0.16313624750854577
2289,0.5243276358155962,2,0,2.5514304540127943,0.06381366926312665
2740,-0.1858704346894719,0,1,0.8065509467565852,-0.6323303159415087
275,-0.1083581360553462,0,1,0.7371442779369316,-2.6127643635535223
4585,-0.5241143077813089,2,1,1.9987101203393343,1.1717811949198884
1035,0.2496854249620868,2,1,2.4693803793181237,0.8207203669541897
1229,0.5159004409231847,2,0,3.452886947449719,0.54161127478309
6834,-0.4849054262827679,0,0,0.43670068925122935,-1.2171159270924496
1008,0.5721015185499605,2,1,1.686341445213559,0.1990296902719159
7976,0.7371215687380075,3,1,-1.5550752670953971,1.5370710804394028
5178,-0.5876817103427219,1,0,-0.4751198275702395,0.020591484315022262
3828,-0.9295421802985564,2,0,1.9939748210158987,0.5969527366750706
2532,-0.5317589706828405,2,0,1.0032942223688508,-0.5379143647987937
4293,0.0576693398056022,1,0,-0.25284384919351416,-0.3877736396861024
1058,0.9508198161131878,2,2,0.6148017438682947,-1.1918558832294674
6262,-0.1779884738125972,1,1,0.009428866309044949,1.0988486869253256
7276,0.057634462896412,3,2,-1.7961963368027414,0.6116098000527868
281,-0.0321000729482943,2,2,1.0028056358265918,0.5663444775635872
1043,-0.440036572019661,1,0,-0.2557477893091957,-0.5262069179398752
1316,-0.2724602515457031,3,2,-1.5894493155146419,0.3043625979542728
6654,0.7038507153278224,3,2,-0.9278544563750817,-0.1689273066213152
968,-0.4129355764491556,1,0,0.07838927403253079,0.914478909809873
2381,-0.9611872541941802,3,1,-1.1916220683921561,0.8531752556372171
7808,-0.9090136077628528,2,0,2.6672986537133663,-0.4363013930154738
1939,0.0410502760282043,0,1,0.1997526526268607,-0.8860475167754954
7045,0.3030623838453739,3,0,-0.7694320590029539,1.621980119149665
1274,-0.2340381298207112,2,0,1.470397242291276,0.41943146344403326
619,0.5918759349120151,0,0,0.27212943238833676,-0.041821124302976624
7120,-0.9749966777064314,1,1,-0.5782113300012613,1.2856995798762731
1742,0.7793488627885816,0,0,0.10478970637903702,1.9589120935236217
1390,-0.8877840899396254,0,0,0.25388309105478685,-0.22583928342598866
7969,0.0393162928345856,2,0,1.761594453679339,-1.1123903253456644
5943,0.9154072639571136,3,1,-2.669037307943399,-0.9238933627427048
1579,0.6138257636097886,3,0,-1.3126921144503796,3.2746546285920672
1655,-0.3682474382160579,1,1,-0.1524946751289858,-0.5799237511283724
3568,-0.3824652679933635,0,0,0.16666948356911535,-2.929187203700843
2352,-0.9280853287457932,2,0,1.3607378021186605,0.869603180008432
2212,0.447289227691616,2,0,1.2821146048254892,0.47775142124251063
6116,-0.2730540203444445,2,2,1.284447797686567,0.07193324204298072
8972,0.6573752305130904,3,0,-1.0471571260422,2.6159227358338657
6052,-0.7236780158420064,1,1,-0.6534078191174395,2.6546740661913346
3178,-0.6366055187554658,2,2,1.457877535782965,-1.6175815388498807
3192,0.2629971105113307,2,0,3.5798395663374514,1.3347370250826105
1307,0.6447394018183437,1,0,-0.09003366639416277,1.016783827534981
6099,-0.0333918835875195,3,1,-1.0028164498674,0.3848540558297764
575,-0.5780131547581642,3,1,-3.6321325512489064,-0.6279125591714497
2360,-0.4864985986515937,3,1,-1.3584539920819716,2.783870703817476
6656,-0.945076442091495,3,0,-2.2452368412603887,-0.47282520102769493
5802,-0.8650019593473448,1,1,-0.7669915514876671,-2.2926973448304513
7707,0.848050963585836,1,1,-0.1696282631485605,2.7274268165828093
7379,-0.7507350963645463,0,1,0.4608807647623978,2.7986934779843473
1280,-0.6144915971681215,0,1,0.039040250918372016,0.3820034742138249
7963,0.1359413817358159,2,0,1.0643203440952638,0.7476970823775982
4957,0.4750501959328896,2,1,1.7652107673733521,1.060040899323877
8094,-0.5075255716257683,0,1,0.04431772065033819,3.4569956223956537
5897,0.9960645504391812,2,0,1.6749019869513384,-0.44721314355871317
5724,-0.91087132822519,1,2,-0.6413574575368763,-0.4582280099217763
1993,0.1707427355392665,2,1,1.1668683464579377,0.9601157347453179
2639,0.7160485628920465,0,0,0.7154754189932813,-0.15050539450292139
269,0.3021611673138071,0,0,0.02810047576513678,3.1021530443706986
629,-0.9127069927126288,2,0,2.0569465833904923,-1.5863223539535758
7264,-0.6207615266003368,1,0,-0.3389141210064387,-2.519158327012932
3081,0.2005773746388888,0,1,0.33529401010059134,-1.2160697092180808
3466,-0.5603936620194316,1,0,-0.7795699971807132,-1.3379632605875742
6430,0.7022707510114048,3,1,-1.293925756731701,-0.15271966160538644
8375,0.5955997531895358,1,2,-0.2664565776499643,0.47530347003387724
4396,0.7960909753874719,3,0,-1.3622338187946408,-2.3377069119532057
4023,0.5288424596021208,2,1,1.3718043795171302,-1.9833486984185988
8751,0.2702456831432576,2,1,0.5630343971553775,-0.3084670397997035
5543,0.351433487851204,1,0,-0.15434556297434143,-2.475371305835204
5568,-0.7906960263709708,0,1,0.33895776745770534,-1.034880305527626
2046,-0.2195755178755734,0,0,0.30070301365675606,0.730245995219445
4356,-0.1525207592575981,0,1,0.14858297784397764,-0.861656456441449
7682,-0.4239084425347701,1,1,-0.529626086360002,-0.7957595377423489
2113,0.23047250713639,3,1,-1.5080900712350611,0.5656268502348964
27,0.6969504968544016,0,0,0.8388044484557718,-3.533271388832679
2040,0.513861305897169,3,1,-1.0586845786498058,1.3841959140295013
3928,-0.5528128611171836,3,1,-2.3282870833636666,-0.39928240368036283
2938,-0.4505824640536928,3,1,-2.1207329704910713,-0.6673866356113471
3216,0.8477144520224862,3,0,-2.6240148709430366,0.49499131092355714
4933,-0.0448943248295774,2,2,1.9018729074462066,-1.6729892893152385
3814,0.228103276489358,3,0,-2.0221325790159477,-0.44779911146729984
129,-0.9372996310493432,3,0,-0.8000789816126179,0.6536324843986255
7268,-0.668390339910325,0,2,0.251192514706416,-1.3194418623464699
6104,0.787217771702466,3,1,-1.4091403401639822,-1.3742479822752378
2278,-0.2125576268640787,2,0,0.8870971540121216,0.9645476723569294
4599,-0.9847722333194632,2,1,1.660869438833367,-2.3545366785908737
13,0.3688990135540313,3,1,-3.0691418426716544,-0.9289393838635135
8292,-0.9508952301869756,2,2,1.2418334743145412,0.07153336215636848
4476,0.8038920198944128,1,0,-0.8632525276825102,2.8337285483391206
8191,0.2520597297450999,1,0,-0.49724871075239924,1.0575647816916272
1525,-0.9633851383597124,2,1,1.584686894342521,-1.1556789304076525
2365,-0.8706415485467915,2,0,1.9197218133147378,1.2438451259169783
4648,-0.956407063534439,3,0,-2.624635151115593,0.07388134351993192
3052,0.5285169353645207,1,0,-0.3743872074344587,0.3581219342851015
4005,-0.6363097393419626,2,1,0.862788135988891,-1.0768390901209244
6980,0.8647438813843993,3,1,-2.3739264291371684,0.9798297428983146
2340,-0.8424813199997143,2,1,1.3373303479296577,-0.18191670502572865
374,0.3413660044748789,2,1,3.3154002853002655,-2.0267762793283213
7146,0.3539272956924779,2,2,1.1223552370427532,-0.6950796593835022
6477,0.9176824545498614,3,2,-1.1914291677614897,3.045976361513933
525,-0.6532361083541736,3,0,-2.867373259298602,2.2269949376399096
939,0.8809891687970282,3,0,-1.1921116511221204,2.031575624193613
3369,0.2080361850780219,0,1,0.1511644633479033,-4.394176434103869
5718,-0.1337664438112893,2,0,0.7195885231690116,-1.4527959750649992
4573,0.8853838191373335,3,1,-1.1461078047091309,-0.6314728078370645
6895,-0.737788041251991,3,2,-0.8468610657688838,-0.8342024294759325
2147,-0.1680890366333136,3,1,-1.1759812079915417,2.340806758791059
3591,-0.9446508902657308,2,1,1.209980571079019,-1.681435343877439
7736,-0.8942420815297358,2,0,4.471533096526988,0.015367804916652739
8553,0.8965930484201483,0,2,0.19480501483934873,0.5368436143797793
2958,-0.6634854625269722,2,2,1.732663625998177,-1.2289428773585032
6164,-0.453674824609644,2,1,2.6952674405566057,0.8418950116562787
3623,0.8721095408310278,0,1,0.20805426930545115,-0.4845028574477152
529,-0.3741580403227655,3,1,-1.1071283297530359,1.2582994800630969
3714,-0.2135328864319248,2,1,1.6006443231940624,0.051484976387959534
7646,0.8948186320913991,3,0,-3.0224267647370997,0.4622838256098425
4732,-0.1985546835081566,3,0,-1.6247964812037559,-0.3644123416136244
1269,0.9087947165339854,2,0,2.089862246671955,0.28086726642597043
4281,0.2971937827064861,3,0,-2.4883802269340634,-0.2061585313991822
1394,0.4143693149630687,1,0,-0.5830186707507761,1.1568051410679578
4850,0.0557961616201021,3,1,-4.575839464123078,3.4449762694008634
4009,-0.3865472472998605,2,0,1.1747158080208333,-0.084298388631237
4390,-0.3336199986014048,2,2,0.7109397221391538,1.8708417078698787
1797,0.9195475025124396,3,0,-1.3878143510911656,0.18974806268627856
2979,0.1335822051576702,0,1,0.630206346510441,2.2616558614016253
1441,-0.755081734223078,2,0,1.297754107148216,-0.5812068774417357
8187,0.3270768916004603,2,2,1.0286860431342464,-0.3120063370200608
2625,0.7544824445999674,3,1,-1.622271765534491,-0.20087497114596575
3811,0.0928351743790387,0,1,0.6418850585547224,-0.5013090219395789
5631,0.7211071918489134,2,0,1.2965123836623942,-0.3328098899637625
8336,0.5082174023008665,3,0,-1.618234745061859,0.4480195593315442
1273,0.4207979303858442,1,1,-0.49227117936281495,-1.2628043831334448
8025,0.3465257119218008,1,1,-0.2707877019644168,-0.8857784318318597
4703,0.1800701080739637,2,0,0.9256353257067542,-2.1323055690557897
1712,-0.2823311621246356,3,2,-3.6661366500345776,-0.6199654279458323
8776,-0.2422847346092065,1,1,-0.585772745268403,-0.6737529870901513
955,0.411074353420692,2,0,1.9041029350809557,-1.9247593692230505
6675,0.9562195726999168,2,1,1.1245018334901784,0.8335961704623397
7262,0.736997482363863,0,0,0.2964218653614058,-1.289415983988758
7818,-0.1675166129279235,1,0,-0.7449422308726313,0.03067827447196747
8434,0.9084671359196004,1,0,-0.6518413036528202,-2.8551743637098497
8605,0.9530186283744522,2,1,1.8873596332212406,1.3801438965053794
7600,-0.0688488200207426,1,0,-0.2526179345995462,-2.9208677117409487
403,-0.4608914633540928,0,1,0.025648630569304977,-0.058835788848610036
2071,0.9402792863899908,2,0,1.7387733975885258,3.01121840302551
8762,-0.7433043169269258,3,0,-1.925503352641232,-0.9600790843893354
1977,-0.0517981418423758,2,0,1.635723425911194,1.3935570270185365
158,-0.9072874673347048,3,0,-1.8599598857156836,-0.41090643936174676
5844,-0.5531496226877521,2,2,1.1697401935437828,0.46998267859356946
7005,-0.6348933015658214,2,1,1.3765580785751381,-0.3906021585392972
3888,-0.5551557343346434,0,0,0.28683223867540214,3.3922792626891387
5451,-0.5054343704740543,0,2,-0.18051737968924306,1.497902867510815
902,-0.0495413015745831,0,1,-0.04101178237742075,0.41784061487284907
352,-0.6132436433465396,2,0,1.313682363118288,-2.76374600276133
5326,0.5020780918703804,3,0,-0.8193170596422964,3.034438290833767
6078,-0.3231776327447444,3,1,-2.217600724495284,-0.6086837106253868
6236,-0.7463840358872649,3,1,-0.7606246398891401,-0.9038246682986527
4540,0.0319345806061468,3,0,-2.0607541058797194,0.23815563582206203
4130,-0.646418189829369,1,1,-0.22560831425243683,-0.5452564376678827
754,-0.958729150166401,3,1,-1.7754746238149894,-4.808587726111541
5833,0.2556696611250422,2,2,1.2376979030496902,-0.18360739962422254
2971,-0.9848843172116756,1,1,-0.19335566567863022,-1.2416291460885167
1082,0.8380272631787848,1,2,-0.6900582076556184,1.2615765306013587
2920,-0.019029760669152,3,0,-1.1814980791626377,-1.287651999662114
311,-0.4448376241804228,2,1,1.7257648332834024,1.4059206684879253
4644,0.2747478168538932,2,1,1.0243808346316308,-0.23665614513223723
661,-0.0099389934851739,3,2,-0.7104608758075346,0.4904136253520163
7057,-0.2055092304260912,1,1,0.022176256682006523,-0.6677902960545281
1989,0.5922160841874373,0,0,0.6318480208127195,-0.609312231858993
3665,-0.5636595109533715,3,0,-2.048801494901213,-0.19309727061343107
306,0.5442797602368319,2,0,2.3095395667650243,-0.8071110715589972
2335,0.5097794232925357,2,2,0.9368248878608842,0.5177521924900158
4790,-0.274663782539327,1,2,-0.5498195199812366,0.7470751390093221
2356,0.0369030674311845,1,1,-0.6781154609706669,1.0552279618504865
3702,0.8882282958136909,3,1,-1.4474850562033075,0.7426686699342914
3804,-0.5651229643973832,3,2,-1.315648119617988,-0.04789493620378871
1927,-0.2854308637313156,1,0,-0.4709175779873223,-0.32091394845514865
8906,-0.2514124780466669,2,1,1.0844316730360881,-0.5077429826339556
3427,-0.4273919369548442,2,1,2.363687505352747,0.1974437984568592
749,-0.78023367117779,3,0,-2.2951293754500006,1.184004168564084
3638,0.5346402480446362,1,2,-0.11074359146822002,-2.5080770958211094
7132,0.7591450264518154,2,0,0.608048097436081,0.25072919068825344
1266,0.6275999556379108,1,0,-0.22994562447541897,-0.21599095166843385
7173,-0.9733026553085014,2,2,0.8287354620781443,-0.47599982183109785
7441,-0.1332976512542709,2,0,4.655683691950296,-0.2697602386474404
2956,-0.6529606030094897,2,1,1.8157402180599038,1.670190645113598
3595,-0.4957210026265213,2,0,1.6567468862877448,3.1549723895216712
2134,-0.0730707227614395,1,1,-0.7093803340037843,-2.118197965100883
5066,0.7784169725596521,0,1,0.022216530231277502,-3.3731245120982383
4109,0.4875151052742499,0,1,0.1662578987572949,0.8609352241260327
4969,0.0209641222293288,2,0,2.0946793167374063,-2.3598622142904975
4904,-0.4817870802534088,2,1,1.0959381433019275,0.4056481695856231
514,0.2625849330404239,3,1,-0.8871044152500815,0.42214849589220144
894,-0.9857059234615346,2,0,2.2778429699316654,-0.12358319892240832
409,-0.9012158476382488,2,1,0.9015631114780042,1.055039663056257
7398,0.5311189236290899,0,1,0.6870982391900272,-0.29789824329830206
8980,-0.0766940068175587,1,2,-0.37916288485561744,-3.519959986553408
3461,0.5502209819307222,2,1,3.4506855725642156,-1.895686557814076
899,0.7746629315336027,3,0,-1.2594849957619005,0.4390709770766432
207,-0.3389964502452676,2,0,0.7277690032590174,-0.4122261340041094
7964,-0.5736409070179072,3,0,-0.9781624607629752,-0.6170317474624104
458,-0.3759232973362105,3,0,-0.5896936610377506,2.0320066650058553
2054,0.7020540656896144,3,0,-2.038221120569251,3.596449440539749
2430,-0.2123789061094483,2,2,0.7805906041903536,-0.47376315256637763
250,-0.5911524186711918,3,1,-2.375985306959277,0.6260605423981885
8263,-0.2167079084103793,1,1,-0.060329200101095,2.0767932966292193
5437,0.9776935903383684,2,1,1.7170767630241985,-2.133567398340657
1107,0.9442522334866724,3,2,-1.8178664865328997,0.7191372796155532
7944,0.09557521204099,0,1,0.7734387202392906,-0.8815082656797181
5979,0.0302308993444999,0,1,0.9886513564805244,0.7039096570851195
1713,-0.0110575310189116,2,1,1.2735859606997857,-0.6028148658518718
3911,0.3841820780262943,0,1,0.3468091969642665,-0.9258584647376554
7879,-0.6952665455205316,0,1,0.7655909531305741,1.2383665857766364
715,-0.4021162441391148,2,0,1.5396154023784956,0.33330699640348627
552,0.2723028158846925,2,2,1.94511431953686,-1.5891435988031877
1439,0.3340928327634576,2,0,1.2902607124606091,-1.6914513583581179
2270,-0.3376603024960443,0,1,0.6942370114945655,-1.1611285450865756
3144,-0.0028628948887627,0,1,0.4944311441636317,-0.8747512297328871
6917,-0.1347501834517093,2,1,4.438871719086729,-2.2964744998391855
2056,-0.8053763456173242,1,0,-0.8927693321707963,-0.5049532896913972
1925,0.6573035885150902,3,1,-1.55974500215009,0.04632875137883533
634,0.5334330476255305,3,0,-1.56881560569925,-0.7876786421631645
6082,0.0750495853359698,2,1,2.0548479658406205,-3.414099607341225
316,-0.9614560567224308,2,0,1.031187840173056,-1.825004380441228
8334,-0.6626996153059492,2,2,1.4717119273881276,-0.07115895538364338
8708,0.4478338134015704,2,1,2.3235219088511814,1.8393690480659481
5424,-0.8458435810292142,1,1,-0.3302009152365621,1.1004911176474337
427,-0.4329055469772622,2,2,1.0709004644157802,-2.679256405839047
7277,-0.6537994385347385,1,2,-0.20103242349188552,-0.10914902493028039
105,-0.9023576672916334,0,2,0.42810520009312725,0.505784093383196
3041,-0.1899979345707454,0,1,0.28672434838124167,-1.2990750071299226
4238,-0.4839129966231239,2,1,2.5360156169414125,0.09772834189283763
2169,-0.0798958417424433,0,1,0.7258970004721721,2.0074894817042677
1709,-0.3123840700547708,3,0,-1.4853411203147098,2.0295333736275256
89,0.0476067964143589,2,1,0.6283460515785111,-1.2558158160517934
7014,-0.0792436699011203,1,0,-0.3536163956293208,1.0589033201849365
2241,-0.6927050942246797,2,1,1.1161381009341709,-2.1103678199249867
3174,0.7333961899527932,3,1,-1.7797361406419365,1.533512796028002
7318,0.8677638798600098,0,0,0.32995421433591854,-3.3643346290091327
6259,0.970023652923962,1,0,-0.7457158755699651,0.44233586987255274
6732,0.1297387517855386,0,0,0.3721723499290035,0.1085721213801802
1949,-0.1351995594206141,1,1,0.26955008666344465,-2.702532731796444
4044,0.0097094977640941,2,1,1.414200984604616,2.174775466640051
8859,0.7464044386811084,3,1,-2.940272359738559,-0.3324125167400956
2848,0.2951986246218798,3,1,-1.1934869716948087,-0.6466391453783111
6368,-0.6517805950692126,3,1,-1.3568587837339925,0.9465904203619288
1,0.7046742194954407,1,0,0.04961521407124865,-1.926696787676686
6139,0.800943521674027,2,0,1.4652305372438814,-2.1278002141209007
4337,-0.4517267776911633,2,2,0.7787292769707582,0.8202690487418316
6047,0.1580686893588803,2,0,2.4374204620222644,0.22263263971668815
935,-0.3719955361476661,3,0,-0.7871468976180251,0.8885457969084914
713,0.730142982759566,0,1,0.5446882029930771,0.3329988862033429
2720,0.9690295547069692,2,1,3.105205527949955,2.695143973802722
8956,0.1068867420939139,3,1,-1.5343867643225209,0.7358638075162988
5205,0.0732116827071507,2,0,1.4964557751438978,1.0070708651984759
7501,0.0547656552375708,0,1,0.03444560559560335,1.705772780127778
591,-0.3863301519182127,1,1,-0.6267159092791745,0.16944932842868124
8828,0.4306437033523682,2,2,0.9066577186589599,-0.7606569453272115
7356,0.6160145367531855,0,0,0.592328939467476,-1.011638354012743
2936,0.5904784356204402,3,2,-0.8449429548299576,-2.712646764273425
8513,-0.4787788322901773,0,1,0.6913319569312724,0.49332840865457744
2448,0.4235509412035561,3,1,-1.1470269074052961,-1.3727754257217792
1576,-0.1660208398324909,3,0,-2.6784733280497086,-0.18098352550607388
7876,-0.997744044468472,3,0,-1.2118580628335716,-0.6578111715726588
8168,0.6517592057154258,3,1,-1.0722183916090207,-1.0387126779088376
213,0.2645101817711419,2,0,1.0609270910371547,1.9151485470511111
778,0.3997415649624307,1,2,0.006532060514896951,-0.5304381267273982
5511,-0.6554849141946353,2,1,1.1449112980749578,0.08421773141967849
3496,0.0623358688525292,2,1,1.0300778421831003,-0.6838001210582753
7677,0.5423428277323545,3,1,-0.011343517596055163,-0.12829421731754412
2043,0.3302264125771326,0,1,0.45770367622883296,-0.1793109136326815
8759,-0.2752494952306725,2,2,2.248688571144581,2.0210081266289324
8550,0.1195521273562292,3,1,-2.162023064171685,-0.11303997346471972
5420,-0.6701172388103263,0,1,-0.008533626663776828,-0.9164135643319309
6154,-0.3505487549871311,2,1,1.206733091139438,-1.7020740430475572
1567,0.3320553656927465,2,1,0.753655187156054,-0.021325497958586043
165,0.1175109792981174,0,0,0.6650362652587453,-1.2623011850568695
4702,0.7797203748305128,2,1,0.9007681897341347,0.2547120105870549
3566,-0.1848495767316789,0,0,0.4529534135888922,1.3281424698168516
7497,-0.0677287606056107,2,1,3.5342509953231125,-1.3782058015471375
8764,0.6650219887113558,1,0,-0.05645263805697402,0.4973742157311091
5439,-0.2587013426791276,1,1,-0.11997998057884382,0.17707909968763938
2013,-0.622560402037698,3,0,-1.5578203514831608,1.998014289728206
273,0.6928081688392682,0,2,0.4156303909244564,0.11314359978099514
3860,0.2594123033256386,1,1,-0.6324533237722196,-2.4412089354291324
4167,-0.7862702367299099,1,0,-0.7254403607275242,-0.4606565294590706
7809,0.6511181875851553,3,1,-3.244239521448784,-0.1783931606005517
3788,-0.0632212807946719,0,0,0.13638099275318344,-0.9657959400582755
5183,0.23336636933701,0,1,0.5493210686217369,-0.02695663275572997
394,-0.9835432989060764,2,1,1.7645473004320213,-3.560101029741297
583,0.511634393329536,2,0,3.8180368694386235,-1.931620567859925
8918,0.2020622230058613,3,0,-2.9653400916442108,-0.6813060259833968
8986,-0.9970906309822408,3,1,-1.049074255902624,1.0339224978175794
116,0.050010344124872,1,0,0.3539274367343137,-0.6432837959878522
6644,-0.3686384669940998,3,1,-1.2880768869671533,2.4043772352020594
8040,0.2209519618417681,1,1,-0.4085891950982326,1.6368559240552865
6869,-0.9617861871025052,3,0,-2.1781525249709683,2.5139715815557797
8954,-0.5514486239532559,1,1,-0.3896803792241565,0.9935331902739865
8937,-0.4895307041432548,2,0,3.6818155021876904,-0.4307714135782841
7921,-0.3021542909318748,2,1,1.860841323167965,-1.802974064085327
520,0.8788488178178111,3,1,-2.4914926894453386,-1.5162121921322615
1763,-0.1112175233575754,3,1,-2.5177820475738213,-1.226906380263835
1875,-0.3646537610542633,2,1,1.7244096530196535,-0.9533687232436941
5355,0.0965111276923531,2,1,1.3846704348535817,0.22737591867389392
3965,0.3670133693906225,0,1,0.4071163157418348,0.9651625170385207
3344,0.7327393505281516,3,2,-1.5899143780204334,2.057605402335039
6598,-0.8093832080348902,3,2,-2.864044505796928,-0.0265565904063693
2253,0.3172504423525093,1,1,0.10860166037120675,-0.7450908173504477
6877,-0.4853167259184117,3,0,-1.0605003864901146,-0.6952303189041963
3224,0.2551828002489227,0,2,0.11709434790788076,0.1926963782576444
526,-0.0451898770592327,3,0,-2.5175138215141764,-1.0328841429868911
8108,0.9372575628990882,2,1,1.8038795971871258,1.1229892834471553
2946,-0.5670944530313407,0,2,0.05854673031649214,0.17404721630822603
4473,-0.0405268486571459,2,0,1.1560057781463,1.2191318609825634
3899,0.4503175318846506,0,1,0.4640644471649744,2.319690902883704
5655,-0.2940687127620389,3,2,-1.0574522973162284,1.9075810265511144
692,-0.0881795211454805,3,1,-1.5056592820847903,-0.1314308446818117
6059,0.1940295014037207,2,2,0.8192795266303878,-0.4806975434710492
959,-0.4988282894491571,0,1,0.9172248596988447,2.9108752075102635
4444,0.9050472759272492,3,0,-3.026254007978161,-1.9824913815402248
8480,-0.552862763730962,1,1,-0.5175395871081665,0.3498105864795636
6342,-0.468763920597528,1,1,-0.09672947685075135,-0.9087896215737586
6131,0.4328368685009749,3,0,-1.0131299682224189,1.6948424046594672
3633,0.2141270068218619,2,0,1.1653068562903608,-3.0011478669929623
5805,-0.1282444212007618,0,2,0.35170803001717976,1.8633986202579689
1050,0.7729416939805149,3,0,-0.954611951266316,0.2833648679068667
590,-0.7585177506093772,0,1,-0.03841072357653938,0.5408761641244348
519,0.5908476211194071,2,2,1.1457244027898688,-0.7069168054464264
3380,0.8947960726591617,2,2,3.5305766938879355,-0.20108724097458064
3676,0.3926673894357826,0,2,0.13214928262002887,-3.6104854192988456
5776,-0.521919081308218,0,1,0.7650488990110487,1.5142187674665777
8062,0.1203225766402238,3,1,-2.3030227089611657,0.6076100709284963
6573,0.7692842480896178,1,2,-0.8404060436416805,-3.781647260447133
5179,-0.0025099549771279,0,1,-0.07412318983511272,-0.31304454039037216
1607,0.1426276766324674,2,0,2.576919356967893,0.6292704835279103
3610,0.5711866750867043,0,2,0.17014507052442868,1.6098425744392444
8779,0.9857108833050868,1,0,-0.2878918503229749,-4.18697508210668
6635,0.9493535802390584,1,0,-0.3491304685084569,-1.2897669375661707
8997,-0.9332763378769068,2,2,2.7536902250571593,1.406244000363533
1809,-0.4675499493468804,2,0,1.5321457814453785,-1.8539299332143762
791,0.7004800551916224,0,2,0.30293610694842793,1.2660601591504637
792,-0.4876297694283622,0,0,0.39794054453310634,0.01218203952405325
8045,-0.0192598139429869,2,0,1.0561442275649033,1.3555987795234128
1855,-0.4290377222032271,3,1,-1.1961847171128572,-2.631313413715894
1980,-0.4328194521228978,3,2,-2.016186323555975,-0.8019872835286033
3233,0.6857118124143782,2,0,2.8469684504175072,0.8771150352968319
3598,0.0451848262597776,0,1,0.5525401716396391,0.788803209967897
933,0.2904866847334708,3,0,-3.65707334228997,1.6204770198057314
3963,-0.0096273904838311,2,1,1.6352344665826615,-2.70704442793685
7290,0.9110059648719204,3,2,-4.7455315834178995,-1.000542091683535
5626,0.4174080062081384,0,0,0.4923770531468714,-0.15430723413700917
5506,-0.9811597718303512,3,0,-1.6363064860350143,0.24730078008072584
6072,-0.7449330268540306,0,0,0.4006792696852708,-1.2046665586917917
1682,0.7219673983564789,3,0,-1.4381159926184601,-1.228717499419688
4179,-0.5175460910933303,1,1,-0.5341258046796504,-0.863043837798093
4026,0.2564260997040339,3,0,-0.6627363921229072,-1.9697964747568724
8443,-0.2089538538221096,3,0,-2.3917934802030296,0.015607916939673483
6446,-0.6160464448323519,3,1,-1.0957239974845892,-0.4487605068787583
4116,-0.7346936607396051,1,0,-0.2796304630090922,-1.1516732445458377
988,0.8494589978070113,1,0,-0.6668958926459463,-2.608347678691184
7553,-0.6602271706811955,3,0,-1.8183403119387787,-3.0247023983593295
8261,0.239427862238301,2,0,2.730791358729892,-0.9744251765890578
3453,-0.0922209990306364,3,1,-0.6939698303549319,-1.43806149281411
2896,0.1057098283086168,3,0,-3.1925597749927745,3.571212608326062
3778,0.894747164422951,3,0,-3.7344507173026082,1.9819184980787015
5658,0.7223142068438348,2,1,2.5033539719706934,-0.10153087688803897
8202,0.8206435276602062,3,2,-0.9413464395162561,0.6239068410248413
3093,0.7981894965335159,0,0,0.4845873030194711,0.12643634778339508
3155,-0.4758578684423895,3,1,-2.683745763813433,-1.557164722994503
5069,0.6113851321427339,0,1,0.3604602044114565,0.23272499661542398
5806,-0.8695746508333049,3,0,-3.6649010538003837,1.376788602655895
3201,-0.5822704168861246,0,1,0.936619937609892,0.41501014568645944
7902,-0.8726714294650544,0,1,0.639252333361767,0.5998208760723528
8656,-0.7736243555562876,1,2,-0.50120449519312,2.0598408791213267
1098,0.5613255566814888,2,1,1.3998738359883192,-1.3333330428911485
8129,0.3931802975885148,0,2,0.3575012575805948,2.007018661217525
2844,-0.7399059895706344,0,0,0.19878847835875782,-1.7177948564393366
886,-0.869805172448713,2,0,0.9060861186762018,1.163224872846193
3342,0.3051410974678081,3,2,-1.8385261470248575,-0.5365089160648709
7593,0.4375168769639292,1,0,-0.30341898278767065,-0.6226545605531887
6540,0.4293977648051295,0,1,0.22109815243120898,1.745106792792904
8408,0.8289300213116708,3,0,-1.2383372561607633,0.8285589433344835
6096,0.5754901881365921,3,2,-1.921388547009626,4.785666304366424
515,-0.4890787693166296,2,0,1.1217537734199223,3.6667988132194522
3356,0.0969316270164213,0,1,0.3177440164725053,-1.852181568516624
4833,0.2969818524497483,2,0,1.105175775592267,1.5138723616901195
1453,-0.2483376071244383,2,1,4.356258082695678,-1.7912164176681902
3553,0.3862909511910799,2,0,4.327425559489544,-1.0322672365001646
3609,-0.4949997823362013,1,1,-0.6716590902462002,-1.4314315827815758
8934,-0.3391839722751879,2,2,0.8711898943127864,1.1193306490740282
4665,-0.7816122499912446,1,1,-0.6246065151434101,1.3435255259615708
2506,-0.7498743605575002,2,0,4.810767016961557,0.2686423429212857
2994,0.8957339906562269,3,2,-1.571361132561191,1.825421085482666
3999,-0.0915942743823867,0,0,0.5222863403922056,-1.1468979528712615
6222,-0.557301060748163,1,1,-0.13069159371766853,-1.1091957007504714
8740,-0.646483904651014,3,1,-1.1547023836394956,-1.3857292190262405
8905,0.4173546874973275,3,1,-1.3155919356223646,1.6817233931983822
906,-0.3114400160938304,3,1,-2.1630542226476814,-3.2801317464247846
28,0.9287534484303646,3,0,-0.9379295596854356,0.13514368420658843
8294,-0.3471466934429024,2,1,1.337787018430063,-0.8886448187725743
2507,-0.7541771162439128,2,1,1.9879356359775413,0.03020066657811517
2428,-0.7691575666065094,2,1,1.7099450059245116,-0.5755951131782181
5043,0.7860992504759272,3,2,-1.2590308420214429,1.3796761723457536
5346,0.358011983317315,1,1,-0.28966504290683676,0.10492465444976655
762,0.8892204319875394,2,0,4.3553783864734035,1.4840595601223043
3747,0.8902626558661191,0,0,-0.03962661748595622,-1.8877375148709608
4811,-0.8921693218442728,3,1,-3.0706060673783906,2.5243028801303624
284,0.4473238564393635,2,0,3.3782248777754154,-0.024896513877900834
686,-0.2831644091351244,1,2,-0.7699289985987905,-0.5829285223169017
4799,0.6310729978539598,2,1,1.2208456484474812,1.3228892820499722
2353,-0.7589089610128807,3,2,-2.256436401275532,-4.297876855000008
6353,0.1572638362620231,2,0,0.7017656174731965,-1.29831936239098
7873,0.1940664687649669,3,0,-1.169596679710684,-0.4640417142858923
4569,-0.7716155305754009,0,2,-0.17211256053395846,-1.01885587461128
21,0.3095687342551276,1,0,-0.3374809010627872,-0.9994169712356921
2752,0.1888714018928021,1,1,-0.8945334269438795,-0.09761461677884015
885,-0.5206723989112632,2,0,2.9882345505542665,2.1534182390745213
8378,0.6093154021351812,2,2,1.3127690656475361,1.1287562638952255
917,-0.025340488501542,0,0,0.3178683996643613,-0.3802190497617604
7675,0.8342974657932767,3,0,-1.4980575222745565,-0.24047634576362134
1040,-0.1230549866900529,2,0,2.729633920374763,-0.6834420547884182
6335,-0.8703131407021036,0,2,-0.16244219190183132,0.13110764987439694
7763,0.5497555251424668,2,2,0.9457630063262952,-0.4802679830759029
1265,0.570619684912977,3,1,-1.6294080609169752,-1.9550240930147718
4579,0.1928276144319247,2,0,1.2346079152127019,-1.7909580309318311
8331,-0.8695984252064906,2,1,1.7752131451584074,0.726530020731626
7059,-0.5093737002763263,2,0,1.1563631886992995,1.0165444740783285
8659,-0.3697038650984565,0,1,0.47082968529742203,-3.0680862146343277
277,-0.0678928512937466,3,1,-0.42440265842313674,1.7040272035700654
5084,0.3286289563774671,2,2,1.3724281265430984,3.341889419869721
2084,-0.1224280186517399,3,1,-0.8951341754536926,2.6986100997696547
1245,-0.0803837338002588,3,0,-1.9514743069546803,-3.8296654355328195
2382,0.2156634866471112,0,1,0.5417852291914425,0.8387543447229051
571,0.0652223839394894,2,2,2.69145401961232,3.3263257468202085
1435,0.9798675310723974,0,0,0.4500520967830561,-0.07737667391042619
3902,0.1260050487368209,2,0,2.689172470043276,-1.3728839788570604
5089,-0.8987948346261438,3,0,-1.18536104888083,2.8518836027431913
1247,-0.1691630901757423,3,0,-1.423713219265084,0.20622059830675132
7353,0.6921343047076418,2,0,1.5029349426528358,-2.9610786279763253
4681,-0.4702777283060222,3,1,-0.9761665507963886,-0.4815382743411278
3526,-0.028398819114056,1,0,-0.47271641618774585,0.589596738113657
6557,0.9201755094185092,2,1,1.8615289181003043,-2.480941685307354
2514,-0.5249628985027426,1,0,-0.10637355894901188,0.3832399054358498
5445,-0.7670911126437927,1,0,-0.39309423104491625,1.0686728014648017
1007,-0.018394611149729,2,1,0.8071124715219435,-0.29484836946871634
4770,-0.6431280698256281,0,2,-0.23725555421844605,0.2606566633283044
6508,0.6754948483929775,3,2,-1.7345265097332878,1.2450172449993102
6999,-0.1792374696527141,0,1,0.7711769844879618,-2.428444535241017
4543,0.0657214118697109,3,1,-0.766506749643854,-0.5901483855307036
7381,0.5279833481334302,0,0,0.6052140762354272,-0.006861246350407598
7676,0.973125060170498,1,2,-0.31758957124675224,1.8991595411584363
4455,0.9090460195921402,0,0,0.4462776128490547,1.8961171127748437
2064,0.4624333044496378,0,1,0.5312771297216123,-1.146923840952807
5352,0.9682713946219356,0,2,0.044596075006607325,-0.26183376352240434
7728,0.5686947905909885,0,0,0.7062289206526648,-0.38736113179577325
1690,0.0829537039837959,2,2,0.6327602333054276,-0.059530171356641494
3117,-0.4235864912259339,3,1,-1.4506706229770978,2.6977953608129073
8554,0.4208333702941289,2,1,1.4534959882581449,2.731161234073473
5343,-0.3142249601650981,3,0,-0.9615138687727485,1.747283014536827
1985,-0.2231545820426685,2,0,1.006879647877935,0.17583111573343824
294,-0.5478436495419403,0,1,0.7044622354417629,2.827485154739056
1547,-0.0608543138251982,0,0,0.5172743845721769,0.08766455000430536
2012,0.3682997935829104,3,2,-1.1817232135031757,-0.24042992093788862
588,-0.616911746384375,2,0,1.2552218923968614,-1.5845237848727003
3329,0.5747559386940277,2,1,1.3702263149252305,0.5951413171930008
2403,0.6229878749572133,1,0,-0.7053704591993905,-1.3767146806107895
2129,-0.5030208263008038,2,1,1.036001925864132,0.8756909005305215
3998,-0.882555751931394,2,1,2.6888002170493457,-0.2722863605295233
1574,0.4807367355939584,0,0,0.8958160439283345,0.5533759200692827
3741,-0.6356260253468966,2,1,1.0353075963058107,-2.7159313335119974
3508,-0.1582480794658023,2,0,0.7457079657498809,-0.21658360373752372
8289,0.381626237384399,3,0,-3.3904254089747137,-1.425246470986543
2719,-0.4585698073467406,0,1,0.20027703881293935,-0.699578685094911
4521,-0.1328352999320001,2,1,1.7140849072588908,2.3759122145420246
6678,-0.2334615461737303,3,0,-0.9688045161320861,-2.2851972381103174
5150,0.2661835547016624,2,2,3.7743026697251167,-0.6113607086162605
2808,0.8229663563457068,2,1,1.3374725298088255,-1.1524981350155608
8576,0.0637038470470801,0,1,0.1105219197718362,1.7452727696141028
556,0.4667384990050294,1,0,-0.842723995401203,-0.2569921034846477
6276,0.4365162976802534,2,0,1.5631514358668532,-0.6645921069896455
7859,-0.9647444568196656,2,0,1.0265580166858173,2.168815047038168
4795,0.0235081723855665,3,1,-2.1119323158745846,-2.594350051382676
2469,0.7206577830901293,1,2,-0.43151500693613076,-2.2382233102252838
3738,-0.4551742269022172,1,1,-0.5130857948947928,1.1451612439707883
4286,-0.198746667724577,1,0,-0.5071606703084078,1.6990107249090425
8054,-0.5133700161481762,3,1,-0.9471149191771113,1.8299701360392266
5289,-0.4085750859732859,2,0,1.5383381143989683,0.7908894610038999
1716,0.8484786008674574,0,0,0.4661760838068832,3.105418728232087
2604,-0.5283270005914626,3,0,-0.9186746186636556,-1.0369132125015248
8069,0.7226821262869367,1,0,-0.5253551425283711,-2.487779983270133
6924,-0.8528043079689991,3,0,-2.9732313485104775,1.1147649886991882
1704,-0.518552329262479,0,1,0.6458642838233828,-0.46968302429854164
6959,-0.6623234304493442,0,0,-0.1398387970304718,-0.11944778458518528
6714,-0.1717026410779802,3,0,-3.0697952742002403,1.2900280221133804
6496,-0.3840169770027188,2,1,1.7935042780134514,0.024564604651070705
2139,0.221497193612864,3,0,-2.529666401156116,1.7799054436736161
3239,-0.1851409486671746,2,0,1.583104488026199,-1.4283590330179485
2383,0.0674786951209063,1,0,-0.15618959946040517,0.28134910121336004
7314,-0.7242802308105196,3,1,-2.034105739093718,0.4079342860651865
4311,-0.1889012523541995,3,1,-2.940365097710581,-0.236445805350509
1285,-0.4775383589555761,3,1,-2.2304113080160146,-0.47647325036195415
1312,-0.7990690201255162,2,1,2.226577544324128,-1.6448107403524437
7759,-0.8184323086965211,3,1,-2.1009100306543473,-2.597795268627182
1996,-0.1678477196435075,1,1,-0.14500468285390805,-1.1002146742031134
3930,-0.3617225160815764,2,1,1.0127608180822456,0.4317990994688379
6183,0.8290206770376329,2,0,3.085914889329917,-1.7011024499751288
5985,0.6665412983825012,3,0,-0.92818712909968,-0.8374820535289512
7416,0.3130315503878675,2,0,0.908976036689549,-1.3920013160201377
1591,0.7225004800018564,3,2,-4.745897363938197,3.355131982811906
8709,0.5666335964273057,3,2,-1.5503573561517598,1.533698721636175
8446,-0.3056798294687854,2,0,0.9806072474447395,2.4525087726898462
2162,-0.0687121317270209,0,0,0.4773067167050137,0.4879477027164489
2396,0.4873574722726577,3,0,-1.6486131441505507,-1.024658896108425
317,0.2785834569215422,1,0,-0.9227424898815382,-1.0829653526159344
6367,-0.641147789809916,3,0,-3.6985278899812473,-0.5057960309052599
8496,-0.6731334811599718,2,0,0.8847553175369495,-1.3864911304192276
3111,-0.7425653877383,1,0,-0.25385617140677047,-0.355533365741368
5233,0.1015978545197653,1,1,-0.38886519407460673,1.0686853532230158
7816,-0.8722808352940146,3,0,-1.0180680590484024,1.3497439984369326
5068,0.9940759135632132,1,2,-0.19634154895671857,0.21223159492977284
4036,0.1909648690294787,2,1,1.0928295741828915,-1.0433480241981965
795,0.5811545869014381,2,0,1.9749624559982226,-0.3642276645828004
3020,0.3071782097825071,2,2,2.0496599126510584,-1.849778017601994
1711,-0.7748663351668119,1,0,0.036754541896279025,0.34651259565211995
3387,-0.6318546809722692,0,2,-0.07441098962305202,-0.45044954084426814
36,0.5286696257068919,0,0,0.41286715684302155,1.6948581654630137
4549,0.5758153274888933,1,1,-0.34859608327678415,3.4356145031478227
913,0.583422397540752,2,1,2.7285229235869775,-0.5774582050618534
5721,0.8919027256674239,2,0,2.772468366128464,1.0292070455782276
5295,-0.3618152914151948,1,0,-0.32164429443132037,-0.9618920384173949
3972,0.4781102216229467,0,0,0.6195383003121946,-0.8483929363758417
5370,-0.4518803113776453,3,1,-1.9276070937458125,-1.4903709144946025
6471,-0.7226473236897961,1,1,-0.379627636279707,0.63836579111795
4133,-0.5055882909267957,2,0,1.5116612933625295,-0.8317967676682564
974,-0.4117851386853024,1,0,-0.4555617800769236,4.3735951933037525
7291,0.5113359092074192,3,0,-0.9693313638440123,1.7033396902591378
983,-0.8972722350862179,1,1,0.11565606686097997,0.48099974931935746
7825,-0.1268278607159334,2,0,1.9799625522297624,1.0705721388196079
7988,-0.2086655001947699,0,0,0.8117773220520396,-0.5023921776333397
1418,-0.0157673902759216,2,0,2.288923068522461,2.3654604477040286
8098,0.0175988448459301,0,1,0.6608794916395586,0.5418704580204575
1560,0.2803195951646664,1,1,0.0026031720874932773,0.7656152068795433
4135,0.9721666228926416,1,0,-0.5911326635569039,2.654723436839548
5582,0.3139851882361939,2,1,2.609797030033464,0.8612376868832214
8167,-0.5541953812664946,2,1,0.9354644635187963,-0.5684309199433579
4265,0.989375769775216,0,0,0.41479999479230695,0.25821131576490713
1355,-0.1963290833784472,3,1,-3.968599713414738,-0.23003651672416536
8370,-0.0032069559072405,1,1,-0.5439906002364346,-1.3723723332357887
5016,-0.0434927289849127,3,2,-3.50858331828157,2.8443914965150525
8754,0.3477244111923638,3,1,-1.3480632010364546,-0.1782728544389244
987,-0.592542610372973,2,1,1.2642141418083734,-1.9735659649740105
2682,0.0292369330821975,1,1,-0.20713817779700264,2.574076196688305
5047,0.1929628223932928,1,1,0.008335542979490573,-2.2737504651271627
1640,-0.7442628456729727,0,0,0.1223012860096822,0.2890950934506104
1290,-0.5111608776482062,0,1,0.6165044208627106,0.14735702852556518
3681,0.5810349554934093,1,2,-0.5553251503557602,1.6833642739451082
1380,-0.8526680027001647,2,0,1.2078589435489657,1.2052611761960574
1933,-0.1212662280632741,1,2,-0.10939655183893812,-0.33210650510740586
4675,0.651853379868627,3,0,-1.4801872824710867,0.17210589932624765
2376,0.7177571267094518,1,0,-0.46961127237035527,1.3247829328370433
3160,-0.8956267402552349,3,1,-0.9462745162269258,0.5859762479725227
2030,0.7182494565030026,2,0,1.4011401639210974,0.8073558151683189
892,0.6806551960272302,2,0,1.7243748842733235,3.6045395388241723
7287,0.3215227488880101,2,2,1.2994263031620505,1.781391695302896
4876,-0.5531520199141313,3,2,-2.5384250030551616,2.0168819002768217
4069,-0.8474620363269751,2,0,1.5862835279183356,-1.4297798309686842
4255,0.975642145264526,2,1,1.7214238129490496,0.4046475199442958
2,-0.2500293741272332,2,2,1.1287988923650174,1.550018788851351
8104,-0.0373190504642799,3,2,-1.3011236942735915,-1.2605756488926116
8438,0.2793153012028728,1,1,-0.019538151431260524,0.5555133820455269
2109,-0.3723389879109686,2,0,0.6976789206063521,2.9187601465337365
849,0.0652731435303708,3,1,-0.7542559640561795,-0.14202687334296893
2737,0.6594105370811167,0,1,0.9722797172360902,-0.39799107235175774
2466,-0.4516959803599423,3,0,-1.3553706661117224,-2.3391447817021866
1914,0.6896233899156019,3,1,-3.1628599955265706,-0.6647009550441926
1596,-0.3981273964952085,2,0,0.8774277509686318,-0.7370816200364239
5872,0.0705297417095709,0,1,0.49215490357800684,1.806542836605641
1913,0.3434114991354371,2,1,1.168863561392109,-3.8438273197498583
5139,-0.4645286903200343,3,2,-1.2320266721490878,3.865147086235661
8724,-0.5613945692139988,1,1,-0.4069786775279955,-2.487830959570146
5640,0.757372308762821,2,1,1.570660088714117,1.7296647147743733
2736,-0.9052850394421914,1,1,-0.5231025882103253,0.5794636195135254
726,-0.8152101736164814,0,1,-0.012176843258270148,0.09080469954966175
7214,-0.2155446636966813,0,1,-0.11426758319843415,-0.0738738001556375
53,-0.9638245862290268,2,0,0.8121352712787697,0.8845979884956091
1796,-0.4902456331959461,1,2,-0.7454753148836704,1.0238834023317727
3845,-0.6640570656501463,2,1,1.1687890204901763,-0.15015137837395298
6007,0.7364199959483526,3,1,-2.614549617709935,0.023924162741632105
6402,-0.2095764752523115,1,2,-0.8520538013187836,-1.5234869374720106
2553,-0.5789088133368865,0,2,0.8401136368473148,-0.3767446452176603
2800,0.5940559711247861,0,1,0.4784028758300537,-0.9885732205073897
936,0.7724902978829127,3,2,-1.6120216997624561,2.5538913347987093
8067,-0.721655798455628,2,1,0.8330664688002088,0.6404183300501259
824,0.634778977193948,1,1,-0.8602199598475936,-1.6082887402657706
4321,-0.6031486658565934,1,2,-0.48794718799738607,-0.041223286237558776
7274,0.978714544260783,2,0,2.326617886450213,1.15191213773556
3401,0.1742764190153509,2,0,0.9704530036901665,2.91616632804138
1389,0.8231012669025171,3,0,-0.8041901586236176,0.24133170539561463
3564,-0.7974676594355206,2,1,1.4962491830197548,-1.777457622824208
7410,-0.0788295498651985,2,2,1.5662362101498342,-1.600392948738581
884,-0.6043389899184424,2,1,1.388188787240937,1.0001304934165554
5429,-0.3223332433732879,3,2,-2.8603151655264805,2.2741307610350674
5703,0.1899955265148321,3,2,-1.2253296309075967,2.0068892293981695
5690,0.3598983468995007,0,0,0.24141955685421831,0.7064178335216895
4867,-0.5060268499992495,1,0,0.06451296922439588,-1.57794426607794
6707,-0.2103673262763969,0,1,0.16136392755857432,2.309522180913026
7773,-0.7288867158576111,0,2,0.49321249273235046,0.2326314718735164
6369,0.4674937496391032,1,0,-0.7799770592034709,2.6094665922508113
1868,-0.9126967739044316,3,1,-1.9266600713609607,0.9222542825056083
5181,-0.1315012644787478,1,1,-0.6820349720656631,-2.091746491476086
10,0.3817498871426306,1,1,-0.8127697648275443,-1.9637711977868335
3415,-0.0333922599672664,1,0,-0.09807646536175291,1.506895081799268
5421,0.5031888586160917,3,1,-2.157015392174862,-0.26682063117282057
7486,-0.4299760015563174,2,0,2.0771496791149686,-0.7104066720203545
1463,0.4272792535544023,3,1,-1.6352403442169638,-1.3876062036687848
806,-0.882043575553187,0,2,0.2846323005044898,1.5091624755870428
7979,-0.3050338911289991,3,2,-2.714429946976963,-1.119311177855297
8116,0.5272449277065285,3,0,-1.6426044757542768,1.6937795821377322
4068,-0.947185360821894,3,0,-2.2986593530923702,1.2324025324467327
2108,-0.556779993663757,1,0,-0.4564276430900456,-0.840749689390771
8225,0.2404210646823901,1,0,-0.5769691099925743,-1.4180265623717745
2041,-0.9215115106068664,1,2,-0.7923871243999665,-1.123083454437157
2234,0.3031216057971533,3,1,-1.976576429876569,-1.6226266654990955
7307,0.7537745890087792,2,2,2.089252360960633,-1.038904271414939
963,-0.9550378002627022,2,0,1.2388957547724364,-0.7562612185119969
7511,0.3545388547510457,2,1,3.904233223675355,-0.8424084455896553
7670,-0.697319225634756,2,2,1.1164084762569229,-1.3194903170934713
4494,-0.3849567595918932,2,1,1.6397307216911983,0.17456414723666203
2632,0.3742621165629425,0,0,0.5135776405933652,-0.16064175563026253
6094,0.1358090595793097,0,2,0.31770116435410867,-1.4352790487888372
7092,-0.5254886331733419,3,1,-2.509210625642137,0.4854773907073799
704,0.5485415599743695,3,2,-2.443703744808013,-0.7659914195547298
431,0.2007088823737262,3,2,-3.458410996801189,-0.718552162530579
4388,-0.8197383667129745,0,0,0.30047355731928904,-0.7942697340152618
6077,0.2969357788016136,3,0,-1.345611226119982,-1.2102935627509168
145,-0.2304555786296291,2,2,1.1198657477178657,0.0022601346722873027
6467,-0.3605167369631512,1,1,-1.0515466977835188,0.3292172197432603
2033,0.8365012564452539,2,0,0.9344107249738915,-0.3934656725458067
375,-0.1078823366610812,3,2,-1.2317581727234495,-0.5531502574250968
1165,-0.6961063789056623,2,0,3.8675394974318418,0.5866969762948943
3500,0.850425413393596,2,1,1.8616374781889746,-1.0741497478538677
2050,-0.9910621281416998,2,1,1.6650295297758628,2.5819886716240434
3760,0.2590813552309536,0,1,0.7569806266950514,-0.7619237115181098
2624,0.5468831221993222,0,0,0.8844690354401797,-3.957220261288812
4484,-0.1205604623569973,1,0,-0.1545927855755152,-1.274992371402498
4435,-0.6942910896637211,2,1,1.055443546947522,2.0322124288441246
7799,-0.2681010461096502,3,1,-3.210099531337096,0.2366270082584414
8926,0.5826180241251337,3,0,-2.1948569783524197,1.296308341333324
7069,0.3738726067693145,3,1,-3.62668280512268,-1.4994689803218886
4361,-0.5098165641214019,3,0,-1.4328371188841313,-2.586655396151101
2424,-0.6131448519942024,3,0,-2.748400337581976,-0.33660041104270527
1262,-0.3190184704447636,2,1,1.0896739007937482,-3.5886404022864915
1771,-0.5406939059878388,2,0,2.9906689851091106,1.2289158199229657
3511,0.1245044467193845,3,0,-1.1350953690983536,1.3340724700300068
271,-0.9019410276508352,3,1,-1.5131733326886803,-0.2826758378317605
4792,-0.5503092852821669,1,0,0.029952388428618894,2.8772854099575618
4843,-0.2455458702839412,1,0,-0.38740107372328314,1.2096482790341192
244,0.123742132500819,3,1,-1.8213294423203106,1.9027976703834586
8855,0.0312114168715575,3,0,-0.9400898759492371,-0.40896363857766876
4572,-0.7670417002838561,2,2,1.3555731581132981,1.1172797123326392
2032,-0.9452719930979372,0,1,0.7635071427216342,1.9925993480733688
5053,-0.7032138986838234,1,0,-0.6224293502558046,-0.705844200953508
7735,-0.1968037805842668,3,0,-2.8711988735525242,-1.4024334130047753
813,0.8156875439367939,0,1,0.4051006672331333,1.9520176894049588
8694,-0.9868805122102956,1,2,0.055902181264378,-0.19883524335468428
6010,0.5764254196495244,1,0,-0.13052024542995336,1.6200556822714234
3810,-0.41996271949658,3,0,-1.624650836777139,-0.8392187808382383
5727,-0.3513297240037232,1,0,-0.4902080135938356,-0.9850952589795526
8962,0.9326481501993542,0,2,0.32092303277193257,0.013103338354768207
7950,-0.7971627365182996,3,2,-2.1800029256915616,0.14472813842360968
1804,0.0365965673724877,3,2,-2.7989411067452594,-0.594863515873451
8359,-0.2517737371174182,3,1,-1.253523425344458,-1.719340819776703
4346,0.3211265039713271,1,2,-0.0667501152565607,2.6618659006543974
2461,0.0190834866446651,2,0,1.5780838162803918,-0.04137395344541941
545,0.8701382728516864,3,2,-1.4612481716307035,-0.763653750970181
3241,-0.1540486023793106,2,2,4.708696760597524,1.41740854157782
738,-0.9607898051885064,2,0,2.760673825056192,-1.424943042640388
310,0.0896664199096715,1,1,-0.06439072719299185,-0.8548080782207714
3521,-0.6106260055177128,3,2,-4.161688969652183,1.5261681141369505
7037,-0.5680157837044848,3,1,-1.2726344231418678,2.2750493197834984
1131,-0.0018587044006157,0,1,0.6371063779047108,-0.11802083118652029
5545,0.3365903700559693,3,0,-2.8049231839245294,-1.731012133563053
492,-0.7698100202070486,0,2,0.12960141979394632,1.5291167666976746
4111,-0.897612731579349,3,0,-1.1899689202095955,0.9608734231260888
7328,-0.6167466560910375,3,0,-2.07374700045754,0.9568078615029224
2769,-0.0099126800857274,1,1,-0.3995839700795437,-4.473867449479896
7564,-0.9335811739336736,0,0,0.16025712205167852,-3.494428667993038
920,-0.5371100632681118,2,2,1.9299114189727227,-2.8173610463178616
8816,-0.8542723589271386,1,1,-0.42334941266064896,1.3288750768800535
8194,-0.4537669182734254,0,1,0.11435349623359793,0.14482894627187778
3587,-0.4804791557143231,3,1,-1.5411245941765845,1.5484843323576054
6640,-0.6101628191594415,3,1,-1.651473951293927,1.664077505185305
3959,-0.2283734781179454,0,0,0.3294884291273176,-0.9390551400017061
38,-0.2452915414202618,3,1,-2.1744440563014913,1.1596098862881985
4459,-0.5284835259519169,2,1,1.1214552242218052,1.689895437514947
7126,-0.4918422293165665,0,2,0.10061564456158484,-1.544290223542544
4278,0.6663170619525516,1,0,-0.12772557310412092,2.5748687910068786
7129,-0.7080491346630873,2,2,2.141504299298846,1.7380308516067362
2983,-0.1932916601269954,0,0,0.47787894386685636,0.17025891383181813
5290,-0.9031536633908396,2,0,2.2629155382254433,-0.739513014520003
6948,-0.4255072821299397,1,1,-0.9426376968206456,-0.6012877169666183
130,0.8207942453765518,3,0,-2.2790242828944582,1.2166277506115195
5217,-0.6925502235289678,3,0,-0.8008546848612168,-0.7277375809450213
8927,-0.5641898422213503,1,0,-0.4995374047505988,-0.7715523810195939
2667,0.6775091559799025,3,1,-1.7092630512578766,-1.6522264068046209
7138,0.4061490855363794,3,1,-0.7715106120639009,-0.0036060046835689236
3223,-0.9742046751921836,2,1,1.0090965149645008,-1.456274466762829
1182,0.4772469662274934,2,1,1.5224319125410442,1.2709675090929713
5392,0.0679681768137068,0,1,0.24860015813062825,-0.7321902363284641
614,-0.8910495179499569,2,0,4.03118337965952,0.7647443066585137
8910,-0.1307714991771777,3,1,-1.780051803929981,-0.34006587790360115
1466,0.0209060352487464,2,2,2.725875867903622,0.4476654740499361
4497,-0.5400683131998336,2,2,2.033000179090473,1.537735258775306
3042,-0.591337153345685,3,2,-1.0031455739778927,0.3740098826444415
934,-0.8932681291266882,0,1,0.7088788974167943,2.284437587669285
2419,0.905094216126014,3,0,-1.9971859047388987,-1.8463747286465786
5085,0.7520453198393309,2,2,3.647124370316275,0.2678709514796427
3294,0.6589088068011211,3,0,-1.85460838546689,0.10506496328270416
6737,-0.0354388150611821,0,0,0.4189120805806521,0.2972525966501238
7938,-0.1688654574194672,2,1,2.0912913066142775,0.01601232645459466
4822,-0.8704147211508475,3,1,-1.366018574702839,-1.8436758700049178
826,0.2300695509373329,2,2,2.4713254525419988,0.45328664314150585
1521,-0.7526805556411362,2,0,0.9550836111895804,-0.36187287093335296
6831,0.2787253462648169,3,0,-0.8263632208291799,-4.461572762858421
2930,-0.9856989871544816,2,2,1.3825516681993713,-3.234298438107629
4232,-0.4040116296202949,3,0,-0.8364477725980823,0.03131868874828656
628,-0.6431973266164419,0,1,0.0777024260097282,-1.53259446238098
4430,0.6842568771848148,3,0,-2.337660610877415,-0.396701728772326
3853,0.9900986154528256,3,0,-1.8388170497659042,-0.4029595804826491
390,-0.1163188888558419,3,0,-1.4051010959636454,-0.06306001953226784
4345,-0.9704672568090082,0,0,-0.05302271789971185,2.671180578417021
8869,0.8489190671184228,3,0,-2.1273115449845856,-1.3399200465084296
7124,0.2440179137568954,2,1,2.1363424111091285,-1.0646582808932445
5913,-0.2868312299288145,0,1,0.277745779695581,0.3738880428215013
3990,0.5143727221814711,3,1,-2.6846279956517707,1.6885714314192264
400,-0.631288767588909,3,1,-2.477196180416618,-0.5314930609494606
4806,0.9703458055321104,3,1,-1.2911132584280036,0.022746166798346065
5135,-0.7332304989658385,0,0,0.09754851809419035,0.00992689621887903
7911,0.0706917794465444,2,2,1.042598012661049,1.7755660655767602
3359,-0.3064115617916609,3,2,-1.5661361479445526,1.7137717476276784
46,0.0027518790915666,1,1,-0.7247132847644453,1.5942797199539402
5657,0.9635483554923135,1,1,-0.24743928143572097,0.9040607545497114
488,-0.947155249812048,2,0,2.6976444572060294,-1.3845018906773159
3993,0.7360137725502103,2,0,0.9405030633301151,-1.4229273039957597
3642,0.3785616964089409,3,0,-1.7300884768035918,1.384427013235679
3726,-0.4213921443720967,0,0,0.8606142959052184,-3.600400262931906
8592,0.1462858678318597,2,0,3.1265571419037195,-0.7389153444963705
5208,0.8548486132511601,3,0,-1.818644764888344,-2.709256537402967
6609,0.4810485081238125,0,2,0.17225875612531633,-1.9599221564734453
5319,-0.4686321785979379,2,1,1.1279188833767602,-0.343833634440694
709,0.8714569878145393,2,0,2.51922760270679,-1.6956992062545078
7119,0.2716777378970099,2,0,1.0833816297799108,0.29529613914541725
2421,0.7000842671621719,2,0,1.8198249757094647,0.8091412633420484
5604,-0.570507029157763,0,2,0.40999130056672745,-0.532092286807029
1750,0.8885303394027118,3,0,-4.503152051937289,3.6346922690069756
8951,-0.0610731952564509,3,0,-1.8621071577427522,-0.9033570403366533
8014,-0.0553281752820418,1,0,-0.6242591724032427,0.6490815157092923
4062,0.4679713747366012,3,1,-1.325480425824858,-2.1144181835030555
8744,0.0232599997694129,2,1,3.5033772111206027,-0.06259319960080187
338,0.7360474420479681,0,0,0.7136089721242562,-0.3661825821432094
215,0.3303130478112264,2,0,1.2165729176660838,-2.2362302182094123
3663,-0.0116342604640633,0,0,0.5162004777629956,-2.5065104148212853
1341,-0.963801255820948,0,0,-0.34218422249321645,3.0608979592763412
8585,-0.554081641795312,2,1,1.2052493122761712,1.1792299442282264
5616,-0.5188604930549665,1,1,-0.46196294180894676,-0.30216034078806664
3894,-0.923981332589076,1,1,-0.5482282176078949,0.2666409890215503
3640,-0.1127852925919588,1,2,-0.9536210699678361,-1.5992286539131844
329,0.6869598967243384,2,2,1.0681445481816971,0.894411969139835
7693,0.8371383745732648,1,1,-0.3101925916014859,1.7106444895498534
3004,0.7470307061184731,2,2,0.9801783980780747,1.2474681659396807
6960,0.1388824430164115,2,1,1.5761159949079984,2.1659259624488074
4090,-0.966063776785126,3,0,-1.7389253618890532,1.250618002820045
3115,-0.4774622580059859,0,0,0.6590706725281232,-0.3410240246373217
8840,-0.6541358251500662,3,1,-1.3252038463315756,-0.9341764408361971
2322,-0.5695871566876316,0,1,0.9553960986630701,-1.5456885398460072
6667,-0.7285210629374264,1,0,-0.8241995261344502,-0.48794132305609655
7009,0.7212969509367408,2,1,2.303818227182833,-1.708703323641634
4197,-0.1351387144795055,3,1,-2.692409846772911,0.7906924805629595
3549,-0.8647203850421847,1,1,0.18188430722089122,0.376431876500446
1458,0.1458143787367327,2,1,1.9666433241166597,0.4425508957216457
171,0.3382121193222314,3,1,-1.4047079113883252,-0.5002681004792587
4203,0.5978790983934701,3,2,-1.745378015369381,-3.0502616310796546
8374,-0.9386571861413512,1,2,-0.36905973083960103,0.14619043095747067
3569,-0.9038623238831404,2,1,1.2237098718728658,-2.6620985200459946
4226,0.3622204278454977,2,0,3.1543668195078762,3.2171394514665956
5158,0.6596319613383077,1,2,-0.23983072028305802,-0.28735110071147435
7982,-0.3399879374389534,1,1,-0.22063765489105577,1.1266450552543459
6185,-0.1737497733814017,3,2,-1.0197075115046488,-1.1168602524877278
8059,0.0872275529818824,3,1,-1.4384800730770175,-1.8164356279410143
938,-0.4255552655101697,0,0,0.29428928285285005,-1.2058960522954767
60,-0.7356182024121496,1,1,-0.8589323608848431,-0.4028747182990026
1240,-0.7142306438397479,1,0,-0.5273659557050504,-0.4044533491126289
5760,-0.5164976304524906,0,0,0.034159152068824195,-0.3017186917995233
5136,0.9358636567613534,0,1,0.9507055232221074,-1.4214170670592985
8174,0.8056161189113715,1,1,-0.9726910867352903,-1.7429781950529672
6856,-0.9672648329952612,0,2,0.19984874338077444,-1.2575440286389463
2120,-0.2922220865693616,2,2,3.874992692151381,1.4802741057587092
1524,0.0095010625316132,1,2,-0.5988597801647053,3.4109436629296126
7617,-0.9064824669557028,2,1,2.529390443942705,0.27816371975250515
153,-0.4830630844898487,0,0,0.38946450349918205,1.5297598900976226
6344,0.1973732753362427,0,0,-0.09310429737338198,2.204749688934258
481,0.1676339140151925,3,0,-1.754688279086904,0.12524549146665873
6122,0.749605811044072,3,1,-1.1717700102637876,-0.5167974848862387
4460,0.9254969403925388,2,0,1.9470520085951877,-0.07744581879916297
7674,-0.251044047357295,3,0,-1.1268820958032086,-0.40718851579737175
7101,0.7487151417180689,1,2,0.005795675118125079,-0.22039456846523453
3920,0.6264006566453271,2,2,2.912344342905554,-1.2152791132891172
7658,-0.1587730166138068,2,1,0.8789204933177113,0.9341237982424614
7411,0.7580461038787079,0,0,0.2067941358584651,0.7522738057552297
1762,-0.5899762849253523,0,1,-0.031766149325736424,1.6472214768576017
7634,0.0961118323170631,2,2,3.1650960541385915,1.3415171133092672
7315,-0.4358115913778633,2,2,2.0385165782015773,-0.694859429721289
750,0.8285912697052542,3,1,-1.3168128889232809,0.02469393960737765
1785,-0.2982609930402782,3,2,-1.4505650485169883,-0.878239663980979
8142,-0.975314103407845,3,0,-2.252331325259931,4.174345894162152
7479,0.7384124059205033,1,1,-0.4336394383279306,-0.41945446000219205
6212,0.7039952499871001,1,2,-0.9488270168547862,1.433276352912732
4501,0.922807610176816,3,1,-2.356415371137881,1.5727005847801925
4853,-0.8985695693175106,0,0,0.23499499103775223,0.9251075559771239
2711,0.6855396741178368,2,2,2.3422107766171023,0.5825016237440976
6766,0.081962949178443,2,0,3.4790743334103063,-0.024228027950594977
7914,-0.0247650843330491,1,0,-0.5206699182412104,0.5684517789246559
4193,0.2631679790319845,3,1,-4.054129670708309,-1.2792273046972291
1333,-0.233249987901287,2,2,2.5170984395829183,0.043428092373092364
1250,0.5812667576768049,0,1,0.4056252659380507,-1.0344289295233322
6887,0.0160358374414082,2,1,2.8440762688786885,-1.5137211531202592
2854,0.8527919358847784,2,0,1.852294503022295,-0.41724037829234284
186,-0.1848713755237392,0,0,0.5236155580507166,-3.3372031427549103
1136,-0.728602084166498,2,1,1.799565894307165,0.5060552934533765
8448,-0.3938193712603348,3,1,-1.4102741475990612,-1.5322064350953999
8735,-0.696540724665911,3,1,-0.9081341541023314,-1.4450834290081593
2058,0.5785600846390424,0,0,0.19943397535532795,0.0711880880346991
8197,0.8447503728523695,2,1,3.6391745088907603,0.3815096082995931
3850,0.5339869323062376,3,0,-0.8144243048002945,0.4179900318784912
148,0.8425274246261916,2,0,0.6712175841603873,0.3522974533686542
4124,0.3104768195851963,0,0,0.504666854499259,0.5508286158095165
4889,0.0398405541942918,2,2,0.9728514347112466,1.1247986022681449
7930,-0.5285700666133228,2,0,1.1427235448573063,-1.1437546194054293
3363,-0.5156929555723144,3,0,-2.3884913044489746,-0.09361183997857635
4788,0.7574962263655385,3,2,-3.237251138912832,1.04116101371977
2866,-0.2951446051041371,3,2,-1.569021957437438,-1.7200109386914388
3776,-0.2596063177577692,3,1,-2.8716621963732383,0.7521282695838029
1386,-0.6230970155890501,2,1,1.8536904619862191,-0.4090329784667961
5941,-0.250645773610777,2,1,1.3042974819114643,-2.741472837018198
3067,-0.3190140298619575,0,2,0.04177526875604855,-0.23477939476170082
8092,-0.9158998273959088,1,0,-0.3167894808369845,1.5162842666319574
5695,-0.1674504055489085,2,0,0.7014117896792849,-0.30506174818710546
3629,-0.3437602853435029,3,0,-1.2435653165815737,1.7309617758532714
8503,0.4173968628008144,1,2,-0.1914484355408025,-0.9713336796853521
4797,-0.2743688106321491,3,0,-3.179314109291965,-1.1638388205046741
7903,-0.6473830811418317,3,1,-1.7689290508764217,3.921011722343151
3028,-0.5736773797301238,3,1,-0.9180967663064405,-1.503034836502702
2969,0.1843699802598823,0,0,0.13224320841130463,-0.7672226631593602
8351,0.1237756779984304,3,1,-0.8594163574493751,1.6416693026159521
1708,0.9084448768154728,1,0,-0.2604252376714365,1.0352760090258861
2953,0.3176796893665263,2,1,1.9275471302770961,1.2078289880876658
454,-0.576998470371068,3,1,-0.9685428838057052,-1.9055637112303607
6964,0.4717557345976191,0,0,0.559180307861926,-0.020047300976345234
6136,-0.2280159855598034,2,1,1.7483934070468279,0.7220104891789338
8178,-0.8860531462003454,2,1,1.3298112790508112,-3.3297954774619467
6411,0.3112888299834495,1,2,-0.1540349630929062,-0.23584461536432055
609,0.805163780049148,2,1,2.5555999995831815,1.903156153018766
4263,-0.6765444860212622,1,0,-0.4601745198358479,-1.5907101307820088
4826,-0.4726648493584542,0,0,0.2883626456723517,-3.501541069166599
645,-0.7298935465820169,1,1,-0.47400562761993115,-2.3703079067833404
7454,0.8206408769476352,3,1,-1.733377922611782,1.43689213827526
2074,0.3828180927173783,3,1,-1.150892105652086,-1.4134426436114815
4052,0.0931057272715358,0,1,0.7912106257746286,-2.3644273178494335
7959,-0.3723614980703926,1,1,-0.4218061066654759,2.0110426070586187
1622,0.7705702360240447,2,0,1.3025733933029415,-0.6761637452584187
4683,-0.78090352599627,3,0,-1.0807694850023994,-1.5325746788719776
5497,-0.2496636008027566,3,0,-0.8026853232472646,-0.09139449455580671
7141,-0.4308716434411346,0,0,0.5753041470614281,1.203358337572518
7320,0.5321111444275353,2,0,1.2237096403604177,1.2014130405884735
5796,0.6040619750464642,2,2,4.922635852045923,-1.0611156542366007
7184,-0.781180671291704,0,1,0.09296799266143135,2.4847466348068643
2081,-0.3511795299523941,2,1,1.2394867051935674,0.4944986366119486
7077,0.2044738156733183,2,2,3.359941376707389,-1.0571734043306513
40,0.6726403417502258,2,1,1.110561444038281,0.2898938586760113
5475,-0.9432595618957051,2,1,2.784618220756613,-4.414032791103527
2089,-0.8854475383044109,2,2,2.3824034268002316,1.0840007771068993
3924,0.5370074216605452,1,0,-0.504657770920048,1.0693261171858344
2175,0.1854575692951183,2,0,3.616594292560448,2.802136824199511
7313,-0.3522953786646465,3,1,-3.143674564050336,0.30935303690759436
8318,-0.4285807576471803,3,1,-1.398929390905763,-1.3027835908355463
74,-0.7786343759290282,3,0,-4.006259485316093,-0.4896159476631334
8337,-0.8371364645336621,3,0,-2.2999659685861777,3.23322642868214
3798,0.8410857829082192,3,1,-1.9690080187260999,-0.7262072850114089
2657,-0.6604731197848819,2,1,1.513469593490937,3.0025505529467225
3180,0.3722386893068792,2,1,1.4324826629284675,-1.8122414778207185
2076,-0.3300952644650894,2,2,0.7588958204166286,0.3667007878787845
441,-0.2386734661380027,1,1,-0.00016013883978619782,-1.5496290424321544
8296,0.2331191431460069,2,0,3.2975517783487844,0.16873360703719123
2051,0.8047598249211181,3,2,-1.6003850494558711,0.6456505520723493
2541,-0.0178492912458214,3,2,-1.6964137007581337,2.16822934058068
7402,0.9237913979508354,1,0,-0.0015005163962640948,-0.8336157471811889
1301,0.2288462424183974,2,2,1.4532568502268606,2.4088911001781557
5877,-0.420972408297986,0,0,0.6517607338796655,1.6662692814273188
7368,0.2036450638126696,3,0,-2.1259354934281625,-0.721894225806647
3430,0.8188850608650264,0,1,0.8460605856154906,-0.3415095486944885
1304,0.4045120542092189,2,2,0.8866019225857525,-0.17975428481472833
236,-0.3679952629060168,3,2,-3.0918641389137695,1.2000212965679493
8793,0.3880729489726626,1,1,-0.47901838398562296,-0.6184116547292159
2599,-0.4702680351013628,1,0,-0.9072203898134132,-1.5483455858068063
4616,-0.0864084349438951,2,1,1.8318979461095624,-0.8153349562974371
2573,-0.0324554173240059,1,1,0.048894801420599224,-2.15710347862477
3280,0.0547959298303317,3,0,-1.2501786738643879,1.0919749595407817
3186,0.7361487728512977,3,0,-1.9192551472590231,0.7463565225303511
3953,0.0285707873094172,2,2,0.7549553922197438,-0.891494813569755
2768,-0.7449753286204965,3,1,-0.5253424752620097,1.3527678240564658
4831,0.817670744638328,3,1,-1.8489360078747463,0.9093410266693104
4223,0.1522799267102055,2,1,1.7452698344844206,0.6087271419063439
2106,-0.636595224924793,3,1,-1.5752613074955333,-1.377804642490694
2679,-0.4460826662050428,1,0,-0.5713331597377846,-0.40006273723742075
7325,0.3333485056876661,2,1,1.099745381703085,0.27095012304095983
2761,-0.6750176837669095,3,1,-1.3128774389860802,0.08254830613653619
4688,0.6694637689564362,3,1,-2.4358189234660736,-0.9663756198007283
5399,0.3212193795905644,0,1,0.5740755296105295,0.6363043451662487
1387,-0.6895189422508905,2,2,2.589460406515305,-0.18046002914081247
2901,0.8384847638831829,1,0,-0.82123574144884,-0.9340244057779085
3577,0.7113817096501414,3,2,-0.6430272824673131,-0.210268555243222
7868,0.5645053437536152,3,0,-2.003776243524602,3.6498254811065274
8689,-0.0650803947026346,0,0,0.26409860981420774,-2.0390007681653533
7083,-0.6938203742903915,3,0,-0.9176228290195216,-0.4668172295783788
8830,-0.3379605499383309,1,1,-0.5847684292608404,2.2590297875244953
7393,-0.2105628348975303,1,0,-0.6052164246636553,-1.528506612134942
5000,-0.1766485735072553,1,1,-0.8027449294872886,-2.5905229097260265
5853,0.3038099215657424,3,1,-1.834081890247519,1.3039058759510451
1279,-0.6921012906997872,1,2,-0.2986308111457274,1.0192704616491446
8473,-0.2066820426363882,3,2,-1.0652011355278375,0.18657863715502188
804,-0.98065127739434,1,2,-0.5205397431556906,-4.196948123858124
6404,0.765433979029257,2,1,0.8109945157672234,0.6742955696633657
1555,-0.4630515783835942,0,0,0.4076488657905735,0.43727526758923413
8532,0.0605559443215055,0,2,0.9903707455422421,0.4234777495687969
3190,0.698455428677321,1,0,-0.5917443972530909,-0.0766722303247207
4566,0.2131765185880063,2,1,1.485270433249816,-1.5010658048090892
4802,-0.5733730082295778,3,1,-1.7894199839175682,0.8754752997903136
8699,-0.8997452340845848,3,0,-2.12854194523449,-1.6471286923729866
7166,-0.4374449043062653,2,0,3.1061572748701294,0.007048186833885195
4841,-0.3535041827986886,0,1,0.01884356405645815,0.9086968122282336
3594,-0.4477133763305128,2,1,2.231035738275789,0.0857509490817457
6035,-0.9826451806167992,0,1,1.1641761889097064,-0.6594328920953051
6852,-0.4371916886922677,0,1,0.07356738112927197,3.148201003404408
6958,0.8414634151240141,2,2,4.485411211880121,0.09822318207790133
1920,0.7439481275959428,3,0,-3.002128951028819,-0.6590222366365025
513,-0.7066238449390743,3,2,-1.2880980288416521,-0.46586414189976805
4177,-0.2013542478836885,0,1,0.7139259691057629,-2.626395896306775
6843,0.0471872550403256,3,1,-1.022249255433696,-1.798432187744126
1308,-0.1879429155059644,2,1,1.4691385017893501,-0.8260299675704497
5667,0.3123668557027614,2,0,1.5438620119046251,-1.0861716145948697
914,0.941465811820768,1,1,-0.14940203576030486,-0.9185248265553456
3452,0.314515484172813,1,1,-0.2695275748854019,0.4878767279189206
3695,0.3975071258438161,1,1,-0.08964609224832275,-0.7648237810168882
4242,-0.0456902953643052,3,0,-0.9546260940463925,0.6781108815302646
3156,0.5328489851680742,3,1,-1.8306362219558296,0.2911151267773282
2198,-0.0760664699112774,3,0,-0.8757781651908862,-1.8433582986377608
7840,-0.6898976720992123,1,2,-0.12694903151456602,0.5248009202774396
774,0.5404132468974203,2,2,0.6210973081841042,-0.6345437241813078
4425,-0.9031903353534868,3,1,-1.8651804470503004,-0.7722786466092537
6150,-0.9819779986263631,2,0,3.056311005469314,-1.0460696362532944
6097,-0.7392659736552434,0,2,0.20962965758455354,0.6070570574201005
943,0.5395598894172315,1,0,0.07958722617013636,2.6262427392203196
822,-0.2750308690201848,2,0,2.751056345842503,-1.4016568698461915
6878,0.4861225155417954,1,1,-0.5973344248864852,0.3994885335219764
5005,-0.2974154477655626,3,0,-2.063745618385401,-0.1165048913110423
6612,-0.8807262705920313,3,0,-1.417655673810073,1.606725187272472
4277,0.263508712240061,3,0,-1.5589100772782802,2.1935079907140587
164,-0.6685193330868549,2,2,1.7141920655409555,1.044915080673179
5619,0.3219328257224543,1,0,-0.3694319092201452,3.222898275323446
4547,0.0288203269982474,1,0,-0.04228451129209365,0.45849966077743964
3983,0.480591947242684,3,1,-1.709500309960043,1.8246148996491771
2538,-0.6767349469643127,3,0,-2.3081166312977146,-4.333764539775552
6957,0.5446474342531729,2,1,3.449242807026718,0.26963997143288204
3191,-0.7111243178255149,2,0,0.9986377290945537,-2.1744497271185748
1311,0.5540919503681043,2,1,1.1744857459023441,3.226402554525201
8396,0.7951210868904814,2,2,1.503618862802928,-0.5237805485991031
5207,-0.1213023943075595,3,1,-0.9243177580742695,-1.014194638581672
8559,0.210547243688052,2,1,1.640749467714507,-2.770435851432589
7585,0.9758553697041212,3,1,-1.6305104037108091,2.0421871162602407
5383,-0.455900044089317,2,0,2.7697916790554036,0.05304507283415413
8157,0.9365729662202223,3,2,-1.8052846142021988,1.0364654855337334
3675,0.4515310712571405,0,1,0.3856919183951819,-0.030879760425086538
7776,-0.7929625638591906,2,1,1.823464983256244,1.3711600872151652
7218,0.6540545983234123,3,1,-1.8174735213227644,-0.8367005238168531
6722,-0.2037555559251842,0,1,0.35099623086908255,1.337950529299606
3300,0.7345464394183854,0,2,0.5752557046721842,1.3687607507474333
3310,-0.7074403828826523,3,1,-1.733777858814769,-1.1664341146340986
6904,-0.3136666965269936,1,0,-0.9222558105082519,2.021165592652093
7221,0.1406408508960046,3,0,-3.8157366669163553,0.6430303647919391
327,-0.743170608409121,2,1,1.452941075517944,-1.5373152407324653
5886,-0.1572046360294856,3,2,-1.060622362045632,3.834100996175175
2490,-0.2033277861204168,1,2,-0.09604044371519613,-1.93051367598209
8718,0.7104438240029614,2,1,0.7013691815866115,-1.5740302980372747
6103,0.2092010849137917,0,2,0.3494921585402141,2.5359000384310435
5954,-0.8870202502764113,2,1,0.7537428679213674,2.914064128021423
8691,0.6470912926541119,0,1,0.23792651104717338,-0.3636854023326526
4408,0.68077519984191,2,1,1.0377864717960412,-1.2632272699581657
832,-0.5512790003231365,3,1,-1.677234859059076,0.17805671766712072
3079,-0.8699954014001208,1,0,-0.3198843364497965,-1.8163947965902647
7516,0.1477923790708426,2,0,3.0318491349056504,1.225349404933162
3462,-0.4946544851701913,0,0,0.10652429466634357,4.667352716903449
5297,-0.0767739696589675,2,2,0.861628349501301,0.9674103489215599
1823,-0.8371558365399032,3,1,-1.1550457645453354,1.7829934764643631
7643,-0.3300699570161762,0,1,0.11466182799498106,-2.641232045901314
54,-0.7121779347039212,2,0,1.3166775925657208,1.755389370464968
6230,0.2668728880412363,0,0,0.6036728517769886,0.7158829370255329
4064,0.8403887102676337,3,2,-1.6901558667980785,0.5772357136821727
3451,0.4642725222596857,3,1,-1.855885894867795,1.0718559503663536
6305,-0.8579052838853016,2,2,1.3203049695203957,-2.4606741680950326
1901,-0.432082672825997,1,1,-0.4250605772783147,1.1819813545737266
1481,0.9843515905972032,1,1,-0.5856109443814544,0.7530832159413473
4873,-0.1349224913686433,0,0,0.6131977787350028,-0.4731019224214263
4895,0.2967229339961257,1,1,0.019992348632812504,-1.5101686482746102
7810,-0.3947079736052339,2,1,0.5806330308650578,1.6754779310144088
4150,0.1977473427519793,1,0,0.11955627378773907,-3.4078172205118817
7068,0.004276027958914,2,0,2.5309431941359173,1.3474568205742505
3335,0.7497945032027917,3,2,-1.679443335073256,-0.63451380485219
6016,0.69988134131534,2,2,3.5917531468718384,-2.7785821696025557
7811,-0.2274087560515549,1,0,-0.17479287428552429,-0.4905165486239394
4926,0.6329927358191327,1,0,-0.9440529260035511,-0.3802153124695131
946,0.6845723355239266,3,0,-2.8019513415638295,0.7037513687782543
5797,-0.0940594977165589,1,2,-0.42018254817808065,-0.08290357331594637
3293,0.4670049969771224,0,1,0.6485771311572793,-1.283244616572203
2161,-0.586448313959935,0,2,0.336304401949419,0.834081656415783
8847,-0.9140496567962928,0,0,0.21434811833392942,2.1839928452864874
5083,0.352898815891433,3,2,-1.9434224635047987,0.6471007148058483
6645,-0.8795230004440393,2,1,2.984461984234194,-2.3987764291526794
8234,-0.2542334617611901,2,1,1.7665139444422406,3.7801617996220465
3057,0.8161323209679467,0,2,0.4832612251924564,0.5404804753936507
7342,0.7686925275698335,2,1,1.3677958341380072,-0.4571957133008257
5490,-0.4475748466915414,1,1,-0.6470994168232737,0.14312424847104718
6733,0.9326882153247444,3,1,-1.1011424008179371,-1.3105046934089308
768,0.8702424610789647,3,1,-0.8292724337988342,3.061223439894483
2065,0.2922177689433192,3,1,-0.884052836487408,-0.3798862279935866
8546,0.2589521028472572,0,1,0.24274366958319,0.5440247440094206
3495,-0.7101013283749662,2,0,3.2417019645416265,-0.5686996024970076
7311,-0.2243089726575191,3,2,-1.423084315686574,3.3119190681442103
285,-0.7103708905668287,3,0,-2.7756490142077292,-0.36887469520839566
1500,-0.1731025712751426,2,1,1.0783367231834027,1.9568046102016636
4524,-0.1655362822682431,2,1,1.8521326029904441,-1.8049310680577364
8462,-0.6009903282912878,0,1,0.5324064589812375,0.20688560426339841
2332,-0.7632968481128668,3,1,-2.189046112370203,1.6910069336907227
2717,-0.2423413782830625,2,1,1.42735672750069,-0.2950574003731509
2079,0.5212989447339731,1,2,-0.518979422459164,1.730390402375824
3389,0.532555713114307,0,0,0.179281859381793,0.8683535850541322
722,0.684808856049905,3,1,-2.1523553372011666,-1.9727258608271798
951,-0.7935383687735647,0,2,0.6313370464167982,1.2002341943448436
2482,-0.2251373973106267,2,1,2.3596170092967417,0.6579793833484658
2262,0.6547660303746188,2,0,2.0339583243287116,-1.5788613152691635
989,-0.9600622627936624,0,2,0.010076474376967168,1.0310753042254805
3212,-0.4674100324498367,2,0,2.5503057973034653,-4.561103061063521
1759,-0.3171436976581427,2,0,1.9909391921284405,2.6123093309182805
8031,-0.5934390420396796,2,1,2.3257151636260462,1.012390943490928
4422,-0.6554265232157022,2,1,1.7874396884518473,-0.29493065936200374
6704,0.717026615549671,1,1,-0.5262135413137711,2.812357579183743
5479,-0.3370244930074173,2,2,1.7003514867007323,-0.22513137588788398
1724,0.2828749338720373,3,0,-1.3413187947820302,-1.0594353430719765
5182,0.980922161198048,1,1,-0.1764501496514736,0.588017908824048
8482,0.6658941261735629,2,0,3.3067808831357124,-1.8967351826899013
341,-0.7897525552312892,0,0,0.489960373913975,0.33398032300473113
3701,-0.3996214359571057,2,1,2.4246286336234935,0.4707986624362553
4243,-0.5417814300360895,2,0,1.0544102159131814,0.38907498519903877
688,-0.4248778219985478,2,2,1.1765312086580517,0.25539889347210926
3432,0.6683019382848494,2,0,0.7005101743536997,-0.8253165124149437
5203,0.9887537994355708,2,2,1.4331570008338397,0.4071655385048132
4944,0.8011896248110184,2,1,2.6973212008882728,-0.04694389397280808
966,-0.0544326483865591,3,1,-1.4494251783898158,0.602271630282489
3120,0.2137017063783053,1,0,-0.6678379520557319,2.0305133195392027
8530,-0.7920925325068904,3,2,-1.2834554424308156,-3.307604684840152
2203,-0.4840519463657728,3,2,-2.266419308243436,3.1086453817737554
2713,0.5985588465497143,3,1,-2.4294640861058703,0.8978163741092816
4757,-0.2725375131820533,2,1,1.821630014345429,-1.0073923985892224
5098,0.2431781186964388,3,2,-1.2768601405718234,-0.6807339550069383
8417,-0.9193288326263136,0,0,0.1225291329968756,1.1157045873505627
8586,-0.3785766999821756,2,0,2.8132101492458004,0.25045702058011005
6320,0.9767747204197644,2,0,2.521467743956097,-1.2175751364385512
5280,0.7689955796735741,3,2,-0.9237360410559817,-2.3932603812482696
5975,-0.5643776212478484,3,1,-1.0931628380303522,0.7266325818905136
3572,0.0647636521688099,0,1,0.5929503665653029,1.4122671885756022
4805,0.0855045554995299,3,1,-2.8260265260719835,-0.7925178748060809
5299,-0.8239597381891202,0,0,0.4214609570722638,-0.831707284228211
1990,0.577880006138054,2,0,1.0587565996123036,-1.0602283744510996
4120,0.1712503818698789,3,1,-0.8889605484582284,1.0222305018399112
4759,0.3792353284284782,2,0,0.81828610033862,1.909267469316135
8024,-0.2662908646874034,3,0,-3.9977091121974246,0.6276156297443528
5298,-0.4890475282728412,2,0,1.3988696314722544,-1.0086589347665609
8379,-0.9214526004508432,0,0,0.21234813084115506,2.5507213974911083
4971,0.6875796687343825,1,0,-0.19126666903608147,-0.7827070107358153
954,-0.69726201628181,1,1,-0.10085301090768842,2.123930710870102
5034,0.8075545348066586,2,1,1.1767205348736294,0.1775984517863455
6783,0.2488060151552089,1,2,-0.6551047832907095,0.9496116072543327
3600,-0.0755604590152903,3,1,-1.338356434451803,-3.6581291608405935
6490,0.5060246735489833,0,2,0.06158087571163828,0.8485375830945593
8580,-0.6158478118067576,0,0,0.524929927413147,2.1781552036429326
474,-0.1816040885256591,2,1,2.2277116568061452,-2.3061808963336277
8063,-0.4225645540655485,2,1,1.5291584947086265,0.10907961350301994
385,0.6478685824363353,0,2,0.2944531880808671,-1.7601607251556601
7973,-0.0476983531305468,3,0,-0.873896741507393,0.33942896249778826
2122,-0.7757405646364517,1,0,-0.08892177579215535,0.568746687961597
1625,0.9171487118366486,2,0,1.749562846057203,-0.7578285059466724
536,-0.6166462873076819,3,2,-1.425678888425455,1.1911410421315336
6387,0.8663668369535344,3,1,-2.2275476763126876,-0.5367303599471857
8672,0.3876935464238533,1,0,-0.10791445269012738,1.2211933333076512
7970,0.7731189495309367,2,2,2.4036872454295493,-2.8279965557723674
5032,0.4255708615757305,2,1,1.4469123712942147,-0.04913839112076753
7833,0.5876954773821095,1,1,-0.5295313560254294,0.5541175652854033
4212,-0.3592173621699306,2,0,1.379555171762259,-0.8607062510989018
6456,0.1344090664404154,3,1,-1.9433251857207212,-0.6409823741710384
3507,0.4782827549664532,1,1,-0.1491719874016645,2.156466998443755
201,-0.2593115957046277,2,0,0.7556237361157163,-0.7831185923982319
7304,-0.1880723422759223,0,2,0.6956016286420705,-0.6884299364332097
1332,-0.3248647424380528,1,1,-0.3542550923457657,2.1028339405266876
7112,0.0836040105648794,2,0,2.1979081952991133,2.7176655388362296
3502,0.2423925715737898,0,0,-0.0033675598147672754,0.9135826696310861
2708,0.2466894896652995,1,0,-0.422904306082761,-1.4061749669803625
6030,0.1335488099406565,3,0,-2.5353358048645886,1.9997289204761615
5031,0.4936308083007708,2,0,2.184472638041035,1.1977916604927399
6514,-0.7929830703947836,0,0,0.22093583828907185,-1.1734994617483636
4662,-0.0997033894313073,3,1,-0.8532484800202659,0.5509531035520293
4021,-0.0056211253108544,3,0,-2.460217469032166,-1.4587558700873222
1854,0.1059995333135914,2,0,1.8016534598348617,-0.03241109550386496
8481,0.7830412979695844,1,2,0.023670807020527478,2.1270857737284388
2872,-0.0473135154305612,3,0,-3.353138113182069,0.5090716683254254
3030,-0.0576313200771823,3,1,-4.014080084403612,-1.4625861799187796
1205,0.8530148401540765,0,0,0.40405324374687657,-3.168271498919496
6563,-0.4183164396438874,2,1,2.0709882045434034,0.7474446767316868
1645,0.7648963559215873,0,1,0.7355520191491287,-3.171196010135072
3417,-0.1259399814827415,0,0,0.21361911616229487,0.5891274959981017
3476,-0.0681247302333893,2,1,1.5812792016369857,0.06577569879191669
8593,0.778199381810859,0,0,0.263903052091365,0.1211020606921673
2861,-0.6274022787294653,0,2,0.5455568819774136,-0.9296326753929387
1792,-0.4034444189164463,1,1,-0.4299620649991841,-1.020473670664898
5526,0.7913872268885667,2,0,1.8271589257376797,-0.6616852424976948
6922,-0.0694294938065482,0,1,0.6535938238496259,-0.12310258981016957
3797,0.9252220657213326,0,1,0.17273148102038954,0.0736903241217823
3368,-0.6080422772642606,0,2,0.7052302290108525,1.396088459678215
3367,-0.225019022904432,0,2,0.27481657943918386,-0.8651946053774265
3533,0.8176419906966275,3,1,-1.7900861213226276,-2.788829519275446
7196,0.8232317245432279,0,2,0.44940547685171356,1.2213308514453793
8674,-0.8430553754967687,1,0,-0.517505744459017,-0.7010563842139222
5109,-0.0233964334819427,0,2,-0.2346896721636032,2.0462622897218616
6024,0.0449632846402381,1,0,-0.24180509388440158,-0.4476270046764887
3449,-0.7384720227780162,1,1,-0.7617864066197135,0.7670151209644432
7966,0.416972542918679,2,2,1.5808967503930007,2.7939306621223374
603,-0.0445970104306305,2,1,2.247063068571107,-1.6645654558729215
3056,0.2094809127907495,3,0,-1.0933888146137365,-0.13404154878404595
8358,-0.611345974913728,3,2,-0.6281614628264622,-1.2864274295594977
126,-0.7682989550434589,3,1,-1.3197368307140134,-1.2299097971241928
5959,-0.2614298137983426,2,0,3.4124817928412567,-2.415871677040272
3876,0.8484902454458687,2,1,1.2766816644225776,3.1605458975309575
2935,0.9715606633439056,2,1,1.9016095675393685,0.3772966593515869
7300,0.0663221251738179,3,2,-1.0267798311418403,0.5037281936937668
5443,-0.3300182730685863,3,0,-0.8186416933699429,-2.0154148589095224
7151,-0.6333785138934129,2,0,1.4179877742286453,-3.7399138684536024
4451,-0.4120756375774537,1,1,-0.9809577647405356,0.47508742376860874
7147,-0.6619935655260814,3,0,-4.173417365286121,-3.2040031553137993
3531,-0.0601430594106491,2,1,2.4193303768345262,-2.036947976147902
2730,0.9661104787149836,2,1,2.0040970690045814,-0.8721359263854493
827,-0.4755062322242991,3,1,-0.7255761834712555,1.4751530466306875
1639,-0.8594518911279172,3,2,-1.644680030179276,-0.0023307513284367234
7790,0.2043282317040859,0,1,0.22569626599094308,-1.6781862982946543
7136,-0.0177580136832526,3,0,-1.334318357905243,-0.6036017570444913
984,0.3337605161811268,1,0,-0.15029848661747303,1.9573838810684168
3281,0.3810799396290001,0,0,0.12408941269199408,-3.0545077909182274
8971,0.2740624510218101,2,0,2.2308497975861465,-1.3823906912411605
7783,-0.7174811690423111,2,2,4.325516353863202,0.2767027465320418
2188,-0.4393163212355444,1,1,-0.5959885502981057,-1.3334278767923784
2265,-0.8326512757202598,2,1,2.033913336605041,-0.6086964730150012
2443,-0.7359754465491799,2,1,1.2648273991288683,-1.4130385411658235
362,-0.3878817086921968,1,1,-0.15179851871406908,-0.7804982480490973
2349,0.8112543690503269,1,1,-0.8029525658226153,-0.21415687730569433
345,0.9454995229657092,0,1,0.5082052386961851,-0.13531545712760892
814,0.5195635880941285,2,1,1.5670564877399993,1.7449076427917387
6166,-0.8880592447272406,2,0,1.8181147835665068,0.4686497399689622
4807,0.2195574535144315,2,1,0.5238048556063999,1.142937726078475
3205,0.9159432494713506,3,0,-0.9922177601456545,-1.8454306753367362
8128,-0.5864756012426229,1,1,-0.053596297552244626,-1.2111856960725687
2919,-0.5207723206622017,2,1,2.0625613090208708,-1.8099405131180226
5961,0.5611927769981213,2,1,3.4307043967646718,-0.26437647387900004
3325,-0.2259274240767086,0,0,0.7875644344511916,-0.23058140015668815
4106,-0.2133720000340098,1,2,-0.7344023724637683,-1.2178467449703823
5779,-0.6047399903690442,2,1,0.969776130927134,-1.435877209601168
2116,-0.8764228325235093,1,0,-0.17596643575788212,-0.41060146083520827
7450,-0.309752896355203,1,1,-0.4498271750931227,-1.0927011426856386
1834,0.2670007242768539,3,1,-0.8790654461263805,-0.026533345385717905
793,0.2019225679316743,3,0,-2.171866368072367,-1.5917345819819733
7459,0.4731023907820755,3,1,-1.919949671864869,-1.7948891441470274
1955,0.6695339475282811,2,2,2.3827700479283767,0.7221462705079182
6898,-0.0082625464378494,1,2,-0.13119181852142706,-0.17121861699487528
2674,0.5054955985626954,3,2,-1.7228428726965073,1.1986153960126058
94,0.5356003466966219,1,1,-0.40577221675599645,0.6348716282584236
8123,-0.033415882582362,1,0,-0.19571550187177356,-2.3863071804336857
4225,-0.1036232481552934,2,1,1.009313784202422,-2.025579587867725
3756,0.448935151230085,0,2,0.1480205486157544,1.2326259586689823
2891,-0.4421624083106923,3,1,-3.031199015456514,0.6220284965344124
2371,-0.7809765095254784,3,2,-1.2677994403697874,1.7227520836019596
8646,-0.8043863249049221,3,0,-3.5863123677787994,-0.9734074444205584
8100,-0.9093639748007571,3,0,-3.8124290510942553,-3.3952565402753976
7428,0.803366057565601,0,0,0.4712069875020177,-2.4465873930195987
8447,0.5688680946864417,2,1,3.5784055144791886,-0.1598391352977312
3228,-0.0845409345756913,2,1,1.4551341012995738,0.5058899128640636
6158,0.2506480496891399,0,2,0.02082928316824545,-0.7905984050140176
7863,0.0396972426264485,3,0,-1.1245646570744956,0.602980067267117
7091,-0.0587607586790301,2,2,2.9396299872850293,1.1975199078549121
6359,0.5602254302332874,3,0,-2.502221479236323,-0.18818747500319732
5996,0.5721952889898916,2,0,1.5993956171313095,0.0881997634055458
8264,0.9092707673313762,3,0,-3.3844455597669407,-0.891302582412587
8467,-0.5538997551408258,2,0,2.2297756243626794,-2.1043523783127553
7326,0.946812584093339,2,1,1.9707825727024124,-0.0394985352407034
6028,0.6293366664147311,3,1,-3.29537359784148,1.2971961436836843
2853,-0.6006460870845594,0,0,0.34723769019022427,0.8703617388359937
8633,0.3915593057441329,2,2,2.055948504264676,-1.1417650765170666
2912,0.7418069528226077,3,0,-1.16049748140012,1.4544873525630804
1865,0.6279637522787525,3,1,-2.5236844712319133,0.909792619389115
5754,0.3128429418310132,1,2,-0.04564069481256558,-1.200583148771197
4612,0.1269508302961979,2,0,2.4538905247822234,0.41034806126038353
7689,-0.3507418962745623,1,0,-0.3119677274757306,0.05135631898832518
1857,-0.9007181567673626,1,1,-0.5031232401607609,-0.7102526723611814
2645,-0.8607000178559974,3,0,-1.3798336244346534,2.596477470652967
2243,0.3930912441323573,3,0,-2.5631984108096004,-1.1069263652612291
5373,0.1379021812446115,1,1,0.06878425817393455,2.689715835992811
2336,-0.0522139210883449,2,0,0.5391632302268053,-0.15870616580918556
950,-0.6114894506749584,1,1,-0.29275484562173276,1.7400584856953742
7578,0.7299824363065963,3,0,-0.6933316485521743,-0.602419183962565
8400,-0.3790355773059555,0,0,0.4766682549498536,-0.49887491595799155
3068,0.8420486479656868,0,0,0.6158244806997372,1.4234923626556564
1120,0.5955965725731465,2,1,2.068117630120978,-0.2152197772635258
7608,0.6161002380015907,1,0,-0.6496464617440612,0.0878923313072294
2597,0.4854455014241692,0,2,0.28268781519744407,0.769904053415991
2204,-0.5507565944431441,3,2,-1.4994038473486995,0.1310963733111559
419,0.1438279202635177,0,1,0.09961916341635349,1.5488517596004934
922,-0.7403007681638947,0,2,0.04472278827665177,0.6283836328127941
1254,-0.8820071229257951,2,0,1.9001776319005144,0.5576457459396599
477,-0.5668686588811873,0,1,0.5263079259706982,0.30435718721092275
2035,0.4569727098824596,2,1,4.284534814989724,0.8706528274309472
5408,0.7717886621315819,1,1,-0.2753196212431179,2.517177786511548
5788,0.996232629200562,3,1,-2.8177408829235793,1.837372633511248
5742,0.6625722637148548,0,1,0.12685428693309034,-0.5047455088915624
7182,-0.6300628117504716,2,1,1.5197923114000687,-1.6066725056755837
7667,0.9706530719105296,1,0,-0.8043290479532327,2.154473450319004
5567,0.3151628679092457,2,2,1.0638080618696235,1.2979258422095592
6697,0.2823282599657331,2,1,1.9471463348102338,-2.961813356346212
8135,-0.0959491152024005,1,2,-0.11556272177059838,-1.1416133531380739
1202,-0.1145271082073382,0,2,0.0848635181588198,0.8679456130448285
6534,0.5518158957050139,3,0,-1.0872296160742072,0.8179436642562968
2626,0.7519412133690453,2,0,2.5141368906391675,-1.169379284806281
5765,0.0177129786647141,1,1,-0.5149237392920161,-0.2580653523931537
8817,0.2141103731754379,0,0,-0.05818241604065012,0.5533248161471533
1970,-0.6087407025932146,2,0,1.0010221328836961,-2.468700066501407
3110,0.0080618386127513,3,0,-1.953605333585429,-0.036377072875428185
4018,0.5003176070007012,3,1,-0.8066941012445402,-0.07955764687421825
2151,0.1880946399378442,2,2,2.94855541156626,-1.3173851857459382
3687,0.2562067540744699,0,2,0.3348989957680041,-0.774386695694988
4916,-0.9249178297076815,2,1,1.6215726543397981,-2.300841590678253
1997,-0.3228115020251365,3,1,-1.3605731670040098,0.7873581317965778
4033,0.3281008038577302,3,1,-4.482058841823779,-1.901217713381173
4598,-0.3562932004176711,0,0,0.8443752330972405,-0.5311274424315998
3054,0.338802796150798,2,1,3.0795622496600563,2.0702693321593166
1248,-0.5000335373645288,0,0,0.4672766530237871,1.2545718632490146
2192,-0.4012001978082455,2,0,3.292980838620697,-0.27677056440658254
2712,-0.6390602759773374,0,1,0.9408752060649156,-1.5673604105136982
992,-0.0778856090379085,1,2,-0.3474394252762759,-4.202168556161754
2190,0.4805382249642231,3,0,-2.5203310804457795,-2.0824675869601355
4670,0.9452369575940192,2,0,1.1143113123151722,1.0252398706368346
5142,-0.1636289560810144,2,0,1.838431852217691,1.516933442136364
5984,-0.3742989497683429,2,0,2.506094086735753,0.5496443276617281
6565,-0.8765415630078173,2,1,1.0711730421486103,3.3054423399038817
7804,-0.9805513146472132,1,0,-0.130879899960264,0.36276618091311247
3762,-0.8160768946016768,3,1,-1.2493315768854143,-0.19964668316788314
6943,-0.8670389210271647,2,0,1.511635080532675,-0.1300351627352178
3597,-0.0790109095047641,2,1,1.7245530745568247,-0.12986288254407488
4711,-0.079548710700261,2,2,0.9644161550265083,1.8398375677102885
1318,0.6931011032769154,3,0,-0.8371544834292656,1.7008908056295426
1863,-0.4211927179694883,3,1,-2.9076787464728993,-3.039203539507831
2343,-0.1401184056103606,3,1,-0.9783383212558063,-0.9887360996973097
2449,-0.6264143057652565,3,1,-1.2480939552434298,2.0045180577710915
2136,0.4542496881692401,0,0,-0.048847244158464004,-1.5157862492343597
1065,-0.206075897036128,3,0,-1.8716200003243242,-0.005050799954546767
5868,0.362621882019345,3,1,-0.9416284240923842,0.24919068023916435
600,0.9069677757558364,2,2,1.1689627881451876,-0.06315233805650591
4227,0.4013293341417434,0,1,0.756784791555707,0.01920064351852004
2621,0.791712925203996,2,1,1.1901668207586582,2.0204686821364644
7577,-0.1978244325854385,1,0,0.01151378838102951,0.32375910984693473
77,-0.2105417234568236,1,0,-0.6686546724879339,-0.418408456438615
7546,0.4158449201825622,0,1,-0.19351811587022028,-2.1148413811908124
2898,0.1418714512763266,1,1,-0.8030150013566564,-0.08027110773658333
6148,-0.5828454624733093,3,2,-2.3887918129044294,-0.01637293335950285
7332,-0.068835028899866,2,0,3.6269351681258035,-0.007571907661104928
4820,0.5350708579206709,1,2,-0.44171943544206665,1.075460566653925
1314,-0.7867979102206237,0,0,0.024939162863779722,-0.2832618344732093
8366,-0.4676800230104601,2,2,1.1048220923703478,-0.32021933831895133
5947,0.2186041521042603,2,1,1.958460833943684,2.3669111948210255
6413,0.1253729760666033,0,2,0.49196240244842776,3.2093412367937124
8007,-0.8346871905736106,2,1,2.1617884799622606,1.0252715143378948
5468,0.1252915440254443,1,1,-0.7203907438542968,-1.1467929007438384
5951,0.3348729262725378,0,1,0.06935697846614133,1.5544824860010884
3391,-0.5248880775368079,3,1,-1.1977190987317738,-0.9997531549185185
5415,-0.5166602509884088,2,0,1.0808781171873323,0.32070623484416305
2560,0.0556990315995435,3,1,-1.9164283466565868,2.577679277598993
8162,-0.4456884990683634,2,1,1.1651984028535378,-0.028114343374116474
2635,-0.7038727576170474,2,2,1.631506715545577,0.4260716044465121
5256,-0.0217820442387597,1,1,-0.8217150098445702,1.225161568484127
3530,0.5562697687916103,2,1,2.382994304099356,-2.891125114269723
1908,0.8544415876781966,3,0,-1.9493003865788088,-0.7639747475933897
235,-0.3602280636533237,2,1,0.5583737592529403,1.6734990009712345
1604,-0.1997919308461357,1,2,-0.7943100671721476,1.32946766081699
7984,0.6295688837858553,0,0,0.20331696740845126,-1.4629218081886481
3490,0.3480399756326209,1,2,-0.38726975384660167,1.1026748568604685
1994,-0.7117587763203781,0,2,0.2338688126867045,0.4304933632358055
2824,0.9234830998800054,1,1,-0.30893574026264664,-0.26755621353441805
8349,0.2346069926059846,2,0,1.9500043039757855,-2.1016377571729703
1342,0.6087916030678877,0,0,0.7213595214618864,1.3416610926910562
1619,0.7518841447277254,2,1,1.6184372310979125,0.763399458799869
5287,-0.0607081977115919,2,1,1.7156265820206276,-1.8004708586061071
2060,0.1380752322648677,2,0,1.1311207622980677,-2.600421070150937
8957,0.1205134992304093,1,2,-0.580821033987557,-0.8895954622680363
2219,0.8514275620154417,1,0,-0.55824156307236,-2.059510221442247
6038,0.4492523043159451,2,0,1.0532875194824287,0.5662727565633938
260,0.5478621404289596,3,2,-1.4332381313401286,0.25876745921322847
8424,0.6090308864609797,2,1,1.0224107708670596,0.5056961384415475
3744,-0.8986929894915583,3,0,-1.4030413599958103,0.5991873170962781
2026,0.99934461312177,2,0,2.7826301795880752,-0.2269020419124316
6988,0.4774357664113007,1,1,0.15349802644014274,-0.35623825712799184
4234,0.4207502679586634,3,0,-2.5549034696232864,-0.22404773644657575
1917,-0.2496544461434842,3,1,-1.0363676220487397,-2.2680043584815093
1828,-0.5437519494653269,1,1,-0.27554832170807736,2.622160032889464
6233,-0.3597107054420254,3,2,-4.074279151006905,-0.5018300065796529
8393,-0.766056226415097,1,2,-0.5039157749238233,0.37210124709274117
6283,0.7295939549975354,2,2,1.8242486480081348,2.034011450413679
4208,0.1001186302457637,3,2,-1.1650674643682752,-1.5114269091439987
224,0.0168648051896738,1,1,-1.0464309726247107,-1.5196781753165538
6469,0.4930923876714119,3,0,-1.1261512775840552,-3.234824765713445
8469,-0.9056912933317812,3,0,-0.8638019181828084,1.2480993055963205
846,-0.6557649311869658,0,1,0.6150386418914806,-3.209254971482936
4289,-0.909148027540304,2,0,0.8354778262926634,2.023235030333213
5560,0.1129787652455929,3,0,-1.4223715474129737,2.032017838507798
2551,-0.2040076086909885,3,2,-3.069818554393841,0.5912925368667238
117,0.3256984055370679,3,0,-1.2884273813437848,-0.636971294345281
5966,0.8068987173118716,2,2,1.4424091270092503,2.837612005783196
8195,-0.310221587442129,2,1,1.5798968489246592,-2.536780675803515
7489,-0.1737801060842636,2,1,1.440898301219288,-0.24200860160320495
5,0.7022826384818066,1,0,-0.47632475361399007,-0.23504880154573116
5342,0.4555887409660533,3,0,-2.7173364881895337,0.6404626464086701
4324,0.3172919092455541,3,1,-1.1102813211890017,-0.861093704460895
1063,0.3651711085646709,3,2,-2.4413853415282456,1.184725550473666
2590,0.4977912910232167,2,1,2.0686923885107538,-3.0365952649504617
3735,0.4271945188499628,1,0,-0.13131068190707923,3.118134564831911
3517,0.843678853012169,0,0,1.0757685546870983,-1.4636172802042744
6986,-0.2578829459785015,3,1,-2.476208838084076,-0.6632289836021471
6767,-0.6309608426552371,0,1,0.49753859689558344,-0.2659295937028799
5622,0.9593553330805786,3,1,-1.395944801179181,-0.859505654135844
1605,0.3289766193291197,3,0,-1.7256521036526227,-0.7083844211398661
1733,0.9710116296731016,1,0,-0.4871174440968754,-0.039182887467107005
8402,0.3137018873771662,2,0,1.097557984168806,1.1671801699296462
3812,0.2499850350869246,3,1,-1.2128030424181797,0.8386137178281824
8657,-0.4129952441178182,2,2,2.8624694511914854,-1.6681728451482283
1761,-0.9056523512112769,2,2,1.0612883118056935,-1.6973035608526137
5401,0.2520117400528279,1,1,-0.7895314460499259,-2.4509218578076024
2739,0.4597525021700235,2,0,1.5011164847124614,0.7536865532794609
2472,-0.9077274824299262,3,1,-1.30196982036805,-4.106467963348929
6738,0.3587085616235657,2,0,4.808686182388629,-0.8381848501907191
6891,-0.7520953474832359,2,1,2.7988118242654156,-0.7528503811494224
7943,0.4255960797343783,0,0,0.7857787260976699,-4.334093494768197
4206,-0.2874140793378581,0,1,0.917463740487203,-1.3711446160216514
6371,-0.7552060929171429,1,2,-0.034107313016944904,-0.24422126788439857
232,0.7815509015661883,0,0,0.2689708975951923,-1.7909469041877204
8258,0.235076666519115,1,0,-0.40136421735519145,-0.9166117339455981
7561,-0.9949153956001996,3,0,-1.8908688333928305,-2.493658886357848
6168,-0.1846658157078182,1,2,-0.31303200645085555,0.9377017162758836
3596,-0.9079584125318124,3,2,-1.515682941466903,0.4908763537923773
6288,-0.3613115199446086,2,1,2.4155982657874393,-1.2029678229483025
4632,-0.3093099492203739,0,0,0.5159172584732421,-1.1170119409921513
125,-0.8732652070849714,2,1,3.2678039681760094,-3.6429635980559163
7641,-0.071648469258748,0,2,0.017588047817930816,-2.734211815436959
6229,-0.6439348122394317,3,0,-1.0644136837624363,-0.46763397047552574
1296,-0.9435726273744756,2,1,1.275372737335176,-0.4820808401652994
1976,0.0196841956524871,2,1,1.8902552177410095,-0.9344886690694398
8526,0.6527495536260437,1,2,-0.37656009132837365,-0.5507252914624575
5750,-0.4058936389461718,1,1,0.12342455538572679,1.6889244249150928
8152,0.3358623840839907,3,0,-1.120060106162924,-1.5902638712569435
3086,-0.6944883040779581,1,2,-0.05724529149309042,1.4292138606596325
8340,-0.0950610448632338,0,0,-0.07593909722063528,-0.34915930287065455
6882,0.7455489192898404,3,0,-1.451816697121176,-0.7107473211241883
8369,-0.975430656478091,0,0,0.04247583485639289,-0.0038650171549576007
7673,0.7692914567948768,1,0,-0.62704346705424,1.2531853970577302
3345,-0.7421974976731045,2,1,2.794072200717308,-0.6726749479309566
8172,-0.5957047590888416,0,0,0.05898534712332382,0.6974970524865677
8477,0.1151561205659263,3,1,-2.6242248158470804,0.9559148371310743
5870,0.8426865436370388,3,2,-1.1998730511466602,-3.71211716340299
6506,0.6418627435983493,2,0,2.1699635914865874,0.7221260834627993
2797,0.2224074488152316,3,0,-3.0383390409200772,0.19268142688099477
918,-0.6736820816175975,1,1,-0.5435372124857599,1.841134223000867
1646,-0.0197932567509766,1,1,-0.0207478605347315,0.740440183712623
5122,-0.0979685073672413,1,0,-0.31296801861109136,-2.062618316531896
5126,-0.577659127996194,1,2,-0.36678139867751197,-1.0224731086684313
4621,-0.3727595411059543,2,2,2.8269300330831117,-0.808626951587695
6809,0.2154092149354203,3,0,-1.6755861470630156,1.5317828775469096
364,-0.0679849024500052,2,0,1.294351586422266,2.7769595361625172
2125,-0.5628012437769829,2,0,0.8377073378912306,0.17474163917940977
8150,-0.5485965886031714,0,0,0.538045138884947,-0.8883272906203846
55,-0.6727134930053116,2,0,1.276697342026207,1.351593121713439
638,0.0200776400537054,3,0,-2.034957515026208,-0.2822979550094819
302,0.5614669664057084,2,0,1.4441722060006554,-1.3917454405536418
5811,0.038126128793138,2,2,2.54728714593795,1.6562276266506926
1276,0.6275722573661275,2,1,3.6274703853205126,0.6532102489879984
4432,0.6907318020432001,0,1,0.3678793733046433,-0.6183280053224357
3644,-0.364257799295314,3,1,-1.2175837397801925,2.6638860544228
4143,0.4367282053235308,0,1,0.41896750084415946,-3.080516269280741
2878,0.8095690523911647,0,0,0.5714490810395105,-0.608669582270029
6493,0.509828748712974,2,0,0.9559089192900417,0.2507291020036671
5240,0.4070121212890869,1,2,-0.08520505401658121,1.4111532983783597
8464,0.6698644479237217,2,1,1.5678472633746705,-1.166657893584815
6937,-0.2192216301942795,1,1,-0.7504403697491318,-0.19997228791206614
7240,-0.6096123353733598,2,1,0.9682689343402077,0.588051061930732
2593,-0.1091667965973075,0,1,0.1784803604242573,1.640300926869893
2393,-0.0698602525746161,3,1,-1.3330019891426748,-2.220305167582753
523,0.7653656346847171,2,0,1.282696129203733,-1.9725244587518789
6376,-0.4274920988454871,0,1,0.7657151530652706,-0.63642238712172
6981,0.5911236323408238,2,2,1.93109608817409,1.6147556682719495
6677,0.6982561175707367,3,1,-1.4618608646975182,-5.227205324584207
3900,0.4229963174269833,3,1,-0.9928128159462812,3.3745068747286986
8667,0.733365927812891,3,0,-1.096153027705338,2.815076139066393
5585,0.8786315688845101,3,1,-1.2012103749480283,1.7220950176629977
8420,-0.9064252850391784,0,1,0.6483083316194936,-0.23718414533533905
7956,-0.1054240829716013,1,2,0.1906564075001362,2.340730232611284
7570,0.2674681017375899,3,1,-1.4499935556514094,0.721225116466704
6777,0.3118744367528805,0,0,0.5957810770647611,-2.9366601523181544
671,0.8383472164902803,3,1,-3.3029440283529556,0.8686172215458202
4188,-0.6090687787356284,1,1,-0.6636460906701859,-1.0813151176262779
666,-0.1149732927708853,1,0,-0.514492293704089,-1.4189542907585793
3266,-0.0096195505663623,3,0,-1.6582622980919595,-2.3131385507136337
1887,0.6239407728766224,0,1,0.5554389716082242,1.5415558741516835
7687,0.3030625697883886,2,0,1.010482982082588,2.5201780218294596
6031,0.8411259943454217,1,1,-0.7119096168903368,0.1486119263876262
6090,-0.6326808772271293,2,0,1.3889396752035879,0.05122888991637454
6238,-0.3079514584732719,3,0,-1.1648499964271497,-1.9374593824967026
7350,0.0061398425339311,3,1,-1.6364684347424792,1.0419776227573474
7830,0.6767794612236537,1,1,0.09824470514579017,-0.6812513649017636
760,0.3144831202723468,3,1,-1.2337325205942635,-1.6167741819639634
6254,0.2012612049406636,1,1,-0.6557358806998945,0.9577489207344958
1906,0.4794628132341967,3,0,-2.4601534323723286,1.3893577800974428
3818,-0.4822068196425715,1,2,-0.7478197968549598,0.39450520245122406
6269,0.1297894577890352,0,1,0.7539063855597556,-0.3950066041438107
4300,-0.1784076786326671,1,0,-0.4904867814996538,1.237220574316802
5569,0.0461264018605023,3,1,-2.0321694769359517,-2.848843018913893
7941,0.3630229148258346,0,1,0.32439289684389677,-3.2537762245984703
4164,0.1999328368525372,1,1,-0.6515758354660048,-0.12837924737527115
5971,0.0929441854283734,0,1,0.019642399110611074,1.8285960315050132
3579,0.3537453333369145,3,1,-1.4409018363635848,3.60821494204359
2832,0.5737282994633548,2,1,2.4665697579497547,1.649465895860822
5449,-0.0860477522213494,3,1,-2.258984643695928,-2.792797475043445
3472,0.9533308643748164,0,1,0.1954335238779514,-0.1250400259179432
6327,-0.9760047050636362,2,1,0.864852958316151,1.2771437032477897
137,-0.5476856931500758,1,1,-0.5190844139273765,1.0219691626877276
7043,-0.949400101170074,3,2,-2.3308658460355383,-0.6790721720273379
4892,0.0363729460243638,3,1,-0.9645378327189211,-1.849518841204412
2180,-0.5077686291895336,1,2,-0.4851552855149663,-0.09939774484968515
7730,0.687868322718264,2,1,2.4561079021856873,0.39427356885592885
3177,-0.7768999958481497,3,1,-0.6559062510792839,-1.774790118689377
4854,-0.0156448573194651,2,0,1.925923642411016,0.5097857029603057
4637,0.2722353138792528,3,2,-2.236168875555547,-0.41425532881292737
5115,0.2192657856424555,2,2,0.7991560210411103,-1.3171090492570816
7648,-0.3502783774792686,3,0,-1.5350680846407843,0.14372913536266163
4261,0.1691910816933486,1,2,-0.5253737809503938,0.44838023532040117
1331,0.255698035468421,2,2,1.9080488501180448,-1.4234582626065666
7002,0.5644218954264368,2,1,0.6560586440463487,-0.22507611624058646
6941,-0.8609871450670117,2,1,1.4799046266072353,1.314444928548317
8017,-0.2523510181039556,3,2,-1.3779264442606651,1.8065476836660037
6241,0.7397492935169108,3,1,-1.438193492792414,1.8842992635494589
8987,-0.8718955890359221,3,0,-1.0950829120663728,-1.9463077334533747
6881,-0.3491158059079318,1,1,-0.25135617140311267,2.2517034868922434
4530,0.5841645566475446,0,2,0.5547663163692773,1.947067688925019
4673,-0.3715968852195024,3,0,-1.7299679073830045,2.165250226420141
6996,0.2635487852795273,2,0,1.3759967299171287,-1.498132980982423
1252,0.2989663734290144,3,0,-3.0362521235637274,-2.196819805894629
3374,-0.4175954865745293,3,1,-2.7445173326889307,-1.1162409249753162
2814,0.5538289639009941,2,0,2.943690677507873,1.0390801118575925
4719,-0.4530604757903784,0,1,-0.015598826034725476,0.16486778174241715
6544,0.7602090884783201,0,1,0.22977326931867928,0.1879403154470254
4858,-0.3487359531117064,0,1,0.2948502664160428,-1.3422002651748208
7901,0.7906882675686875,3,1,-1.8548056233164858,0.10458282434925403
1077,0.117925902214611,1,0,-1.0461335354025747,1.3216648247768166
4363,-0.2356309602299067,2,1,1.8592555125006098,-1.9567643689088932
770,-0.2219205501481156,2,0,0.8315679965623377,-2.2415571018839184
249,0.3424171230676067,0,2,0.6056208541734429,-1.8803327315411096
7239,0.292494094601766,3,2,-1.7496972187742752,-0.017867271661469102
3419,0.1654880976968207,3,1,-0.706157021366429,-1.070128649919513
4976,-0.726537866557682,2,2,1.756378134153103,0.07633976777579234
4544,-0.9862925758445538,0,0,0.5705377868823996,3.052094906492478
5565,0.404365629649335,2,1,1.0174277249354822,1.9035101367387786
7939,-0.626953388843376,1,2,-0.5612048721718397,-3.366038464919548
716,-0.4157731749867825,0,1,0.18746336567520686,-0.7471459274013365
8683,-0.5558698420017238,2,0,1.3383507502381427,1.3855615574802858
2048,0.2981913284701978,1,0,-0.5451929353712941,-0.5388829096357908
5997,0.3732866352028663,3,0,-1.9213907073209213,-1.3032230945690328
6600,-0.3376603193495295,3,2,-1.9526313053681785,2.5642551317782565
7245,-0.8270303039181546,3,0,-0.9085099819052334,0.38353050923457216
4178,0.1192770040840125,2,1,2.97590441314289,-0.47486171442140285
4809,0.3649404935099227,1,0,-0.6337325896031244,0.8180414823271778
8528,-0.3885987136820066,2,0,1.7056164035065984,3.530795559430136
7140,-0.9597636426253656,3,0,-5.291850930131192,0.8191976041244589
7190,0.8455018407360619,0,1,0.25477122730429314,1.1187661651222796
1460,0.45676886870694,1,0,-0.372094373746303,2.2153718961787323
5989,0.1066663578076434,1,1,-0.9941144351178801,-0.08113994449684227
2000,0.9120215607737594,3,1,-1.181624314515702,0.799367379632117
8175,-0.8677082556744868,2,1,1.8770007222053278,1.0308143128122704
404,0.6067124558400143,1,1,-0.7516692363959164,0.6274563236747857
384,0.4530565980073937,3,1,-1.4526941814824397,-0.6434747605287147
8533,-0.4030939336519092,2,1,2.401187508134135,-1.3228903750509422
1633,0.889327501867889,2,0,1.56832219363844,0.7028881150686231
8596,0.6211002076514465,1,2,-0.5936479407071863,-1.3500229594017537
4784,0.3867010890947666,2,0,4.360540440666393,3.0011742098482155
8504,-0.3908871683076924,3,0,-2.2918431521444687,1.8248113486957305
6970,-0.3208483261513954,3,0,-1.5438232343603047,0.6309855328276484
3925,-0.7917130615297818,1,2,-0.3567697544392543,-0.1309767032453984
4158,-0.0953581661295099,3,0,-1.1467911746694377,-0.9609419267077909
7449,0.2330039639972074,1,1,-0.2880573602789078,-0.6892884680768906
8415,0.2547246083366892,0,1,0.3765587774417348,-0.8139782617594483
2193,0.2805878339021721,3,1,-2.2177290973510444,-2.859796069638321
1015,-0.2630997658181158,0,0,0.40737960759366365,0.6298690404754371
5124,-0.1526113708784562,2,1,1.261797841380583,-2.6356766322166756
7418,-0.3054478611718969,1,1,-0.3076100543490013,-0.9322033369867158
7409,-0.1061334945865981,2,1,2.0453335533810137,-1.8501987874665933
2871,0.6883043391508825,0,2,0.466627800702564,1.1409686328579547
9,-0.7446245764456663,2,2,0.9292115644748739,1.909565595468809
1838,0.4043739913659547,1,1,-0.16447893939715758,-1.137045203131385
4804,-0.9434049093062088,1,0,-0.4159910532010364,-1.3657452816992013
255,-0.8710297705243994,1,1,-1.1231096192086591,1.0214635149994566
7026,-0.0970295432217922,0,1,0.5261217728875839,-0.9625528771261336
5713,0.3876339560115751,0,1,0.7983229720263113,-0.07702225748521058
3324,-0.2176204802068231,2,0,1.8974180986663711,-1.2685593676614388
7714,-0.3885693486167747,2,1,1.9946142830605524,0.5723547977709126
1581,-0.2401821325523387,2,0,2.0386607087451623,-0.27373478460053774
924,-0.8329090708782318,2,1,1.5919459146554145,-0.6913646228187629
2779,-0.6798296471904053,0,0,0.5457265642837803,-1.8885366253459732
7891,0.355757860763332,2,2,1.5474693109763864,-1.3782994293416901
6132,-0.321534309687894,2,1,2.9161508236926648,2.2736715850177176
5320,-0.4992486305876504,0,2,0.20948485313733087,0.9632892774715893
7312,0.9498676490675502,0,0,0.21730163831353344,-1.62649053557342
7102,-0.996960497540055,0,1,0.2651385447202141,-2.937578058191294
6042,-0.7361645051567958,2,0,3.482030624416545,0.4825431920078864
3775,0.2241399972263806,0,0,0.9175354161175665,-0.9697538531055901
4835,0.358610968755175,0,2,0.3639841019979022,1.3976292423005996
4964,0.9755212484997676,3,1,-0.9544946136286244,-0.4376861455890724
539,0.912812178357974,3,1,-0.6545161426596777,1.7181194249085452
7483,-0.7396244513877841,1,0,-0.4924053559052869,2.1982838907027324
2745,0.3221581952149122,1,0,-0.2728855372341283,0.2697100731090603
3719,0.255526765397555,1,1,-0.38840918011542025,-1.1855445637520958
6819,0.927824418345642,3,2,-0.8609489494697301,-3.1057142537223306
4468,0.5197757642270768,0,0,0.2531425345834825,4.088667540834284
667,-0.2808698679906194,2,1,2.1185563215102383,-2.411623991463313
7575,0.6185880570426501,3,1,-2.3629923602427567,-0.2231551749760338
5063,-0.9752661822096764,3,0,-2.151842717505601,-1.6432530262408809
1353,0.6429535447711534,2,0,1.3788743154986345,1.575974417048221
7114,0.7202305074991369,2,0,1.5698549381696458,-0.5021771319446432
8961,-0.2355899791082247,1,1,-0.1925673515422119,0.2917471214635823
2703,0.1689067642134134,2,2,1.7643059665226402,-0.5446198015966958
3330,0.750864814295396,2,1,1.0625441653736571,-1.3787332735738724
8053,0.9887373582847656,1,0,-0.7614453796035583,1.286618831772311
3584,-0.9935638317766324,0,2,0.1442373365036013,-0.5081961229875162
8493,-0.7912413566120096,3,1,-0.9394561704714903,1.514847700291371
5645,-0.357028091274949,3,1,-2.791062235922372,-1.6413469476203952
3376,-0.2974597353813071,1,2,-0.3834480736178677,2.121391228630387
1256,-0.9802950009565254,2,1,2.868053840307867,-2.4701417203368012
6190,0.0670724068710995,2,2,1.4022666644453612,-1.0614680907286722
5348,0.8321654898657198,3,0,-3.0557052737793757,-2.793315848767245
4175,0.4823688505058032,0,1,1.1475655631863408,1.7284331057659175
4910,-0.0653440262243651,3,1,-0.7492047442881301,-1.5314451630324981
1852,-0.9989458299072632,3,0,-1.5509353565552357,1.0793667414773667
6316,0.7137114762232881,2,1,4.072872038683191,0.44207256529861755
8866,0.0905817886151283,0,1,0.35618304671133905,-1.4722605176607473
2105,-0.4492191004982928,2,1,2.4249431000993846,0.14840828351602875
133,-0.7955352851736193,0,0,0.45264808771901555,4.288409110009468
5029,-0.1674639214846183,0,2,0.09176618909537812,-2.6110508437919493
928,-0.3347004437118346,2,1,2.525287666839392,-2.1434802055251794
823,-0.018690195094158,1,0,-0.8026579741424333,-0.5915574210746576
7576,-0.6203202718250802,3,2,-3.6217111346826494,3.6676214690490982
1531,0.3725577326394285,3,1,-2.8148114022086332,1.3988799656012005
1214,0.5481219495370464,1,2,-0.7196007027019158,-1.0925649411683676
504,-0.989051560032584,3,1,-0.9953162438822825,-0.4987594969566244
6530,-0.5214689337608021,2,0,1.0770437399761483,1.942855749016166
3072,-0.3080160480934217,0,1,0.29568672689456404,-1.7221978901402035
6619,-0.4426756940789078,1,1,-0.32059762797012403,-1.6935619251348315
3709,-0.6178437497449567,0,0,0.369876324636342,0.9283815809550587
4849,-0.7727465104212041,0,0,0.8072574008029323,-0.21365730888265203
4748,-0.9496752348511346,3,0,-1.0944189192286329,-0.009143588794183163
4268,0.8006018713833505,3,1,-1.8182668595763598,-0.02089220974970063
8889,0.8990028324601924,1,1,-0.33095147700050154,-1.157736895959429
4186,0.6944731553928396,2,1,3.7468311598722774,-3.2242849742175426
5301,-0.0273598614859718,1,0,-0.46233621105888256,1.328940183920351
2923,-0.0081408381625271,1,0,-0.17605052083216582,-1.2620770072407066
6588,0.318630328222572,3,1,-1.3568920667962368,-1.2506154234052262
1810,-0.4811417251538961,1,0,-1.2128624205037082,-0.47497161688386136
3486,-0.2516731333027429,2,0,2.627863022028264,-0.3737715517689934
7419,0.8020563960151821,1,0,-0.3267141973258588,-1.3181352808081466
3141,-0.1821980092494581,3,1,-3.671009903820791,-3.5901294475123273
1324,-0.7199758876929951,0,2,0.22358451129344578,-0.9523180694610106
4312,-0.3008248770165702,0,0,1.0231998285918884,-0.23868176066966984
7494,0.0907085633208097,3,2,-1.6825018131563543,-0.12574319572959464
8549,-0.472592628877222,1,1,-0.7180308510422865,-0.7141758563588794
5541,0.8953794697659025,2,0,2.4160263002821893,0.18662584346312053
6172,0.3873619477948502,1,0,-0.7203663204047394,-1.0138439681412887
1540,-0.6828166141927763,1,1,-0.12672645923626685,0.24171344258302815
2681,0.9388437381568672,1,1,-0.5165266497810107,0.044363530551963404
8893,-0.7767663712638062,3,0,-1.716876604662584,-1.4750295763785892
6313,0.8267925241317526,2,2,0.8148372792895292,0.8273355099761016
1191,0.657262480766629,3,1,-2.3819254535042518,-0.6847655762485677
5293,-0.437351142877346,3,1,-1.4855473047285277,-1.3515223509879537
1542,0.8983406657360102,2,0,2.600390690089036,1.0244905246436022
7056,-0.0102665618370374,1,0,-0.23673228104054778,-2.308077809229145
2539,-0.3182069298341841,0,1,0.05114826000169047,-0.3965503613597153
953,0.6366364407949678,2,1,2.250810411040158,-1.1720840378962236
7241,-0.49398958738024,1,0,-0.5791549155052935,-0.288004131910398
6731,0.3945903176498373,3,0,-1.506979431911507,-3.089938369231652
4846,0.5274864350631143,3,1,-3.405493130247833,0.5531855553472229
6801,-0.3862371440535181,3,2,-1.3403923531238844,0.8704492056169277
8010,0.1952445508860558,1,0,-0.49950049392529094,-1.4092580033216453
4330,0.20249391539165,2,1,1.0147130129283048,-2.19836216720439
5334,0.419292786511096,3,1,-1.3040809156117765,0.42654972940094454
7330,0.793052900380796,2,0,4.8198915076322155,2.4452247903854296
4729,0.8831095515337755,0,2,0.16233211084418386,-1.335691765224625
6541,0.9658702700447196,3,1,-4.398680289735562,0.9589167944358451
5305,0.5841822916912183,2,1,1.578574916190107,-0.04661295585190243
5161,0.5841281536640612,3,0,-3.3531979162927934,-1.5191850450247417
7860,-0.1058640024899422,2,1,3.3075513847850857,-3.3652388218115363
2156,-0.2802273472976699,1,2,-0.7537040933471691,1.8202829443976454
1062,-0.2281182256906508,2,0,2.0035711388062896,0.21698685155598263
1167,0.3005993455022839,2,0,0.7723461513402122,-1.377662222074165
3636,0.2928658979293579,1,2,-0.25837034307949297,-0.9766254513147228
7651,0.9675377326276096,1,0,-0.6278652476935284,-1.6641835756483345
5588,-0.4564408310594634,2,1,1.8863150841304477,-1.5071954166506512
7192,-0.7882290315603537,1,0,-0.2923880747402456,0.9486442166143539
4491,-0.0932810976960623,3,1,-1.497346117356431,1.518843546781851
7266,0.0812088805161379,2,0,1.4372459978185532,-0.9054805450275532
4980,-0.6201353770003357,3,1,-1.5565981837186365,-0.32457706763903044
8335,0.803537853319682,0,0,0.6612595256848822,2.4775153643625676
8955,0.6577002580941849,2,1,1.6652168880907445,2.725804430414479
4946,-0.3461552433839228,3,1,-0.8113597123811667,-0.22566477737659404
2782,-0.6529895150770588,3,0,-2.1809175009224253,0.5748992118090045
717,-0.8930430798961999,0,1,0.450831980910219,0.11324801468678686
2502,0.6694194189653484,1,2,-0.677568900178956,-0.18709451958003562
4360,0.1444270078574441,0,0,0.3564285088425925,1.5045129531752124
4171,-0.1144335636307591,1,1,-0.05898049656635958,-1.03416227198903
8082,-0.6147233185903445,3,1,-0.860704660033309,0.5169227928762984
8781,0.0845019013159931,2,2,1.3376487558484889,-3.345171730226563
395,-0.784560597081835,1,0,-0.7770807746613433,2.126409357272063
7186,0.7641287899378606,3,0,-3.2670413807166465,-2.7580789146322124
8963,0.5854280936961007,1,2,-0.5024834823327312,0.6604887912910479
4492,-0.4527709002438342,3,0,-1.1195129285895327,-0.7695438644734071
1365,0.4583217579590855,1,1,-0.25028349298970687,2.6558784656119627
8570,0.6108968510619714,3,2,-1.2113841755479278,-0.1002116022574514
5917,-0.6306332960700565,3,0,-2.8772973218327293,1.6683516063071775
4968,0.5834045232265801,1,2,-0.6216179888705406,-2.287606247440429
2914,0.6364560148205287,2,2,1.0676464959564314,0.2753859823334761
5644,0.5197486570916394,2,0,1.4877017060541369,1.3477677876765812
3766,-0.6002559158746748,3,0,-1.4843476957935755,-0.2594050023652808
3440,-0.3999008411104068,0,0,0.18598196390474464,0.49643361967444627
7357,-0.4838316373768334,1,0,-0.3969263334593326,0.7336414429381751
6806,0.5042988187178443,3,1,-1.629094489499406,3.0789764764405585
2143,0.1777802407147954,0,2,0.48939667431464473,-2.810423221882522
5104,-0.677040946122035,0,0,0.6006935782737655,-0.9035224102629108
5073,0.1319845292797183,3,2,-2.486343741938184,0.8181879773052252
1571,-0.7106646698829109,3,0,-1.964966255023128,1.1509188437637576
4079,0.8279709804346802,1,2,-0.4135991055292034,-2.7058349477647554
1122,-0.421264562925034,2,0,1.2843173155648162,-0.45784697875443214
2786,-0.0533888285434389,3,0,-1.3877284803677237,3.2142436960674314
2967,0.6986018938724954,3,1,-0.8942375315321338,1.1514958602552126
2504,-0.5077442366814036,3,2,-1.3246218705316224,-0.5205456318467859
5988,-0.3942016344806651,0,1,0.546637802016776,1.1946009527732009
7164,0.4578873841611037,3,2,-1.135669155481651,-2.2437108700402195
728,-0.0957336833202053,3,1,-0.884504348679645,0.10558880456876994
7587,0.0180746238745554,2,1,1.0561518445131894,0.07161575387796952
7543,0.1694692144825171,2,0,2.0614014991566627,0.6751148269245287
412,-0.0484064506364363,3,2,-2.4876223542290266,0.7211932184385094
5745,0.610652517567216,0,1,0.5518212297585985,-4.240325094070062
7668,-0.918686262628578,1,0,-0.050511861428167784,-1.5609671122463016
825,-0.4006888017725736,2,1,2.2331015546469324,1.511040881550486
3267,-0.0718581050795377,1,0,-0.7745463581137306,3.022686259172047
3974,-0.9203802247535215,0,2,0.7432212353879899,2.4175987063571394
8306,0.5437611622729701,3,1,-2.41054046967284,-0.9529954176486335
417,0.7297007932993451,0,2,0.13530830457119508,2.6176305954282046
6748,0.946724105368375,3,1,-0.6401609005348183,-0.7539101048270158
2082,0.3256224058242623,3,0,-2.1257765929796237,-2.7440935723715025
3373,-0.1321855132759559,2,2,2.6454037942133173,2.1838474971584243
5726,-0.9928037966486928,3,1,-2.613358016528842,-2.0277056960875424
4107,-0.7425456967335071,2,0,2.2075213236973705,0.4219274570471856
4380,0.5741895607672443,0,1,0.2720348759017117,3.409445261959467
7723,-0.607086466731233,0,2,0.29834697524834797,1.7204027588548632
1066,0.9346213201897996,3,1,-2.084943116013725,-0.8285202802273229
3913,0.1009729405450972,3,1,-0.9438354236586062,-3.341600088970967
5536,-0.6096917358355525,3,2,-1.7063316559098856,4.793972158501128
8002,-0.6226205459519905,1,0,-0.1006024594230306,0.6913593965995567
5387,-0.5125774483807015,3,2,-2.6440597239957073,-2.7081766731230466
5732,0.5667582606163424,2,1,1.6334778735468214,1.3247967020757638
2738,-0.9505636226152628,2,0,2.3375557753992866,-1.4311995573777327
5052,0.6125273448299731,0,1,0.362226523032234,1.7552174823344953
4000,-0.6414540777550273,3,0,-1.4321293417386651,-2.006336344594395
2427,-0.6338605589416546,1,2,0.05174692580601198,0.9908461623352723
6833,0.6886605020305383,0,0,-0.012291269997137921,-0.7864042702301726
1687,0.1807561291475139,0,2,0.4428200138864512,-1.6887537526371759
851,-0.4142616082483721,3,1,-1.4013761779861325,1.070347464809111
6303,-0.3253054991383743,2,0,1.6710700853117153,-1.4811485328434408
5878,-0.972497848844944,3,0,-1.4156207472022144,-1.671529218048974
8527,0.8825779441954267,0,1,0.4795539856967785,1.5830925837818797
2839,0.9835406439756732,1,2,-0.1935371499812595,-2.214193071217244
4611,-0.8956202072499808,3,0,-3.398700913161956,-1.5006173521941657
2489,-0.1238205734897057,3,1,-2.920917981068083,-0.7915293496492607
6905,0.2896076666331992,0,1,0.33170809252967565,-1.297266905372122
7390,-0.2977855270830027,2,2,1.635152812932177,1.2481933066182753
2849,-0.6169109337387642,3,2,-0.7749575871999663,-0.037870468524040704
6665,-0.8583908481428195,3,0,-1.2765943012634138,-1.208996572952383
5881,0.6722684341687519,2,1,2.2761436595613844,-1.6898282353786416
4452,-0.8591901246957248,2,0,1.7365435965979268,0.031394996534973595
7421,-0.3306784880813658,1,2,0.11839791772922657,-1.9609837129533805
6484,0.6410319795762689,2,1,1.219440547797144,3.6274928189748543
2479,0.232769000398453,2,1,1.199607640955902,0.8924582380186227
6617,-0.8587892280681455,2,2,4.047017263458574,1.9851235813620194
2141,0.5138483133248333,0,1,0.26501496365683685,1.5243390799002141
5188,0.1549910927127353,3,0,-1.7122658708399785,0.6743259964807176
2744,0.9294049421200308,3,2,-4.002278843815577,-1.4060554308804012
7253,0.0067025637258792,2,1,1.6852994470806997,0.6472731229860685
3506,-0.7346415765629761,0,0,0.456936974271751,0.8586422155043089
1679,-0.8141650968337153,1,0,-0.8650948912586909,0.4297944345522103
4249,-0.827296677358879,1,0,-0.10283118482766558,0.6511586535091124
3147,-0.2302759908307641,3,1,-0.8194978724842188,-0.9385570154645974
8130,0.8936209151898744,1,1,-0.41064059062483155,1.7643916548084242
7004,-0.2505600864238906,2,2,1.231796996958979,-2.493277449093787
580,0.6075446027045914,0,0,0.8033932700462532,-0.5682448040307501
4070,-0.8358239685388622,2,1,1.1853831895940752,0.8919763052163255
3343,0.8774485703525603,2,0,2.098617221344399,-0.9029252268701425
7404,-0.5232988193640711,3,1,-0.950725221949703,0.8721213669622871
3672,0.8962394709636821,3,0,-1.7733905447073397,-3.335752236860177
559,0.4506222817948615,1,1,-0.6808836413458537,1.937072859221722
5237,0.4956533184525946,2,1,1.9365417026461196,-1.075843578591664
7805,-0.792764513508438,3,0,-1.1355338261119368,-1.8562861088563853
512,-0.6268296693945765,1,1,-0.2990521106921954,1.0209355946852459
1081,0.2880602823437719,1,0,-0.6201279334409904,-0.4984905783221503
1664,0.3766256650912372,2,1,1.9901217435455951,-3.7006967057006293
1931,-0.4122070286654284,0,1,1.0641106938865466,0.1115580003661872
8696,-0.5305351017154372,2,1,3.7235305038830555,-0.333477354004311
1150,0.8584659911203831,3,0,-1.7635163941561942,-0.12776415460717608
2838,-0.0908652057736243,2,0,3.9389514934224117,0.7576617161498044
5949,0.4263650632883393,3,2,-2.4148204041255386,-1.8727160985087015
8308,-0.4667107641182091,3,1,-0.9301448003662682,0.1665743591400817
5177,0.005255368970469,3,2,-3.356758625356183,2.0948215312674776
830,0.7045506389833838,3,0,-2.1768419961498937,-1.1972469160665242
8311,0.2902991134964572,2,1,4.7034503899132005,-1.6546627151249833
4752,0.8762115846465597,1,2,-0.5155076594523675,1.3032917420954957
8746,0.5792071140599349,1,0,0.15298421549604854,2.8799535241888066
635,0.6890919026845872,3,1,-2.730518603246147,-0.6742799006837594
4465,0.3799696894538902,3,1,-1.783031348955537,1.4397714199268805
6799,0.8135820676659022,2,1,1.948448275479763,-1.0740490123579898
7987,-0.7869834746143556,1,1,-0.4237642390925208,-0.16436728402334314
7079,0.968787916142658,1,1,-0.4272867423140737,1.280612613307543
6966,0.5624613020056322,3,0,-1.0257815981029832,-0.9929289037292524
4142,-0.5477828276071326,0,0,0.7771251783749611,-0.5660128616445773
7027,-0.5169130866457115,3,0,-1.8497104950842371,2.3878484542592906
876,-0.5680811809554713,3,0,-0.6961866052254223,0.8484845111852337
4869,-0.8583913719771994,3,1,-0.7422557827527158,-0.4978360308986179
5315,-0.332158139599096,1,0,-0.3536959850659391,-2.687400528454473
5222,-0.8722726807484555,1,0,-0.39920353634344513,-2.0388107156078576
4,0.6106010173187437,1,2,-0.4378243712616112,0.2485739187711066
3051,-0.5271273093279532,3,2,-0.9915728052242101,-1.2333445411840165
5691,-0.8101566348462197,3,2,-2.8728558499161743,-2.2962207654215194
3124,0.9709242400953352,1,1,-0.07034689446519606,1.500289038978619
2491,0.2623673234333827,3,0,-1.2179207244425165,3.2584108776587066
3854,-0.8529253334860181,1,0,-0.8347204102472808,-0.5817171661530739
4777,0.4269205738206987,2,1,2.03233041490622,0.7465546123836133
7509,-0.3932300600977549,1,0,-0.7578225337547664,1.9594869137417643
6457,-0.3034642446105802,2,0,1.5448498133758237,2.3809248931618012
6293,0.3721305864815982,0,2,0.8344220618210383,-0.5854366992778886
1148,-0.3318770193657778,2,2,2.3718004665823074,-0.1602678833168669
574,0.7392489782893119,2,0,1.2814705195967933,0.3601749442780117
3769,0.5291845008916771,3,1,-0.7097205984168867,0.032446046126939576
4146,-0.9488459579243892,0,2,0.5934080225975626,1.0290552254997307
853,-0.9417084404912476,2,2,1.8026804712371889,2.0777381430360555
5919,-0.993897468477847,3,1,-1.729965013831737,1.5280344020051022
6614,0.956925090643773,2,1,1.3736490686345317,2.269308537968389
6002,-0.4499916225446756,3,2,-1.6690152570258165,1.620158060333459
4495,0.4415405234487888,2,0,2.8315311519318733,-2.4796793647848614
8173,0.9056678665255132,3,1,-1.5084047040002457,-1.1500197732601298
6655,-0.489131809370398,2,0,2.33474459015502,-2.1775157102761544
2368,0.7969198333270899,3,0,-1.8528247245570029,0.0373463539701524
4780,0.3387549301108186,0,0,0.642417616469594,0.327715541545843
7992,0.2399247648172944,2,2,2.6165725318736373,0.6621728321599124
2950,0.6119440443571402,2,2,2.0065799921683083,-1.184613693048372
5625,0.7151201966745966,1,1,0.08815422589860392,-0.5222518935880021
6971,0.447502961582348,1,1,-0.1860813265628675,-2.9626525770362817
1841,0.5085705062616575,3,0,-3.262210304800569,-1.3030104865881875
5986,-0.8854119594102543,3,1,-1.2743363995978068,2.7614836136894314
537,-0.8250376224457161,1,1,-0.6936020188658607,-1.0525541768941542
2806,-0.572026908977189,1,1,-0.3194058079514538,0.7801147351329835
5801,-0.2778534657162996,1,2,-0.21562264365023154,0.6193294055482884
5596,0.8390935789001079,0,1,0.5902204632519984,1.274228955704147
7206,0.8049107758324363,0,1,0.4641757398677717,-1.1697912791982372
7343,-0.0437197813945533,3,0,-1.1252840143112133,0.007573716342289501
7560,-0.9515482307772248,3,0,-2.3846804698080435,-1.525358976306528
8096,0.4348100880581964,2,2,1.4643480239673736,2.136323941930668
784,0.1514121709162934,2,0,0.8643285432689684,-0.49847664611502057
1409,-0.144823852705356,1,0,-0.4039121147157184,-0.7609283491028446
154,-0.269357222552026,0,0,0.6038883437355176,3.1403105387145547
7806,0.5769556934285647,0,2,0.8689261088753554,-0.5492461671411543
3009,-0.5352955099216248,1,2,-0.9848481353564875,-0.9977548159310428
1686,-0.9000159702093722,1,2,-0.948723480429937,1.4060286988245443
4014,0.1337210666162553,1,2,-0.07195399846527772,-0.20780577404783504
7455,-0.9138342625094412,3,0,-1.2387195574603314,1.0174735027221704
3863,-0.3980336776378068,1,1,-0.29284639346276115,-2.641135925147831
2733,-0.3901316695690959,3,0,-1.6720275606569126,-1.0617394835935885
1895,0.6321184578895302,1,1,-0.5443897276839552,0.8567329933061506
5442,-0.9204969769402892,3,1,-1.3461009255874818,-1.795937547692078
569,0.7290518047556369,1,2,-0.6501011937785248,-3.3271483573385816
6709,0.5779296969592811,1,0,-0.6249212473807179,1.9219635468549143
5854,-0.1480896966061191,3,0,-2.2449279044829815,-0.2865413287153486
1816,0.9886883713201042,3,0,-3.4238284256762554,-0.39712283123608455
8319,0.3784140089824197,1,2,-0.9954545816439246,0.8103185157924638
3394,-0.820075651323648,2,1,3.2359381930173394,-1.1998503222346109
3327,-0.750526937114083,3,2,-1.1197689781530755,0.3165271530182098
8982,-0.5207407487386113,1,0,0.008000015624691308,0.8262380691341873
6102,-0.0784495791762958,3,0,-1.7499424763045115,2.0989292505034123
2975,0.2297757659603894,0,2,-0.25378352634598,-1.078270230516983
980,0.7795265198278096,2,0,1.0693732486092646,1.0281524770154007
190,-0.3012817208612466,1,1,-0.7829198890714605,-1.7169726302245643
5088,0.4107396046314227,0,2,-0.04395100970544312,0.9883017016630941
699,-0.7663429558473906,1,1,-0.37228013410870614,-1.0148321359544634
8780,0.913046118453004,3,1,-1.278890125521782,0.4365867301109933
606,-0.9842832465951836,3,1,-1.7645361260708965,-0.08928858887890172
301,-0.9370138930479076,3,1,-0.6315894277671592,-0.04871710113833608
3420,-0.1475134721209188,3,0,-1.2298150078511494,-3.4287860409861093
8821,-0.0055127607910152,2,0,2.0171120098794777,1.4769948296375652
1060,0.5226128235344139,2,2,1.4239375003990562,-1.1231539005082833
3444,-0.2893792664483889,2,1,0.9762474362801155,-0.2998841878366714
1069,0.581043019784065,0,2,0.336215400895513,2.302316248741549
2205,-0.6404814729460735,0,0,0.6292302813671162,-0.5333907358314626
7339,0.1384975408975075,2,1,1.2901438382280948,-0.053831985762539315
8208,0.1199648310272594,3,1,-1.448474557839209,0.05181442856345506
7679,-0.7001966705956706,3,0,-1.4209102949616617,1.399155561269466
4642,0.4347510352094248,1,1,-0.5119582190742087,2.0300659897653315
7683,-0.0629961312750826,2,0,2.0943011768627118,-3.5405515176413096
7996,-0.035229497015472,0,1,0.5105676918453438,-3.4772652695907156
5600,0.081566452713762,1,2,-0.018927397894470357,0.26101989859729474
7022,0.9976664752664222,3,0,-0.9183029817833568,4.314470663245406
4893,0.560611512565858,1,0,-0.16322873786445477,-0.4859591273413117
225,-0.6985706036015762,2,1,1.8843210328100448,1.3188217927959238
3354,-0.5218179220332235,3,1,-0.9722217388101516,-0.340857459561658
5895,-0.9536951327807172,2,1,1.5487882037065561,0.11257722118157971
3436,-0.8254584052229523,2,1,1.0329058818423018,-0.894779128427959
1693,-0.3448901272795028,3,1,-2.338187097019095,-0.09749631224810988
6893,-0.9573485682789684,0,1,0.47351926396655336,-2.145747965230599
1045,0.8413122704208698,2,1,1.3819686146540966,1.9891663872276624
3446,0.7770521835962421,1,2,-0.28002975688315834,-0.5966532705011315
8050,0.3916300025943411,3,2,-1.806710399395112,-1.4076431647325658
8981,0.8522459719115503,2,1,2.369400697882988,1.9026936982290987
4735,0.7959650642992508,2,1,1.521777594871901,-0.08863766713402654
4496,-0.6080778344474207,3,1,-1.3556284807236716,2.0907965898875127
1218,-0.7558098889317642,3,2,-1.2356860895110267,0.02200846043172963
6015,0.9195252825160852,3,1,-1.4158446410551444,-0.14300931015481527
3987,-0.8337231138379513,3,0,-0.9772338636353148,3.055342644289493
4911,0.4938590221895134,2,1,2.3168569921321893,-0.2108065482048496
4493,0.4815620010628858,1,1,-0.666549837391603,0.9890773334514492
6944,-0.0396780494626916,3,0,-2.7470974679291063,1.694042000183706
5699,-0.3885808499468879,2,1,0.7061968083274409,0.3822767564781206
8352,-0.4227236306086088,0,0,0.6742510616767577,-1.4276523588148582
956,0.2539511184198992,0,1,0.7074033073329054,-1.631370163315788
2869,0.9749913027950876,2,1,2.03179498033207,0.18750787988174844
4433,0.2775291413368164,3,2,-0.7082528720744866,-0.17483820791956572
4973,-0.2155642026507707,3,2,-3.5201143043307788,2.1979982896699113
2961,0.7048801914105673,3,1,-1.1193591023617064,-1.4462492211306168
2200,0.3337421304130827,2,2,2.955250441584501,0.08420654181846039
98,0.7618360519036882,0,1,-0.24150507660935527,-0.41470477877460793
8863,0.0641695589349393,3,0,-2.6788542722378548,0.026618950843801836
2557,-0.9651490761822,0,0,-0.17297212329379824,-0.6922719109396174
8445,0.3258105430737983,3,0,-1.4053102622069171,1.881339066509187
4199,0.2554550711476822,2,1,0.9858050986236485,-0.9949719880976614
5539,-0.2336296560357977,2,0,1.441522230313464,-2.5172995927333415
1648,0.7881195098562308,2,1,1.4579286210800788,0.5011515021834726
6197,-0.6868299130134874,1,2,-0.6794825430553287,1.3271403968693474
6295,0.249890944271893,2,0,1.064829574703949,-1.6909067342471122
4499,-0.2578128961504722,3,0,-1.9043558023972789,0.2072980264384435
1154,-0.37927425665361,2,0,2.673694719848392,-0.13474593382146105
2255,-0.2845605609247601,0,1,0.8123124991450016,0.020184365918952202
3170,0.2671267111075943,3,1,-1.3342377579170623,0.5981200284401792
7400,0.4564301188212623,3,2,-1.177134062966171,-0.6550453923016556
7158,0.1497109785027324,3,2,-1.4465140689133957,-0.466948447793758
3108,0.4274164529633557,0,2,0.8543413660584195,-0.38885455487735304
4548,-0.1883606255664882,0,1,0.7054657612317565,-1.6279421443107431
5423,0.11720177188752,1,2,-0.13497803018721494,-0.24133424093794673
2049,0.9391370730425594,0,2,0.32485111976602055,-2.0061718086244658
8814,0.7240253117668829,0,0,0.5581607214995449,0.8962789458498417
262,-0.0601277323114557,3,2,-4.0960072272746535,-1.4595138517558057
4061,-0.9211632434068184,0,1,0.5246354580994342,-0.5320745386915703
5534,0.8213762012021535,1,0,-0.13074557323030214,-0.5450806861495668
6616,0.1948480648819768,2,0,1.9182375777898761,0.7093390037958219
8120,0.1387967548813147,2,2,1.6201193259422801,-0.8888474564219105
8155,-0.645147868288946,1,0,-0.904644380744643,-0.06631674008528511
1802,0.7004975326198153,3,0,-1.1314010529439786,-1.882110639262221
4736,-0.6405817577280795,3,0,-1.1057728188302436,-0.5312799746035437
2385,0.4579119309721313,3,1,-1.2716931866408836,0.7250379893288281
6694,-0.3414709952485957,2,1,1.0606069777322835,0.2134778070323888
5759,0.4091537629997048,2,1,1.427888528381641,-0.9231622098910987
1959,0.1898120685244286,0,2,0.29044643219241445,0.573024551848981
2976,0.343984442274811,2,1,2.326565845349321,1.3124342926324737
8680,-0.6384699690313904,3,2,-1.792113988541949,0.660852959443472
1843,-0.7023361769371246,0,0,0.4010312137343883,-0.4114687512749724
1734,-0.9075908046998136,2,1,1.0788116114420403,1.0659113814596937
2911,0.691670101307363,0,0,0.43349618698152326,2.461847908667959
8338,0.8263962164917338,0,1,0.19048292456435195,-0.6556867901745388
1986,0.2589778986464692,2,0,0.9746419663002227,-1.0407330765159843
6546,0.7527780508481803,3,0,-2.5050205020655274,1.549221422239297
7098,-0.1805244936920078,3,0,-1.47851716894183,-2.006465614950027
2811,-0.7821224767983386,3,1,-1.2982926798220031,0.6383194466669394
659,0.7995168126435563,1,2,-0.43590310246477987,2.668484522751497
2511,-0.3743783316467235,2,1,0.842603008349343,-1.7094213765625446
4282,-0.7036489069596827,2,2,1.8320945575991774,2.1166404989566936
8800,-0.1170371940028824,3,1,-0.820381448685294,1.2654055605676853
6287,0.5406561656965361,2,0,1.6663036046693815,2.0355973066068174
1930,0.1063341085021578,3,0,-2.1862629987899043,-0.34500622223535976
7125,0.991930060931272,3,0,-2.9230002184868185,2.303738620012451
197,0.4902791248766465,0,1,0.5157768929271465,1.9238972332725666
7777,-0.9097192435719704,3,1,-1.3287338437743605,-0.6349047807419329
2931,-0.838949137317127,1,1,-0.6234651659808419,-2.157479814801917
8004,0.0155061358563455,2,0,1.8423207266264034,0.1926627558246005
2327,-0.7153413795107848,1,2,-0.5330709675485187,-2.2408340460545095
4389,-0.5611733884153536,2,2,0.8597748404224479,-0.9252996030528297
4218,0.7606243934996342,0,2,0.41587481835968,1.704547809776192
202,0.4483465910888844,2,0,1.6130835143324158,1.048327064471304
3510,0.4345225484340955,2,0,1.1673629559118606,-1.1137927028237813
4931,0.936743419640514,3,0,-3.588099444147356,-0.5348706953852211
5535,-0.0789493155497831,2,1,4.166733392060076,1.1909403992825445
5791,-0.868458415439693,3,0,-3.903077086887397,-3.4106649194347143
1707,0.2448929191458826,2,1,2.9938426432708045,0.9041794286826551
5172,0.5496956423732551,1,0,-0.8477925913626466,-0.776131052820765
5249,0.7673774756494283,0,0,0.9483127155584654,1.6337227452666696
6528,0.1281714673869278,0,1,0.008878458785285342,-0.647410310370632
8862,0.2216739795860673,1,0,-0.6722786607662511,1.1348132964636515
5855,0.7401247039036258,3,2,-3.1621463569473445,0.8480701862014044
8164,0.7642755593830957,3,0,-2.8520010781375866,-0.31815183348731274
854,0.8855623530606953,2,0,2.2287434465914018,1.7499169833682409
4737,0.2209749466459185,0,2,0.15159580197618458,-2.4939659970177503
698,-0.6592241025961674,2,1,1.5939745318730236,1.31398159347028
3696,0.0627912860933359,3,1,-0.9513125325067997,-0.36446859086523903
1636,-0.6618565221724428,3,0,-1.5120009353233406,-0.8429514742125722
7280,-0.3855378269621368,3,2,-1.4422896533466765,-1.690533100494947
7554,-0.4567252345975972,2,2,1.2838480647233192,-2.0981967961947934
3581,0.2821834100545151,2,2,2.158316340820073,-1.5894230486696184
1291,0.4162316892801898,2,1,3.9316232892590914,-0.27296986418794084
6585,0.8349503144750035,0,1,0.26961158186877027,-0.874881330652102
1853,-0.883685990156021,2,2,1.507136439256963,1.4262767544575377
5232,-0.3781947394729101,3,0,-1.7998965636431068,-1.5646531678686877
3763,-0.7902686823658733,2,1,1.447631992180062,-2.0872513760695885
3304,0.3591231553709917,2,0,1.681631763465271,-1.9010115100222562
1495,0.1017857208096151,2,0,3.177071924199571,-1.631839097372099
7994,0.4992176316731331,3,2,-1.0217118518546517,-1.5969765083748868
1998,-0.8527014750765789,1,1,-0.12879095432015247,-0.3387928129789978
663,0.819604010321225,3,0,-0.8264007543583423,0.9419275814131961
3748,0.7762500808920372,2,0,2.1579918732315315,-2.483241117834275
4413,0.4253905452273285,3,1,-3.7847292508839403,0.2482968869167713
5530,-0.4785460901851428,2,0,1.499555725587138,0.5878902773845341
5575,0.5337166304407959,3,1,-3.205913246671532,-1.351590370523681
7526,-0.5941436802649522,2,1,1.541839376838656,-0.7682157748091223
5864,-0.4298446642602687,3,1,-0.7825206648454185,2.340941875666143
6776,0.966510212759998,2,1,1.5177376533676765,1.1031801560594472
1306,-0.3350058233437498,0,1,0.3282957197735441,1.1410915468375744
7392,0.3908803373184204,3,2,-2.0412429179626264,-0.9446643548840594
5592,0.8557382235974385,3,1,-1.1448203921636462,1.8993892762176845
1663,-0.834510474591871,3,1,-1.232414763141883,-1.4088558091701824
5450,-0.7696966494105979,1,1,-0.8641160491975416,-1.4191653762387915
3627,-0.8877069558897153,2,0,1.5285107431868226,-1.665316587631913
2693,-0.5739779618419316,1,2,-0.21339799330314554,-0.5540319207671182
5915,-0.5592271219681992,3,1,-1.6185640236468621,3.2864054618108853
3157,0.3065447692141112,0,2,0.42142485947473507,-0.7247264492553946
6668,-0.8210559459010252,0,0,0.665569713257123,-0.4715608656995593
1059,-0.2741123327271311,1,1,-0.9021807379774287,-0.0032322148975584644
4636,0.2198638484240693,2,1,0.8876417588365861,2.7685441791044805
3242,0.4011925116075865,3,2,-2.712755164491613,1.115879347007118
1678,-0.4372170447275403,2,0,1.5235184991013586,0.8275224660794421
6892,-0.7273471270012417,3,0,-2.003405047301958,-2.7864595364556304
6374,-0.6463824835349574,1,2,-0.37589602890072726,0.3726217989721205
7574,-0.4487608765838164,3,0,-1.273353616618343,1.0905414280921553
1757,-0.6768067405783449,2,0,1.4395253923126123,-0.6613004674616453
6019,-0.7630267329041245,2,0,1.7524524335890828,-3.2810290956064456
5116,-0.6534759481177623,2,1,2.82492571400538,2.0929316875537736
8755,-0.9007653974938346,2,1,2.091003504931882,-1.9165031371581656
7408,-0.0055300535761531,3,0,-3.066109638529066,-3.8666618705127545
2790,0.2220930634857114,2,1,0.8097076741786173,-0.6156862706691243
863,0.4988609985508707,2,2,2.732601339323194,2.8274202687799552
7858,0.5181492154891296,3,2,-4.698178263016111,1.4809691252516757
1484,-0.6853150588781187,0,1,0.21881537357893088,2.589209815787721
7035,-0.6623422353177335,2,0,2.3044237330992337,-1.9202990457870543
7721,-0.1684766162550057,2,0,2.1057686360092114,0.5373443493062205
5977,-0.6189725541982998,2,0,0.837929276641691,1.2934282567798385
5134,-0.7378790025853281,3,2,-2.404124969577268,0.8675245503637307
206,-0.9067684703086504,2,1,0.938523048948988,-0.2222784014871647
4488,-0.5578943830753886,2,2,1.397716529975908,0.04882008298379285
6938,0.1506934448101564,1,1,-0.9660091772805106,-0.5194330669505848
6910,-0.3913085839325845,3,0,-3.516850060917138,2.151401726116963
502,0.606615994525755,3,0,-2.142155934273183,-1.9239240729835798
7385,0.5074445834504455,0,1,0.3465367114912491,-1.2317209537178708
1028,0.0815757477266649,2,0,0.7765204442735282,2.143353305416238
3840,0.6291019215396652,3,2,-1.0595138541720632,-0.2152802820994173
8110,0.1423149042747702,3,0,-1.5442239788589602,1.0088935415339502
5056,0.4257136648180635,2,1,1.2629406084405217,-0.10375774909064901
8154,0.9657766612792222,2,1,1.3936731334811918,-2.5772157899092245
2731,0.1562757691987875,2,0,2.9192348408053235,0.10965937633770002
2454,-0.9611999409567952,2,0,1.3777685333286018,-0.91150465950812
7215,0.1766443407997813,2,1,0.9221405328185022,-0.1432721778604437
3104,0.4866353891665544,3,0,-1.2657564713312215,0.41779325351550994
8392,-0.6223506589595036,2,1,2.5962761428934362,0.2763467681339405
6278,-0.0719193246510443,3,0,-1.7507614927243904,1.5708457679451768
3099,0.2246372453346727,2,0,0.780552068769297,-4.554741137106139
6184,0.6261366050539765,1,1,-0.17695085358701507,-1.5081382629034745
3561,0.9420984047273766,3,1,-1.4852438603681095,2.9212766179944984
5892,0.4705184262271789,3,2,-2.4178300626663156,-0.34946306954502865
391,-0.5656606860107725,0,2,0.8813213000978328,1.7788993962990292
6736,-0.7292042971844479,2,2,1.4111145834262762,-3.3949056385730274
5618,-0.6470866540830904,0,1,0.8525811497869643,-2.145482089581508
5258,0.0922194292578095,3,1,-2.5594604995804833,0.19601156005480638
2695,0.8472884625480903,2,0,2.3689511257694527,3.4703773578861283
2027,0.7385934749988103,2,1,1.9003362910128567,0.5119857977825011
5463,0.9178825210940336,3,2,-1.2691672482951608,-1.7591766075428135
2568,-0.5355781795145189,2,0,1.4951711922621893,0.25896298583715915
8006,0.684053120350459,0,0,0.30298883902252305,1.2559089070928107
64,-0.5591201053180517,2,2,1.127585428554187,-1.5510803465993774
2062,-0.3927220343817437,0,2,0.5410290795295459,0.21194135779266268
5276,-0.0878577398561775,3,0,-2.2888895507445612,-1.3920622422666222
7208,0.0069831514186968,3,1,-1.8724049720336797,-0.2217106631008949
8684,0.2475463056311784,2,1,1.798226668348243,-0.5451396382908261
8571,0.7695494939122687,0,2,0.5249369776273257,3.3822894487830553
6331,-0.99116138220214,3,2,-2.451898837189213,1.1022411057590527
4859,0.1131737774612835,1,1,-0.3432462352344122,2.4822387919504094
4887,0.2831915556445976,2,0,2.5461640687321228,0.7590296155534267
878,0.393994641758205,1,0,-0.06110809781720708,1.37944057527027
8529,-0.9131086475059312,1,1,-0.6268141616160046,-0.34343123845902773
7916,-0.4560924799631305,1,1,-0.4613032068509406,-2.0293162665579083
6863,0.6272414324306377,0,0,0.046005621494312726,-0.9611715915303106
7892,0.8163863058556138,3,0,-1.6858753499198509,0.5137212040793818
6439,0.0051742034890009,2,0,0.9195358860349604,-2.434477420180807
7869,0.1608284364331946,2,1,1.1299408690416193,-2.287093225512951
1016,-0.8338650859780286,3,1,-1.334125066294611,0.7060706998698937
7629,-0.8800379661608093,0,1,0.799081705737468,0.37004301637658665
995,-0.5927526724871359,1,0,-0.2107096900765064,-0.11912641190582446
4297,-0.6855465925701605,0,0,0.26481219457167643,0.8435925082751506
161,0.6305757541228183,2,1,1.245006058672002,-0.2393086915139108
5675,0.9825275714028732,0,1,-0.0051442046203659525,1.7848924299174502
6873,-0.0601839411959692,1,0,-0.6984096746910867,0.09116399328818843
7989,-0.7128914476979049,2,1,0.7394264443803846,0.6920718264174414
3843,-0.1733135111952326,3,0,-1.615178617206234,1.1901603677971686
1021,0.317303711713055,3,1,-0.7327633727848111,1.0892439414744628
3073,-0.5043823802233678,2,2,2.4917179489027177,1.7450285844192808
7555,0.1495066068290262,0,0,0.4769379877164646,-0.3725768652513834
3943,0.6849719979648654,3,2,-3.6906464685973805,1.3302202164866015
1585,0.8668388202785586,2,1,0.9013639489933076,-0.2001596036694986
3152,0.6063670166928816,3,0,-4.7356991836438835,0.7192820169612902
8226,0.5787539031509596,1,2,-0.8071911983696483,-1.1760182119964204
775,0.9790546824257812,3,1,-2.4767091131015877,0.04274071644301095
7099,0.5043422090671836,3,1,-2.1230992517751597,-1.1211231474088335
5486,-0.6458924686397174,0,0,0.13214810709621913,-1.8618338309035252
6235,0.2050932793604754,2,1,1.5197608540601613,1.2611930303637815
7041,0.1417508652697918,1,0,-0.4269882738341765,3.078990286837856
2612,-0.9607517924770574,1,2,-0.3122161432440879,1.8012188358761776
7513,-0.6219146961480044,1,0,-0.6769641940690371,-0.8960827126943269
8433,-0.1994178391380778,2,2,1.2520011919293443,3.0974142978960373
8792,-0.589800196731852,0,2,-0.23809892862375515,1.2108288520472696
5393,-0.2715888864256575,0,2,0.14984217782148665,0.3634279523231299
8838,-0.8811469528901279,2,1,2.366377927683894,-2.3537118523899245
3890,0.3355755037122927,2,0,1.4401344087930983,0.30376048026587954
3556,-0.6770905206994948,2,0,1.0635408690455082,1.630582896875235
1528,-0.8499432849168629,1,1,-0.6890686949114693,0.43094513588534494
1267,-0.1789092796003153,3,1,-1.4142786958909577,0.8562444328943336
7734,-0.9532713963335072,0,2,0.16409400584173942,-1.8787991487170057
1899,-0.8047321563327847,1,0,-0.5241910265922077,1.324227998784739
4658,0.0361334300671545,0,1,0.46583228549214084,1.2550195543778506
3005,-0.4879415763251273,3,1,-2.1116880440301586,0.10208982842527736
2734,-0.1569908123078685,2,1,3.2130913637054705,0.9289646080322287
189,-0.9808980090674496,3,0,-2.1578658974010905,-0.8826881409433914
2747,-0.7458988715946839,3,0,-2.091733720381796,-0.13056776911598852
2047,-0.4268815642765959,1,2,0.0002869618679846517,-0.7850400236637531
7849,-0.9740009486025188,1,0,-0.5314836132188803,3.0059734287006017
2558,-0.7155625577009437,0,2,0.4320089914362616,-0.49589446221348377
8666,0.5599951376414662,3,1,-1.537790343115328,-0.23765684660508532
6396,-0.4098983911783371,0,2,0.16410807360743107,-1.211665875130862
3385,-0.0801025026822295,3,1,-0.8521100321573883,-0.29106239124886985
4555,-0.0357927333470748,1,1,-0.5256309439352604,-0.8503025068227471
1184,0.4299157120842378,3,1,-1.4086565733477436,0.9165622946787474
6420,-0.3781519440282628,3,0,-1.8666376520451107,-0.286411774330631
5051,-0.6449044619197533,0,1,0.586050414762968,2.8419439987995996
5311,-0.2029478710177894,2,2,2.089760384407061,1.4301696435657645
2433,-0.8750776232953827,1,0,-0.1283148659190271,-0.7466263628527745
6949,0.7125315440736113,2,2,1.40923470250282,0.12974451098347023
769,0.6725904560730147,2,0,2.801076644053643,1.6170880465277822
1685,-0.9496173714561772,2,0,1.8111994237511078,-0.9993259832836884
8322,0.4361720393979944,2,0,2.8408009044497406,-0.23858070904707782
5578,0.3341190926434556,3,1,-1.9734419349467995,-0.34842557629587323
4426,-0.3914456344407591,0,1,0.4577270412953367,-0.7817987716345
466,0.2578423702922972,2,0,1.2173542473922447,-0.09642028968705736
6265,0.3375294073811457,0,1,0.4872117327950618,-2.139488988545665
5734,-0.5955279632954409,3,0,-1.0681188767194258,1.8763991268336244
5191,0.6870447422879287,1,2,0.07384791349288057,2.6901559944150257
5390,0.066840981806681,3,1,-1.3243007955897017,-0.4942686154753551
860,-0.3312971176908528,0,1,0.2805219328866118,1.8902405256527903
7270,0.1996919342749428,3,1,-2.768359124294353,-1.4621091026742354
